customer_id,customer_name,email,phone,address,area,pincode,registration_date,customer_segment,total_orders,avg_order_value
87256913,Abhiram Kannan,wagate@example.org,9.19E+11,"H.No. 39
Master Marg
Silchar-029236",Bhiwandi,398030,01-10-2024,Regular,10,990.58
38048329,Harrison Loyal,niharika09@example.com,9.14E+11,"41/188, Bobal Ganj, Shimla-284469",Pali,987355,01-10-2024,New,1,904.76
24043135,Edhitha Bassi,chavvijohal@example.com,9.19E+11,"39/739
Nanda Zila
Secunderabad-753649",Bijapur,339705,01-10-2024,Inactive,15,1681.39
58631874,Yauvani Bhat,emagar@example.org,9.11E+11,"25/246
Dutt Chowk, Bhatpara 304248",Avadi,281610,01-10-2024,New,11,862.23
16424635,Fitan Kade,schoudhary@example.net,9.18E+11,"027, Kala Path, Kollam-055443",Mirzapur,607949,01-10-2024,Premium,13,1135.26
60275891,Anmol Chandra,aaravgala@example.com,9.19E+11,"H.No. 35
Khalsa Zila
Nagaon 998677",Amaravati,419201,01-10-2024,Regular,16,1361.94
22321208,Pratyush Bedi,praneel86@example.net,9.13E+11,"74/583
Kapoor Nagar
Buxar-561567",Ballia,740752,02-10-2024,Regular,18,558.66
45383958,Aachal Mangat,yasti56@example.org,9.17E+11,"H.No. 37
Venkatesh, Sonipat-528712",Rewa,626591,02-10-2024,New,19,482.19
87107263,Lakshmi Arora,parmarvansha@example.org,9.19E+11,"38/541
Hari Street, Faridabad 486542",Vijayawada,784029,02-10-2024,Inactive,9,1659.56
56572297,Rachita Wali,shivanimody@example.org,9.19E+11,"572, Deshmukh
Pimpri-Chinchwad 016173",Ulhasnagar,25613,02-10-2024,Inactive,10,1601.86
83298567,Vansha Kuruvilla,xalak62@example.com,9.13E+11,"H.No. 68, Gaba Road
Khandwa 040880",Asansol,149383,02-10-2024,Premium,14,763.1
28995786,Vanya Swamy,chamansami@example.org,9.12E+11,"26
Pandey Road, Gandhidham 757066",Bardhaman,985614,02-10-2024,Inactive,20,1706.11
80371626,Yashasvi Divan,oprabhu@example.org,9.20E+11,"56
Tara Road, Amravati 888344",Karimnagar,865438,02-10-2024,New,20,1033.07
12338529,Rishi Nayak,yash47@example.org,9.12E+11,"59/031
Kohli Road, Bhilwara 572342",Bangalore,448389,03-10-2024,New,11,347.1
77320193,Aarush Das,jainjanuja@example.net,9.20E+11,"70/159
Maharaj Zila
Bettiah 050676",Jalgaon,816791,03-10-2024,Premium,4,1568.02
37904682,Krisha Shere,ssarin@example.org,9.14E+11,"209, Hegde Ganj
Bidhannagar 176217",Bhimavaram,730139,03-10-2024,Premium,20,567.65
46989310,Atharv Sharaf,lallwarinder@example.net,9.15E+11,"385, Varghese Street, Moradabad 456513",Hindupur,8262,03-10-2024,Regular,17,577.75
6344345,Shaurya Chhabra,samarjhaveri@example.net,9.15E+11,"074
Saha Street, Erode-682888",Burhanpur,789598,03-10-2024,Premium,19,1110.11
29584848,Lucky Chada,devganesan@example.org,9.11E+11,"H.No. 95
Iyengar Circle
Dhule-728048",Dehri,469757,03-10-2024,Premium,11,1212.04
33394166,Dakshesh Lad,panditkritika@example.com,9.12E+11,"04/08, Comar Street
Hindupur 886323",Surendranagar Dudhrej,78491,03-10-2024,New,10,282.63
22931642,Lajita Ghosh,fmukhopadhyay@example.net,9.20E+11,"H.No. 739
Dash Zila
Anantapur-112542",Ambala,346553,03-10-2024,New,18,649.19
43599910,Oviya Swaminathan,nazarethnaksh@example.com,9.13E+11,"H.No. 638, Sastry Circle, Jodhpur-063579",Sambhal,529673,03-10-2024,Premium,8,939.36
32054313,Jai Char,rajayutika@example.com,9.13E+11,"72
Keer Road, Gandhidham-879715",Raurkela Industrial Township,537597,03-10-2024,Regular,2,340.15
68219091,Tanvi Dixit,deourvi@example.com,9.17E+11,"26
Shah Road, Nadiad 221103",Ongole,443175,04-10-2024,Regular,16,529.87
75560116,Indali Sehgal,qthaker@example.com,9.15E+11,"49/97
Gole Zila, Rampur 083595",Karaikudi,425210,04-10-2024,Regular,3,708.22
6459100,Shivansh Mand,gaurav29@example.com,9.10E+11,"145, Arora Ganj
Karaikudi-304218",Agra,85316,04-10-2024,Premium,19,1193.57
70798876,Amaira Sane,jeetkale@example.net,9.10E+11,"67, Iyer Nagar, Nagercoil 314320",Dhanbad,639571,04-10-2024,New,16,1154.75
57956497,Reva Sahota,frederick08@example.com,9.15E+11,"81, Naik, Dharmavaram-468737",Kurnool,2246,05-10-2024,Inactive,1,460.65
90621147,Vaishnavi Chowdhury,oeshibhatnagar@example.org,9.17E+11,"18/61, Shere Ganj
Amaravati-935529",Jhansi,334137,05-10-2024,Premium,2,710.2
16640907,Anjali Choudhary,indira18@example.com,9.10E+11,"353, Sahota Zila
Katni 822108",Bhagalpur,632688,05-10-2024,Regular,16,527.03
90856813,Neha Ramaswamy,pkeer@example.org,9.15E+11,"05/72
Karnik, Bharatpur-728872",Dhanbad,498623,05-10-2024,Regular,13,1624.06
50080663,Adweta Bumb,tandonbina@example.net,9.19E+11,"H.No. 66, Apte Circle
Thanjavur 408860",Morbi,585542,06-10-2024,Inactive,10,543.84
12698783,Jyoti Lata,gaurangi28@example.org,9.14E+11,"H.No. 27
Barman Path, Suryapet-753989",Karnal,590916,06-10-2024,Inactive,8,1040.64
36675827,Xiti Chowdhury,naksh47@example.com,9.20E+11,"47/62, Dhar, Jaipur-105116",Patiala,230470,07-10-2024,Inactive,15,1143.03
97507853,Udyati Rana,zaid68@example.com,9.10E+11,"H.No. 866, Dua Marg
Begusarai-138399",Chapra,910042,07-10-2024,Regular,15,1654.66
72760434,Andrew Sibal,abajaj@example.net,9.16E+11,"022, Rana Ganj, Barasat 146414",Kozhikode,330665,07-10-2024,Premium,10,1843.51
6617417,Pavani Talwar,elijah70@example.net,9.14E+11,"H.No. 940
Seshadri Nagar
Rajahmundry 066841",New Delhi,279112,08-10-2024,Inactive,20,1785.99
55278329,Nathaniel Mand,hmerchant@example.net,9.11E+11,"09, Dixit Road, Bulandshahr-868361",Bhubaneswar,906383,08-10-2024,Inactive,19,1814.67
74195536,Champak Chhabra,ishanviratti@example.org,9.17E+11,"21/29
Yohannan, Ambarnath-175439",Amaravati,861407,09-10-2024,Premium,5,650.62
87160527,Gautam Ravel,pandyazaitra@example.org,9.11E+11,"729, Acharya
Unnao 554182",Bulandshahr,720320,09-10-2024,New,6,1966.02
69219122,Varsha Varughese,inayaswaminathan@example.com,9.17E+11,"H.No. 39, Bora Street
Bellary-036992",Pimpri-Chinchwad,579100,09-10-2024,Premium,17,1177.34
91562028,Ayaan Kashyap,sachdevishwar@example.org,9.18E+11,"H.No. 88, Varghese Ganj, Bhilai-068738",Noida,248694,09-10-2024,Regular,9,1141.68
34567918,Meghana Ranganathan,laban62@example.net,9.20E+11,"33, Gupta Marg
Jalna-802641",Latur,550475,09-10-2024,Inactive,13,271.49
68965787,Ekavir Agate,yahvikumar@example.org,9.12E+11,"H.No. 626, Bhat Chowk
Bhimavaram 375258",Dhule,571328,09-10-2024,Premium,19,1431.95
10700664,Rehaan Tara,ishere@example.org,9.17E+11,"09/35, Kar
Jabalpur 573121",Raebareli,287997,10-10-2024,Regular,5,1535.01
14974554,Kevin Magar,frado24@example.org,9.20E+11,"80/56, Parikh Circle, Bhiwandi-904481",Baranagar,739444,10-10-2024,New,9,805.9
9246851,Aarush Dixit,psandal@example.com,9.10E+11,"H.No. 942
Rajagopal Path
Dharmavaram-327499",Ujjain,317869,10-10-2024,New,10,1574.34
59427862,Hemani Lall,libnikaur@example.net,9.15E+11,"H.No. 819, Chhabra Street
Tiruchirappalli-727090",Erode,149001,10-10-2024,Premium,1,1713.94
89418072,Azad Wason,ranaforum@example.com,9.13E+11,"62/91, Ramanathan Nagar
Orai 783992",Deoghar,115200,11-10-2024,Regular,18,1748.85
28289030,Sarthak Parmar,cgulati@example.net,9.14E+11,"37
Ganesan Marg
Nangloi Jat-417273",Dehri,383972,11-10-2024,Regular,11,1739.54
45071436,Gaurang Ratta,shethbhavini@example.org,9.12E+11,"092, Narain Street, Kolhapur-916800",Tadepalligudem,311644,11-10-2024,Inactive,9,807.66
76212152,Mitali Kapoor,ektabava@example.com,9.12E+11,"20/514
Raju Zila
Mangalore 950685",Agra,685797,11-10-2024,Premium,13,1767.81
65570302,Onveer Parsa,widisha66@example.net,9.19E+11,"89, Bal Path
Kirari Suleman Nagar-340832",Deoghar,918933,11-10-2024,Inactive,19,1322.32
16435594,Aryan Ranganathan,darsh48@example.com,9.18E+11,"89/553
Vig Zila
Kharagpur-011223",Jorhat,848945,11-10-2024,Premium,4,1273
34787383,Ekbal Talwar,jyotisethi@example.com,9.14E+11,"07, Gopal Ganj
Bhimavaram 958877",Anantapur,29302,12-10-2024,Premium,17,292.41
23448955,Pranit Gade,kamdarhemang@example.com,9.15E+11,"87/17, Gola Circle
Narasaraopet-044900",Raebareli,185824,12-10-2024,Premium,13,1201
62721353,Jagdish Bora,warhi76@example.org,9.18E+11,"H.No. 575, Sahni Chowk
Mau-744949",Danapur,694263,12-10-2024,Regular,13,992.9
30042971,Garima Morar,ubikaoak@example.com,9.15E+11,"H.No. 786
Sarin Marg, Sasaram 292673",Rewa,416519,12-10-2024,Regular,8,863.9
67708491,Dalbir Kata,triyaswamy@example.com,9.17E+11,"092, Chowdhury Path, Srinagar-492392",Patiala,872616,12-10-2024,Inactive,10,586.96
69088723,Triveni Nori,yvaidya@example.com,9.13E+11,"14, Andra Chowk
Kolhapur 212015",Hapur,547704,12-10-2024,New,8,1050.74
8955057,Zashil Goyal,brarjatin@example.com,9.18E+11,"H.No. 72, Gandhi Zila, Tirupati 033181",Bhubaneswar,613585,12-10-2024,Regular,3,1549.99
13567338,Wahab Borah,bhattlakshit@example.com,9.12E+11,"H.No. 739, Dewan Marg
Jamshedpur 475311",Hubli–Dharwad,509163,14-10-2024,Premium,10,1054.12
80315623,Varenya Banik,aachalsarma@example.com,9.11E+11,"261
Yohannan Zila, Kalyan-Dombivli 109129",Loni,205436,14-10-2024,New,14,1313.73
57081965,Daksha Mutti,chaman40@example.org,9.17E+11,"168, Bala Circle
Vijayawada 590467",Patna,779376,14-10-2024,Regular,7,897.32
94453274,Widisha Wali,jdixit@example.net,9.20E+11,"H.No. 985, Amble Road, Ajmer 586935",Aurangabad,208007,14-10-2024,Regular,15,917.84
74179536,Hitesh Ray,amairasodhi@example.net,9.14E+11,"H.No. 90
Viswanathan Nagar, Deoghar-802762",Nizamabad,835800,14-10-2024,Inactive,18,517.73
12867472,Ishanvi Tripathi,yohannanubika@example.net,9.13E+11,"95/572
Mohan Ganj
Tirupati-987144",Mehsana,307601,14-10-2024,Premium,3,1053.52
93803038,Adweta Tara,chowdhuryyashasvi@example.org,9.17E+11,"H.No. 047, Salvi Circle, Katihar-502152",Dhule,929834,14-10-2024,Premium,11,1018.05
16410708,Zinal Bahri,karan05@example.com,9.19E+11,"31/42, Master Path
Barasat 615868",Gudivada,629553,14-10-2024,Regular,10,1843.17
37691544,Onkar Devan,bmane@example.com,9.15E+11,"57/859, Desai Chowk, Varanasi-296853",Darbhanga,210271,15-10-2024,Inactive,15,1599.46
96640716,Yatan Varughese,vedachopra@example.net,9.13E+11,"710
Sant Zila, Howrah 712153",Sikar,505940,15-10-2024,New,16,462.66
43066953,Hredhaan Sengupta,upma64@example.net,9.10E+11,"H.No. 53
Dutta Zila
Raiganj-923965",Bikaner,349157,15-10-2024,Regular,4,323.92
4869199,Advik Bajwa,mahikakakar@example.org,9.15E+11,"785, Mital Chowk
Naihati 597518",Siwan,803941,16-10-2024,New,7,1695.8
93370787,Oni Sahota,mallmichael@example.org,9.11E+11,"18, Chokshi Zila
Panvel-924958",Jehanabad,701319,16-10-2024,New,10,1810.06
88571088,Keya Krishnan,raghavannisha@example.net,9.17E+11,"H.No. 765
Saini Path, Bongaigaon 744231",Bulandshahr,578313,16-10-2024,Inactive,10,1000.27
98307019,Omya Magar,dev03@example.org,9.17E+11,"H.No. 326, Parikh Ganj
Sambhal 166207",Bangalore,351499,16-10-2024,New,17,913.21
82286725,Unnati Mishra,sarkarwarhi@example.net,9.17E+11,"910, Seth Ganj
Tirunelveli-419308",Orai,730156,17-10-2024,Premium,18,1322.85
86479284,Harini Kadakia,jacobmadan@example.org,9.17E+11,"H.No. 43, Bhasin Marg, Nellore-336446",Davanagere,315863,17-10-2024,Premium,9,461.87
6812439,Vasana Mand,prakashvrinda@example.net,9.19E+11,"17/04
Balakrishnan Nagar, Raiganj 562478",Bhalswa Jahangir Pur,940482,17-10-2024,Premium,1,938.29
15144290,Omkaar Swamy,ekaraj66@example.org,9.18E+11,"H.No. 375
Mangal Marg
Ludhiana-653677",Nizamabad,789273,17-10-2024,New,19,436.35
92027021,Chatura Natt,jack25@example.com,9.13E+11,"96/145
Natarajan Ganj
Khandwa-209328",Ballia,61391,17-10-2024,Inactive,5,1279.72
4438410,Siya Mittal,kdara@example.net,9.18E+11,"09/37
Gulati Chowk, Kanpur 441894",Panipat,368597,17-10-2024,Inactive,11,1868.71
80269862,Bimala Chad,chameli76@example.net,9.18E+11,"07/848
Sabharwal Marg
Bokaro 247507",Silchar,725705,17-10-2024,Premium,3,1265.19
15830066,Rishi Krishnan,anvimerchant@example.net,9.16E+11,"H.No. 56, Chahal Marg
Hosur 232465",Mira-Bhayandar,652139,18-10-2024,New,19,936.66
18954314,Ladli Nagarajan,krishnadamyanti@example.org,9.16E+11,"82/74
Kaul Street, Chandigarh 578066",Mau,381178,18-10-2024,Inactive,6,1781.37
32003512,Advaith Sarkar,bordemadhav@example.org,9.20E+11,"29/70
Kashyap Circle
Sagar 543324",Sasaram,476326,18-10-2024,Premium,4,1863.05
33034249,Lavanya Hari,aarini44@example.org,9.11E+11,"H.No. 62
Padmanabhan Road
Raebareli 131857",Bhind,684458,19-10-2024,Inactive,5,861.55
65121696,Warinder Gopal,roynimrat@example.org,9.18E+11,"422, Pradhan Road
Vijayanagaram 919198",Mirzapur,329948,19-10-2024,New,7,425.04
96806748,Qabil Nath,kritikaganesh@example.net,9.11E+11,"45/791, Palan Path
Rajkot 384578",Bareilly,752668,19-10-2024,New,14,1482.08
25641500,Harshil Vaidya,michaelthakur@example.org,9.10E+11,"H.No. 76, Kamdar Street
Nizamabad 170922",Sultan Pur Majra,580141,20-10-2024,Premium,18,241.19
41261495,Faris Deol,pdey@example.org,9.11E+11,"70/832
Sarkar Zila
Sonipat-700002",Bhagalpur,78428,20-10-2024,Inactive,5,687.71
75474920,Ojas Wali,khuranafrado@example.org,9.17E+11,"86/139
Wali Marg, Cuttack 645746",Serampore,234962,20-10-2024,Regular,18,569.23
73660582,Timothy Bhalla,simonmurty@example.net,9.12E+11,"H.No. 08, Upadhyay Street, Mathura-083468",Agra,457942,20-10-2024,Premium,18,1045.53
8651281,Jonathan Seshadri,chaudharyonveer@example.com,9.12E+11,"50/38
Parekh Nagar, Secunderabad 882117",Ranchi,173317,20-10-2024,Premium,14,1516.13
68063317,Reva Rajagopal,lavanya06@example.com,9.16E+11,"95, Bahl Zila
Kirari Suleman Nagar-350381",Muzaffarnagar,732932,21-10-2024,Inactive,4,1316.23
88532418,Ansh Bahl,bina13@example.com,9.13E+11,"546
Devi, Bardhaman-527064",Gorakhpur,13574,21-10-2024,New,12,344.66
28221067,Ekansh Tandon,isen@example.org,9.11E+11,"534, Dugar Zila, Muzaffarpur 425279",Agra,119724,21-10-2024,Regular,6,998.95
39876773,Hardik Sethi,atwaldominic@example.org,9.13E+11,"214
Chaudhry
Vasai-Virar 260049",Mirzapur,336281,21-10-2024,Premium,17,879.54
46623192,Warinder Sastry,pallaraksha@example.com,9.14E+11,"H.No. 50, Uppal Marg
Anantapur-558351",Nizamabad,232354,22-10-2024,New,6,1970.59
19275474,Girik Hora,azadchoudhary@example.org,9.18E+11,"78/37
Gera Zila, Alappuzha-096565",Lucknow,916112,22-10-2024,New,14,698.12
14428954,Viraj Tank,otalwar@example.com,9.17E+11,"99, Arora Ganj
Jhansi-873180",Medininagar,607637,22-10-2024,Premium,10,1387.23
35133191,Ojasvi Sha,vrittinanda@example.org,9.14E+11,"09/440, Chandra Ganj
Bhalswa Jahangir Pur 958886",Loni,791176,22-10-2024,Regular,14,406.21
5277675,Vansha Deol,hariaarna@example.net,9.19E+11,"H.No. 03, Natt Circle, Karnal 408909",Ghaziabad,373380,22-10-2024,Premium,9,1312.8
33533919,Anamika Ghosh,lakshit76@example.org,9.14E+11,"H.No. 56, Brahmbhatt Zila
Jhansi-815364",Gulbarga,777861,22-10-2024,New,3,678.24
93507573,Raksha Prashad,ntank@example.com,9.13E+11,"020, Nagi Road, Jaunpur 764276",Purnia,88946,23-10-2024,Premium,2,555.78
17390673,Raghav Wali,forum17@example.net,9.12E+11,"49/45, Doctor Road, Anand-556316",Korba,669102,23-10-2024,Regular,16,1043.26
71411879,Aarav Mukherjee,handaeshana@example.org,9.13E+11,"H.No. 100, Babu Chowk, Bidar 645114",Etawah,363775,23-10-2024,Regular,4,1743.87
84377964,Saumya Babu,palleta@example.com,9.20E+11,"49, Deol Nagar, Khammam 908157",Tezpur,257432,24-10-2024,Inactive,13,1458.37
84382654,Gaurangi Singh,vbumb@example.org,9.18E+11,"429, Goswami Chowk, Bhiwandi-975689",Pali,843683,24-10-2024,Inactive,3,540.83
68307253,Rachita Borra,andrewarora@example.net,9.11E+11,"02
Wable Ganj, Kolkata-072162",Dewas,100051,24-10-2024,Premium,7,1547.07
26250082,Om Bora,hegdenitara@example.net,9.19E+11,"H.No. 24
Sani Ganj
Burhanpur-998507",Arrah,557458,24-10-2024,New,1,796.49
8881320,Tanmayi Sem,jsahota@example.com,9.18E+11,"H.No. 516
Basu Path, Bahraich-594933",Uluberia,108657,24-10-2024,Regular,7,1268.54
61568565,Kashish Lala,pallrajeshri@example.org,9.11E+11,"H.No. 98
Samra Path, Naihati 015024",Yamunanagar,522411,25-10-2024,New,2,1943.51
79628054,Oscar Narula,charkrishna@example.com,9.19E+11,"59/374, Borra Ganj
Navi Mumbai-709758",Pondicherry,820810,25-10-2024,Premium,5,1737.81
28205701,Vedika D’Alia,dhillonthomas@example.com,9.13E+11,"76/920
Reddy Ganj, Motihari-005549",Panvel,289627,25-10-2024,Inactive,10,1286.02
20360447,Timothy Dubey,naksh97@example.net,9.14E+11,"56/253
Deol, Hapur 797670",Akola,329409,25-10-2024,New,2,640.41
1342184,Girish Sem,krao@example.com,9.19E+11,"783
Nigam Circle, Karawal Nagar-701964",Dehradun,774395,25-10-2024,Inactive,20,1893.83
22047134,Ubika Shukla,malhotrajonathan@example.org,9.12E+11,"00
Sahota Circle
Shivpuri 170582",Warangal,40280,26-10-2024,Inactive,20,991.94
41395224,Thomas Sarkar,ywali@example.com,9.11E+11,"58/93
Dey Path, Korba 451295",Jalna,171941,26-10-2024,Regular,13,358.51
47503133,Mitesh Rajan,nilima95@example.com,9.18E+11,"H.No. 900
Bora Street, Tiruppur 590706",Chapra,321850,26-10-2024,Inactive,12,1614.04
89998489,Logan Bhasin,chadaforum@example.org,9.17E+11,"771, Balakrishnan Street, Madhyamgram-423100",Rajkot,332156,26-10-2024,Premium,19,1297.04
53292177,Tanmayi Vyas,eesha65@example.com,9.18E+11,"14/54
Banik
Kirari Suleman Nagar-412785",Panihati,635480,27-10-2024,Inactive,3,1449.4
98667584,Sara Soman,salvigeetika@example.com,9.12E+11,"01/760
Natarajan Path
Parbhani-638480",Jaipur,439446,27-10-2024,Premium,8,1072.65
40256341,Sachi Keer,tanay81@example.org,9.12E+11,"H.No. 38, Mannan Ganj, Aurangabad 039376",Mira-Bhayandar,60405,27-10-2024,Regular,12,913.91
74761384,Banjeet Gara,zpau@example.net,9.11E+11,"202, Setty Nagar
Mangalore-791101",Nadiad,751611,27-10-2024,Premium,12,1550.37
54619715,David Cherian,imaran51@example.com,9.17E+11,"358
Bhakta
Sangli-Miraj & Kupwad 296144",Panchkula,660842,27-10-2024,Inactive,4,739.04
45546750,Mugdha Pandey,panchalharish@example.net,9.16E+11,"26
Verma Zila
Tenali 461865",Madhyamgram,787740,28-10-2024,Premium,13,1808.6
59545278,Yagnesh Randhawa,chahalaarav@example.org,9.19E+11,"H.No. 56, Nigam Ganj
Panipat 241216",Yamunanagar,270678,28-10-2024,New,16,430.08
59830126,Raghav Iyengar,fborde@example.org,9.19E+11,"93
Ganesh Road
Gandhinagar-097993",Howrah,50816,28-10-2024,New,14,1799.47
60834500,Rishi Jain,bathanirudh@example.org,9.20E+11,"80/57, Dara Marg, Bokaro 568451",Khammam,487840,28-10-2024,Inactive,1,1111.47
26285589,Bakhshi De,reyanshbarad@example.net,9.15E+11,"62/286, Rege Chowk, Bhalswa Jahangir Pur-017260",Yamunanagar,962533,29-10-2024,New,15,535.12
63376126,Michael Pall,bsahni@example.org,9.11E+11,"47/807
Doshi Path, Dehri 730907",Kollam,926884,30-10-2024,Inactive,2,1176.22
55552600,Baljiwan Nagar,barkha14@example.net,9.11E+11,"91/534
Solanki Marg, Chinsurah-132968",Gorakhpur,81284,30-10-2024,Regular,14,1412.54
53557741,Robert Shroff,ojas02@example.net,9.13E+11,"740, Banerjee Ganj
Mira-Bhayandar 913260",Hospet,407375,30-10-2024,Inactive,10,1753.39
57213543,Hema Natarajan,chadhanimrat@example.org,9.19E+11,"515
Buch Road
Bilaspur 694542",Gandhinagar,595160,30-10-2024,Regular,14,1323.95
81932548,Baghyawati Gill,vaishnaviagrawal@example.com,9.14E+11,"227
Panchal Ganj, Raiganj 028467",Etawah,439705,31-10-2024,Premium,12,1508.41
15661901,Warda Wagle,umangat@example.com,9.13E+11,"53/830
Date Circle, Indore-996250",Kumbakonam,996843,31-10-2024,Regular,1,764.57
48368085,Patrick Doctor,mmittal@example.com,9.13E+11,"185
Bobal Ganj
Aurangabad 817825",Vijayanagaram,418461,31-10-2024,Premium,5,477.1
36462363,Samaksh Mandal,warjas57@example.com,9.16E+11,"31
Sidhu Marg
Berhampur-389160",Dhanbad,649341,31-10-2024,Inactive,16,747.55
79944855,Anay Natarajan,falanissac@example.org,9.18E+11,"59/952
Mody Road
Pali 876975",Indore,203524,31-10-2024,Regular,6,1440.06
59890331,Raagini Badal,nicholas03@example.com,9.11E+11,"82/260
Chokshi Ganj
Etawah 946629",Chennai,382306,01-11-2024,Premium,16,552.68
78725001,David Thaker,janujaahuja@example.org,9.12E+11,"H.No. 99
Sawhney Path, Satna 073907",Machilipatnam,343097,01-11-2024,Regular,15,1105.15
11063505,Garima Pillay,dakshesh96@example.org,9.16E+11,"H.No. 89
Nori Ganj, Bhiwani-227906",Udaipur,434196,01-11-2024,New,2,1285.79
99643057,Avni Lad,vohratanveer@example.org,9.15E+11,"H.No. 592
Vyas Path, Narasaraopet 538104",Ichalkaranji,931414,01-11-2024,Inactive,4,1677.24
71767248,Shivani Khurana,nazarethraagini@example.net,9.18E+11,"15/73
Bail Path, Hapur 816836",Jalandhar,966465,01-11-2024,New,4,719.47
2558646,Vyanjana Dara,falakkunda@example.net,9.16E+11,"58/325, Pingle Path, Kavali-936272",Bhusawal,516102,01-11-2024,Premium,10,920.89
25128143,Odika Kannan,kondaadya@example.org,9.17E+11,"H.No. 88
Rout Circle
Udupi 443473",Mahbubnagar,251772,02-11-2024,Premium,18,1149.94
59677346,Falak Reddy,gopalmody@example.com,9.15E+11,"78/69
Majumdar Nagar, Tumkur 014721",Bongaigaon,483994,02-11-2024,Inactive,2,502.96
4789829,Balvan Shah,fbala@example.net,9.11E+11,"H.No. 65, Gill Circle, Sambhal-800756",Rourkela,313467,02-11-2024,Regular,6,229.76
33871107,Aarav Rout,vermachaaya@example.com,9.18E+11,"75
Bhandari Chowk
North Dumdum 088637",Thiruvananthapuram,837790,02-11-2024,Inactive,8,513.07
38613642,Ishani Pandya,wahab57@example.net,9.11E+11,"H.No. 59
Apte Chowk, Tiruvottiyur-913801",Erode,325134,03-11-2024,Regular,16,1380.08
95768401,Jyoti Pau,varughesedayamai@example.org,9.12E+11,"14/790, Ramesh Nagar
Amravati 506114",Kadapa,760525,03-11-2024,Inactive,8,590.36
98144693,Varenya Ahluwalia,imohan@example.com,9.13E+11,"41/464
Bajwa Zila
Katihar-157022",Kota,839641,04-11-2024,Premium,10,701.68
77673290,Aditya Ram,sanya50@example.com,9.15E+11,"H.No. 985, Contractor Chowk
Sangli-Miraj & Kupwad-857082",Sagar,627474,04-11-2024,Premium,7,1881.39
89986926,Manya Barad,vihaandey@example.net,9.14E+11,"H.No. 15
Kalita Marg, Bijapur-881606",Kota,455704,04-11-2024,New,18,1235.14
13265605,Yatin Krishnamurthy,chadaliam@example.net,9.14E+11,"47/114
Borra Chowk, Ujjain 957580",Kollam,737341,04-11-2024,Premium,3,1086.89
85088479,Tanvi Magar,sanayanagar@example.org,9.15E+11,"H.No. 998
Halder Marg, Sultan Pur Majra-008125",Rajkot,779561,04-11-2024,Inactive,17,1636.63
