campaign_id,campaign_name,date,target_audience,channel,impressions,clicks,conversions,spend,revenue_generated,roas
651862,New User Discount,01-10-2024,Premium,Social Media,2586,958,85,4044.28,3524.77,2.05
590741,Weekend Special,01-10-2024,All,SMS,5644,504,19,3825.87,5259.59,3.24
106256,Festival Offer,01-10-2024,All,Email,1091,717,26,2443.05,7152.13,1.59
981856,Flash Sale,01-10-2024,Premium,Social Media,4923,509,99,3284.33,6276.1,2.23
379072,Membership Drive,01-10-2024,All,Email,7032,876,21,2002.69,4907.77,2.9
758578,Category Promotion,01-10-2024,Premium,Email,5986,993,71,1932.62,4548.25,3.6
96258,App Push Notification,01-10-2024,New Users,Social Media,5379,565,17,3056,3520.12,1.65
237321,Email Campaign,01-10-2024,All,SMS,8296,989,72,2633.2,4670.64,3.17
120536,Referral Program,01-10-2024,Inactive,Email,8654,642,96,2129.02,5956.14,3.27
304134,New User Discount,02-10-2024,New Users,SMS,4440,339,26,1426.39,2072.15,3.61
884872,Weekend Special,02-10-2024,New Users,Email,5164,978,89,1058.86,4846.78,3.24
408124,Festival Offer,02-10-2024,All,Email,8702,580,58,3045.76,3814.41,1.88
447012,Flash Sale,02-10-2024,Inactive,SMS,1064,821,98,1401.41,8632.02,2.04
168686,Membership Drive,02-10-2024,Premium,Email,2133,969,98,3282.05,9841.84,3.24
661265,Category Promotion,02-10-2024,All,Social Media,2330,520,63,2342.55,5905.11,1.64
110650,App Push Notification,02-10-2024,Inactive,Social Media,3801,619,18,2145.8,7258,3.22
438577,Email Campaign,02-10-2024,Premium,App,8940,135,68,4831.21,3563.69,1.6
525904,Referral Program,02-10-2024,All,Social Media,9387,352,67,1874.97,7563.84,2.55
629614,New User Discount,03-10-2024,Premium,Social Media,5380,763,43,3899.44,8589.47,2.19
589617,Weekend Special,03-10-2024,All,SMS,8710,694,90,3191.69,2457.71,2.32
845251,Festival Offer,03-10-2024,Premium,SMS,3296,228,18,2676.04,4240.85,1.86
214319,Flash Sale,03-10-2024,Inactive,App,5160,547,55,4418.48,9870.04,1.6
980989,Membership Drive,03-10-2024,New Users,App,9200,521,19,3255.93,3768.57,2.68
175779,Category Promotion,03-10-2024,Premium,Social Media,3255,612,10,2766.51,9581.99,3.26
161133,App Push Notification,03-10-2024,New Users,Email,6874,869,16,1642.59,3025.99,2.88
282457,Email Campaign,03-10-2024,Inactive,SMS,3373,371,17,2077.07,3507.33,3.57
310121,Referral Program,03-10-2024,All,Email,4041,178,21,3636.84,9487.96,2.4
454301,New User Discount,04-10-2024,New Users,Email,5611,206,73,4129.01,7558.84,2.59
609827,Weekend Special,04-10-2024,Premium,App,2256,396,85,4797.55,4184.93,2.45
183687,Festival Offer,04-10-2024,New Users,Email,6759,534,22,2307.54,8842.15,3.35
410483,Flash Sale,04-10-2024,New Users,SMS,4886,469,46,2746.41,5753.43,2.6
32579,Membership Drive,04-10-2024,Premium,Email,3616,848,27,1841.76,3599.71,2.61
592974,Category Promotion,04-10-2024,New Users,App,4701,260,75,4980.88,3506.19,1.92
419190,App Push Notification,04-10-2024,New Users,App,9171,307,32,3036.79,8952.45,1.8
366900,Email Campaign,04-10-2024,Premium,App,2462,122,88,2835.74,9933.1,2.44
831297,Referral Program,04-10-2024,New Users,Email,2449,354,33,1225.24,7402.01,1.75
121986,New User Discount,05-10-2024,New Users,App,5915,556,60,4173.92,6644.74,1.94
591904,Weekend Special,05-10-2024,New Users,Social Media,5590,976,70,1106.09,3476.56,2.83
75541,Festival Offer,05-10-2024,Inactive,Social Media,3427,380,34,1833.76,9020.25,1.91
185728,Flash Sale,05-10-2024,Inactive,SMS,2108,412,45,4877.23,2501.9,3.27
801086,Membership Drive,05-10-2024,All,Social Media,1475,859,84,2772.31,2590.49,3.23
608227,Category Promotion,05-10-2024,New Users,App,6540,801,95,1269.01,6385.74,3.17
615865,App Push Notification,05-10-2024,All,Social Media,6166,558,88,3932.73,7898.49,3.1
723498,Email Campaign,05-10-2024,Inactive,App,6801,104,32,2500.47,8843.86,2.5
702150,Referral Program,05-10-2024,New Users,SMS,9703,566,61,4213.46,3232.52,1.63
719962,New User Discount,06-10-2024,Inactive,App,2358,397,41,1189.46,7674.93,2.91
880415,Weekend Special,06-10-2024,Inactive,App,9977,636,41,3025.67,7559.58,2.85
820323,Festival Offer,06-10-2024,All,SMS,2274,820,23,1102.91,7440.51,2.8
178021,Flash Sale,06-10-2024,Inactive,Email,4171,561,65,4676.32,2214.84,3.12
983547,Membership Drive,06-10-2024,All,SMS,7939,264,14,1753.8,2660.08,3.48
971866,Category Promotion,06-10-2024,New Users,SMS,8760,191,78,4339.28,5537.59,2.24
452929,App Push Notification,06-10-2024,All,Email,3100,710,37,4313.18,7681.84,2.9
772590,Email Campaign,06-10-2024,All,App,7054,838,11,2847.69,4782.03,3.87
175213,Referral Program,06-10-2024,New Users,Email,6788,454,19,4454.21,8202.7,3.54
645197,New User Discount,07-10-2024,All,Email,8029,981,47,4087.75,4305.53,3.19
757353,Weekend Special,07-10-2024,All,Social Media,7518,977,99,2771.88,4162.21,2.35
61497,Festival Offer,07-10-2024,All,SMS,4984,871,38,2497.43,8615.47,3.1
79554,Flash Sale,07-10-2024,Premium,App,4202,102,17,2513.73,6299.72,2.53
868464,Membership Drive,07-10-2024,New Users,Email,6939,424,55,3927.86,9281.61,2.76
476429,Category Promotion,07-10-2024,Premium,SMS,2581,723,33,3518.26,8412.23,2.72
878025,App Push Notification,07-10-2024,All,Email,1081,889,55,1227.18,6710.8,2.55
350110,Email Campaign,07-10-2024,Inactive,SMS,7933,711,24,3857.05,3523.62,2.12
660754,Referral Program,07-10-2024,Premium,Email,5780,741,85,2377.05,4349.01,2.79
920182,New User Discount,08-10-2024,Premium,App,8521,263,97,4575.74,8327.76,1.53
410349,Weekend Special,08-10-2024,New Users,SMS,4497,774,78,3269.78,7706.28,3.38
480767,Festival Offer,08-10-2024,Premium,SMS,8249,570,76,2213.81,5793.07,2.44
704550,Flash Sale,08-10-2024,Inactive,SMS,7088,438,58,2353.7,2416.62,3.01
678289,Membership Drive,08-10-2024,Premium,App,4046,211,27,1630.04,9065.16,1.93
227876,Category Promotion,08-10-2024,Premium,Social Media,9786,216,86,2972.28,2731.11,2.4
981243,App Push Notification,08-10-2024,Premium,Email,2812,433,31,4413.07,8772.01,2.52
703756,Email Campaign,08-10-2024,Inactive,SMS,5291,476,10,4082.16,4658.52,3.54
196871,Referral Program,08-10-2024,New Users,Email,5613,857,56,1034.9,8995.1,3.66
991219,New User Discount,09-10-2024,Inactive,App,4131,725,70,1980.81,5404.34,2.18
360358,Weekend Special,09-10-2024,Inactive,Social Media,4112,540,56,1487.4,6296.6,2.01
921285,Festival Offer,09-10-2024,Premium,SMS,3891,190,12,1427.62,2167.81,2.22
247209,Flash Sale,09-10-2024,Premium,App,3815,351,46,2246.88,5378.34,3.83
700286,Membership Drive,09-10-2024,Inactive,Social Media,8314,462,31,4745.57,8331.49,2.53
681783,Category Promotion,09-10-2024,All,App,6641,997,13,4227.26,4278.97,3.82
99247,App Push Notification,09-10-2024,New Users,App,4091,270,72,1486.72,7910.02,2.01
506051,Email Campaign,09-10-2024,All,App,5857,564,84,3662.32,5293.72,2.91
984675,Referral Program,09-10-2024,Premium,Email,6260,630,28,2575.54,9232.77,2.43
504773,New User Discount,10-10-2024,Premium,Social Media,1828,360,66,1481.29,9900.22,2.46
581434,Weekend Special,10-10-2024,All,Social Media,4318,859,77,2539.79,3356.92,3.04
208884,Festival Offer,10-10-2024,Premium,SMS,8503,257,85,2417.7,7564.77,3.65
44861,Flash Sale,10-10-2024,All,SMS,1281,519,64,3766.62,6098.23,3.95
267822,Membership Drive,10-10-2024,New Users,Social Media,2427,594,67,4812.47,9136.15,3.65
880055,Category Promotion,10-10-2024,Premium,App,3864,422,77,4521.91,9190.04,2.27
117014,App Push Notification,10-10-2024,Inactive,SMS,7568,537,80,4097.25,6494.2,2.81
560243,Email Campaign,10-10-2024,All,Social Media,3191,920,54,4674.18,7121.35,2.37
270705,Referral Program,10-10-2024,Premium,Social Media,3092,718,72,3281.4,7717.16,1.85
14008,New User Discount,11-10-2024,Premium,Social Media,7827,694,82,4438.83,7975.61,3.6
348891,Weekend Special,11-10-2024,New Users,Social Media,9723,160,100,3776.75,5915.34,2.59
153487,Festival Offer,11-10-2024,All,Social Media,2923,886,19,4736.19,7987.64,2.61
40613,Flash Sale,11-10-2024,All,App,2551,550,64,4034.21,6741.3,2.4
98141,Membership Drive,11-10-2024,Inactive,Email,3858,293,65,2823.22,3763.71,2.45
640280,Category Promotion,11-10-2024,New Users,Social Media,4483,987,78,4604.45,8741.95,2.39
672292,App Push Notification,11-10-2024,Premium,SMS,4928,397,18,4151.88,6046.24,1.59
570197,Email Campaign,11-10-2024,Premium,App,1141,741,30,4295.89,6285.19,2.35
646308,Referral Program,11-10-2024,Inactive,SMS,6498,716,87,4191.4,3265.99,2.08
618967,New User Discount,12-10-2024,New Users,App,1582,975,96,1487.46,7566.78,3.96
284634,Weekend Special,12-10-2024,New Users,App,3803,465,55,1690.55,5220.23,2
139196,Festival Offer,12-10-2024,All,Email,8047,726,47,2066.11,7037.37,3.56
487782,Flash Sale,12-10-2024,New Users,Email,1732,919,93,3754.68,4181.59,2.94
33956,Membership Drive,12-10-2024,Inactive,Social Media,9818,161,75,3600.34,7589.85,2.57
907406,Category Promotion,12-10-2024,All,Social Media,6043,814,75,4668.71,4446.99,1.97
313154,App Push Notification,12-10-2024,New Users,Social Media,6666,106,85,4173.34,3090.57,1.84
719685,Email Campaign,12-10-2024,All,SMS,1248,502,17,2981.17,5981.93,3.99
584304,Referral Program,12-10-2024,New Users,Email,7619,727,53,3264.04,7285.68,3.51
142389,New User Discount,13-10-2024,All,SMS,3365,963,12,3397.73,7077.5,2.86
289397,Weekend Special,13-10-2024,All,App,8092,974,18,1253.01,4088.11,3.03
171934,Festival Offer,13-10-2024,Premium,SMS,8092,327,52,2546.42,3189.71,2.96
690497,Flash Sale,13-10-2024,All,Email,9841,105,95,4278.17,7796.05,3.51
432807,Membership Drive,13-10-2024,New Users,App,7336,160,53,2485.13,3512.87,1.97
167425,Category Promotion,13-10-2024,New Users,App,7572,763,87,2233.11,6294.83,2.14
808905,App Push Notification,13-10-2024,New Users,App,6174,472,59,2242.83,6950.51,3.39
71699,Email Campaign,13-10-2024,Premium,SMS,3743,573,68,3512.16,7812,3.02
652119,Referral Program,13-10-2024,New Users,App,8629,951,23,4036.51,9053.65,2.71
786085,New User Discount,14-10-2024,New Users,Social Media,9878,792,84,1995.07,5772.9,2.48
874058,Weekend Special,14-10-2024,Inactive,App,4890,929,100,3933.1,7013.19,3.75
336128,Festival Offer,14-10-2024,Premium,Email,5261,475,32,1902.86,8899.39,1.82
957007,Flash Sale,14-10-2024,Premium,Email,7155,454,51,1727.08,5407.31,2.75
148522,Membership Drive,14-10-2024,All,Social Media,7279,693,93,4386.41,9441.08,2.27
479381,Category Promotion,14-10-2024,Premium,Email,5884,689,14,2415.08,3067.78,2.57
197209,App Push Notification,14-10-2024,Premium,SMS,1558,415,49,2979.87,3609.89,2.93
391697,Email Campaign,14-10-2024,Inactive,Email,8221,910,13,1357.64,4046.13,2.87
614584,Referral Program,14-10-2024,All,SMS,6749,792,24,4576.84,5500.51,3.45
686645,New User Discount,15-10-2024,All,Social Media,4109,649,86,2389.82,9766.72,3.23
914931,Weekend Special,15-10-2024,New Users,Social Media,5724,877,67,3027.31,3345.95,2.02
843274,Festival Offer,15-10-2024,Premium,Social Media,1034,968,58,4438.6,2588.21,3.86
308911,Flash Sale,15-10-2024,New Users,Social Media,4919,661,63,4818.43,5003.95,2.67
320610,Membership Drive,15-10-2024,All,SMS,5174,376,81,3036.37,4448.69,3.69
487151,Category Promotion,15-10-2024,All,Social Media,3416,685,98,4018.36,2170.94,2.3
390634,App Push Notification,15-10-2024,Premium,Email,8930,361,94,1510.67,4795.86,3.29
411434,Email Campaign,15-10-2024,Inactive,Email,3597,149,48,4273.24,5148.84,2.75
929630,Referral Program,15-10-2024,New Users,Email,3344,810,88,2786.73,7608.13,3.25
942963,New User Discount,16-10-2024,Inactive,Email,3217,359,12,1361.43,8734.81,1.51
94992,Weekend Special,16-10-2024,All,App,7529,547,79,4082.14,2765.4,3.46
34191,Festival Offer,16-10-2024,Inactive,Social Media,3138,724,13,1622.33,7683.62,3.58
358462,Flash Sale,16-10-2024,Inactive,App,4765,411,60,2277.77,6766.63,3.26
511991,Membership Drive,16-10-2024,All,SMS,9683,100,92,2353.78,4471.61,2.95
234036,Category Promotion,16-10-2024,Inactive,SMS,2176,167,57,4239.19,8603.76,1.62
460964,App Push Notification,16-10-2024,All,SMS,5570,150,37,2175.55,2538.18,2.74
562835,Email Campaign,16-10-2024,All,SMS,3914,241,25,3267.78,3558.02,1.95
569002,Referral Program,16-10-2024,Premium,Social Media,5481,759,55,4609.27,3819.5,3.26
992859,New User Discount,17-10-2024,Inactive,SMS,6077,157,29,4324.59,3798.75,3.78
38680,Weekend Special,17-10-2024,Premium,App,6986,769,13,2756.39,3006.93,2.15
627466,Festival Offer,17-10-2024,Inactive,SMS,6475,330,17,3389.57,6934.82,1.94
721480,Flash Sale,17-10-2024,Premium,App,4621,846,89,2010.23,4857.76,2.62
463470,Membership Drive,17-10-2024,Premium,Email,4866,843,10,2036.43,9742.66,1.54
611505,Category Promotion,17-10-2024,Inactive,Social Media,7936,927,82,4318.97,7069.93,3.56
978930,App Push Notification,17-10-2024,New Users,SMS,1465,194,75,1536.67,6191.95,3.76
408445,Email Campaign,17-10-2024,New Users,App,2312,487,68,2525.56,9208.83,2.82
848590,Referral Program,17-10-2024,Inactive,Email,9067,787,93,1057.25,9577.92,3.12
911817,New User Discount,18-10-2024,New Users,App,2358,459,76,3039.4,3814.89,1.78
977198,Weekend Special,18-10-2024,Premium,Social Media,1311,828,21,3593.2,8054.46,1.84
338461,Festival Offer,18-10-2024,Inactive,App,8837,717,85,2017.25,6910.97,3.49
490083,Flash Sale,18-10-2024,New Users,App,8394,490,95,1419.59,2756.89,3.38
538898,Membership Drive,18-10-2024,New Users,App,1025,971,57,1872.13,3381.51,3.61
570365,Category Promotion,18-10-2024,Inactive,Social Media,5313,591,76,1187.93,7750.31,2.17
71028,App Push Notification,18-10-2024,Inactive,App,9195,547,39,3435.03,9024.93,3.14
914119,Email Campaign,18-10-2024,New Users,Email,7683,319,37,4746.76,5034.95,3.8
277306,Referral Program,18-10-2024,Premium,Social Media,2064,390,12,1312.97,4952.09,1.65
593428,New User Discount,19-10-2024,New Users,SMS,1554,121,97,2667.73,6000.11,3.88
579105,Weekend Special,19-10-2024,New Users,Social Media,7754,920,41,2335.89,4374.42,3.55
494867,Festival Offer,19-10-2024,New Users,Social Media,4586,977,87,2372.56,3816.48,3.11
972242,Flash Sale,19-10-2024,New Users,App,2553,551,51,4591.88,6236.89,2.52
762572,Membership Drive,19-10-2024,All,Social Media,6285,971,52,3257.45,2757.61,1.98
736483,Category Promotion,19-10-2024,Premium,Email,8086,938,23,4006.13,8109.27,3.31
822872,App Push Notification,19-10-2024,Inactive,SMS,3595,244,72,3807.41,4183.31,2.13
444700,Email Campaign,19-10-2024,New Users,App,3648,917,65,1167.11,9601.21,3.35
382659,Referral Program,19-10-2024,Premium,App,6139,355,77,4850.15,5703.32,3.53
415106,New User Discount,20-10-2024,All,SMS,5143,930,88,4882.61,2535.36,1.71
38153,Weekend Special,20-10-2024,All,App,7842,559,20,1927.22,8434.35,2.15
523833,Festival Offer,20-10-2024,All,SMS,9486,347,43,1686.15,5813.55,3.61
170461,Flash Sale,20-10-2024,New Users,SMS,2952,393,38,4037.84,4531.27,3.74
109449,Membership Drive,20-10-2024,Premium,App,8414,748,63,2195.8,3019.02,2.4
687130,Category Promotion,20-10-2024,All,Email,4330,822,31,1104.8,6592.8,2.55
479853,App Push Notification,20-10-2024,Premium,SMS,6870,227,92,4219.18,4713.09,2.5
683250,Email Campaign,20-10-2024,Inactive,Email,8382,926,37,1921.49,6651.93,2.88
794159,Referral Program,20-10-2024,Inactive,Social Media,3200,998,79,1614.98,4026.68,2.57
980545,New User Discount,21-10-2024,Premium,SMS,6378,149,31,4974.32,9771.12,1.73
963463,Weekend Special,21-10-2024,New Users,Email,8974,479,39,1741.34,7019.71,2.03
362162,Festival Offer,21-10-2024,Premium,SMS,4976,562,79,1855.65,2736.38,3.13
837030,Flash Sale,21-10-2024,All,SMS,9348,397,30,4546.79,8518.37,3.77
533144,Membership Drive,21-10-2024,Inactive,App,7432,627,23,1618.63,8290.49,3.9
942737,Category Promotion,21-10-2024,Premium,SMS,9433,593,61,1670.95,5415.89,1.99
8328,App Push Notification,21-10-2024,All,Email,3212,747,63,3964.61,7024.84,2.44
446559,Email Campaign,21-10-2024,All,Email,4395,786,53,1766.03,4554.83,1.68
929421,Referral Program,21-10-2024,All,Social Media,7680,829,81,1652.23,2181.47,3.94
776669,New User Discount,22-10-2024,Inactive,App,6516,252,34,4332.69,7080.93,3.26
845527,Weekend Special,22-10-2024,Inactive,Social Media,9587,810,77,1323.74,3364.59,1.71
932133,Festival Offer,22-10-2024,All,Email,6955,317,78,3341.07,5741.39,3.73
130164,Flash Sale,22-10-2024,Premium,Social Media,6347,665,75,3934.71,4725.54,1.63
547470,Membership Drive,22-10-2024,Premium,SMS,9964,465,33,2695.95,3392.76,3.53
530361,Category Promotion,22-10-2024,Inactive,Email,8285,530,29,3909.95,5650.29,2.03
181070,App Push Notification,22-10-2024,Inactive,SMS,7265,110,22,2495.46,8618.53,1.94
27596,Email Campaign,22-10-2024,Premium,Social Media,2648,898,24,3747,7410.91,2.99
518109,Referral Program,22-10-2024,Premium,SMS,3803,207,42,1671.16,5232.93,3.47
457841,New User Discount,23-10-2024,New Users,SMS,8261,557,54,2599.3,3748.91,1.63
334424,Weekend Special,23-10-2024,Inactive,SMS,6370,604,70,3516.78,2866.2,3.1
489132,Festival Offer,23-10-2024,New Users,Social Media,4553,469,12,2363.94,6845.16,2.18
554438,Flash Sale,23-10-2024,All,Social Media,7358,367,41,2165.36,2312.68,3.34
204191,Membership Drive,23-10-2024,All,Social Media,9385,492,43,1921.19,9824.3,3.58
586930,Category Promotion,23-10-2024,Inactive,Social Media,7577,598,15,2804.3,9402.79,3.65
814199,App Push Notification,23-10-2024,New Users,SMS,8240,341,50,4191.03,6688.85,2.37
871629,Email Campaign,23-10-2024,All,App,2233,547,27,4199.36,5655.15,3.56
697944,Referral Program,23-10-2024,Inactive,App,4653,188,51,2303.42,4678.46,3.09
698056,New User Discount,24-10-2024,All,App,3144,877,18,3704.05,3732.06,2.59
941069,Weekend Special,24-10-2024,New Users,Social Media,5133,389,70,2318.95,4311.21,2.18
602540,Festival Offer,24-10-2024,Inactive,App,6569,620,64,3218.48,2901.45,2.69
575585,Flash Sale,24-10-2024,Inactive,App,8501,258,57,2437.64,8650.4,2.45
552893,Membership Drive,24-10-2024,Inactive,Social Media,9012,259,38,1598.76,2093.56,2.33
882671,Category Promotion,24-10-2024,Inactive,Email,7685,540,47,2199.05,4937.69,1.83
729422,App Push Notification,24-10-2024,Inactive,Social Media,1753,984,16,4052.53,6151.03,1.59
315890,Email Campaign,24-10-2024,New Users,SMS,7736,953,70,2749.84,5113.71,3.28
242619,Referral Program,24-10-2024,Inactive,Social Media,3112,391,48,4882.83,3755.92,3.74
408371,New User Discount,25-10-2024,New Users,App,7239,579,61,4575.26,6288.51,3.88
993186,Weekend Special,25-10-2024,Premium,Email,2258,513,75,2383.71,5454.96,2.39
762331,Festival Offer,25-10-2024,Inactive,App,5882,577,19,4474.48,4596.52,2.79
209173,Flash Sale,25-10-2024,Premium,Email,8130,137,18,1715.46,9959.51,2.33
903905,Membership Drive,25-10-2024,Inactive,App,6268,973,15,3117.62,8722.31,2.13
668975,Category Promotion,25-10-2024,New Users,App,5437,972,80,4583.85,7105.69,1.59
680570,App Push Notification,25-10-2024,Inactive,Email,7010,202,34,1599.34,7806.21,2.99
192501,Email Campaign,25-10-2024,Inactive,Email,4970,343,53,1947.23,9461.87,3.41
982430,Referral Program,25-10-2024,Premium,Email,5429,795,82,2842.37,4914,2.81
530223,New User Discount,26-10-2024,Inactive,App,8865,176,27,1137.88,6799.15,2.54
495008,Weekend Special,26-10-2024,Premium,SMS,7698,120,100,4992.5,3353.4,2.3
565307,Festival Offer,26-10-2024,Premium,SMS,1600,241,72,4917.53,7945.34,1.82
842270,Flash Sale,26-10-2024,Inactive,SMS,9800,758,53,3310.25,8683.82,2.47
737765,Membership Drive,26-10-2024,New Users,SMS,9214,909,48,3400.97,9608.9,3.65
521471,Category Promotion,26-10-2024,All,SMS,2315,704,100,4403.4,9400.79,3.16
42263,App Push Notification,26-10-2024,Inactive,Email,1723,258,81,1558.93,8570.27,2.02
664981,Email Campaign,26-10-2024,New Users,Social Media,1002,705,63,3599.79,4311.79,4
887586,Referral Program,26-10-2024,Inactive,Social Media,3797,149,50,3393.94,6539.92,3.45
359366,New User Discount,27-10-2024,All,Email,1685,999,46,1055.61,4223.44,1.55
69903,Weekend Special,27-10-2024,Inactive,App,1085,706,41,4118.41,3837.05,2.72
613932,Festival Offer,27-10-2024,Premium,App,4726,709,59,3577.71,3104.01,1.94
992886,Flash Sale,27-10-2024,Premium,Email,9194,537,42,2925.63,3760.51,1.66
380809,Membership Drive,27-10-2024,Inactive,Email,3122,496,84,2365.57,2572.69,3.47
509178,Category Promotion,27-10-2024,Premium,Social Media,6487,644,48,3457.17,2472.34,1.62
794495,App Push Notification,27-10-2024,New Users,App,3049,634,58,2093.96,7406.66,2.9
880379,Email Campaign,27-10-2024,All,App,2399,335,41,4785.81,9369.74,2.39
561555,Referral Program,27-10-2024,All,Social Media,4881,102,89,4549.44,8205.53,1.93
652845,New User Discount,28-10-2024,All,SMS,4258,162,45,2098.74,8237.05,2.49
159675,Weekend Special,28-10-2024,Inactive,Email,2239,183,85,1183.89,9661.81,3.17
89176,Festival Offer,28-10-2024,All,SMS,1666,508,20,3586.46,3395.18,3.25
294030,Flash Sale,28-10-2024,Inactive,App,1679,965,57,1452.05,6109.1,3.05
448860,Membership Drive,28-10-2024,New Users,Email,2775,396,33,4290.98,8723.84,2.1
618403,Category Promotion,28-10-2024,Inactive,App,1153,198,99,3455.94,4935.65,1.84
795975,App Push Notification,28-10-2024,Inactive,SMS,6100,642,66,3409.53,9276.19,2.56
453312,Email Campaign,28-10-2024,New Users,App,1618,301,32,3165.37,7731.79,2.61
468423,Referral Program,28-10-2024,New Users,Email,1927,298,96,2617.58,9553.44,3.03
633088,New User Discount,29-10-2024,Premium,Email,3832,930,26,2133.42,3655.75,2.51
827451,Weekend Special,29-10-2024,All,SMS,6494,422,30,2744.72,4665.13,3.49
221166,Festival Offer,29-10-2024,New Users,Email,2851,712,99,1415.72,7808.19,3.09
581436,Flash Sale,29-10-2024,Premium,App,2489,543,54,1101.24,8701.2,3.65
399972,Membership Drive,29-10-2024,All,Email,5187,741,58,1185.35,2169.17,3.73
467912,Category Promotion,29-10-2024,All,SMS,3949,486,87,4568.63,9613.16,1.87
928724,App Push Notification,29-10-2024,New Users,Email,8668,660,36,3904.68,2757.27,3.05
639165,Email Campaign,29-10-2024,Inactive,SMS,1771,226,98,2154.4,8055.52,1.74
270413,Referral Program,29-10-2024,All,Email,1377,278,43,2165.16,4371.9,3.85
347837,New User Discount,30-10-2024,All,Email,8433,551,97,2510.51,7701.36,3.8
358482,Weekend Special,30-10-2024,New Users,App,4788,628,76,2603.2,2979.58,3.95
510301,Festival Offer,30-10-2024,All,App,5744,207,47,1966.98,3566.39,2.67
258760,Flash Sale,30-10-2024,New Users,App,4130,779,89,1741.85,5487.39,1.56
678723,Membership Drive,30-10-2024,Inactive,SMS,7316,950,54,1650.8,5407.95,2.13
490727,Category Promotion,30-10-2024,Premium,SMS,7583,501,30,4937.7,8031.55,1.93
378426,App Push Notification,30-10-2024,Premium,App,2155,719,70,2233.21,6322.5,3.82
158279,Email Campaign,30-10-2024,New Users,Email,3245,443,30,1970.09,8773.38,3.74
57394,Referral Program,30-10-2024,All,App,3328,377,75,3212.25,3778.57,1.74
795261,New User Discount,31-10-2024,New Users,Email,7876,977,73,1813.53,6438.12,3.73
601445,Weekend Special,31-10-2024,Inactive,SMS,5624,386,70,3572.92,5202.67,1.96
830587,Festival Offer,31-10-2024,Inactive,App,1081,662,47,2001.9,3301.92,3.52
706750,Flash Sale,31-10-2024,Premium,App,4511,338,27,1645.66,2073.23,2.57
584256,Membership Drive,31-10-2024,Inactive,SMS,1810,750,44,1279.23,5722.42,2.73
886076,Category Promotion,31-10-2024,Premium,SMS,3930,591,25,4678.74,5102.75,1.78
855895,App Push Notification,31-10-2024,Premium,Email,8796,873,86,2339.85,3999.7,2.98
514715,Email Campaign,31-10-2024,New Users,App,2341,369,38,2721.86,2480.73,3.48
741376,Referral Program,31-10-2024,Premium,Email,9694,799,32,3162.72,8424.83,2.48
703072,New User Discount,01-11-2024,All,App,4360,724,38,1905.02,4231.84,3.01
978279,Weekend Special,01-11-2024,All,Email,9713,686,94,2062.29,9160.3,3.06
350042,Festival Offer,01-11-2024,All,Email,5538,362,51,2486.88,9687.96,2.2
675128,Flash Sale,01-11-2024,New Users,App,8141,828,37,4123.86,3539.73,2.47
439725,Membership Drive,01-11-2024,Inactive,SMS,4249,945,87,1330.62,3115.55,3.59
39545,Category Promotion,01-11-2024,All,SMS,1489,317,95,2527.82,9966.89,3.03
473315,App Push Notification,01-11-2024,New Users,Email,5817,987,53,4371.4,5119.87,2.07
789925,Email Campaign,01-11-2024,Inactive,Email,9893,751,88,3569,6649.77,2.23
249657,Referral Program,01-11-2024,All,Email,6898,977,15,4874.26,3343.94,2.82
588949,New User Discount,02-11-2024,Premium,App,7171,211,22,3120.88,8989.36,3.51
137874,Weekend Special,02-11-2024,All,App,6082,497,59,1897.04,3654.1,1.95
674904,Festival Offer,02-11-2024,New Users,Social Media,3297,613,19,3819.45,2007.51,3.75
783220,Flash Sale,02-11-2024,Inactive,App,5550,633,12,1947.14,3460.9,2.75
877083,Membership Drive,02-11-2024,Premium,SMS,3446,155,51,3415.84,8018.45,3.18
228966,Category Promotion,02-11-2024,Premium,SMS,8998,632,55,4905.7,8801.61,3.79
531307,App Push Notification,02-11-2024,All,App,7562,975,73,2298.76,7097.94,1.8
51098,Email Campaign,02-11-2024,New Users,SMS,1423,802,40,1818.73,4672.26,3.83
501568,Referral Program,02-11-2024,Premium,Email,7215,508,25,2202.62,3845.1,1.84
538453,New User Discount,03-11-2024,New Users,Social Media,9594,692,58,3712.46,2591.79,3.01
146888,Weekend Special,03-11-2024,New Users,Email,8974,799,64,4907.38,9623.97,2.36
36202,Festival Offer,03-11-2024,New Users,Email,7102,858,53,1454.23,8523.27,2.87
232494,Flash Sale,03-11-2024,All,Social Media,9487,109,54,1364.19,5855.87,1.61
757108,Membership Drive,03-11-2024,Inactive,Email,5922,258,41,1815.23,9798.33,2.73
294530,Category Promotion,03-11-2024,All,App,4630,860,76,4337.91,3326.76,1.86
627085,App Push Notification,03-11-2024,All,Email,6291,130,66,4644.01,2649.48,3.23
954798,Email Campaign,03-11-2024,All,Email,6347,737,100,2352.91,5816.29,3
675313,Referral Program,03-11-2024,New Users,Email,2465,560,60,4857.36,2528.08,1.62
243346,New User Discount,04-11-2024,Inactive,SMS,6289,834,14,3746.35,4474.02,2.56
775791,Weekend Special,04-11-2024,Inactive,App,1068,496,87,1043.7,9535.85,3.15
178345,Festival Offer,04-11-2024,Inactive,Social Media,4229,914,84,1370.63,3521.16,1.65
60966,Flash Sale,04-11-2024,Inactive,App,2712,161,89,4870.23,2626.78,2.03
209071,Membership Drive,04-11-2024,New Users,Social Media,9365,753,53,3817.01,7072.56,1.55
712164,Category Promotion,04-11-2024,All,App,4813,321,88,2512.51,6494.09,2.55
301304,App Push Notification,04-11-2024,Inactive,Social Media,8840,466,24,1776.92,5356.59,3.17
755362,Email Campaign,04-11-2024,Inactive,App,7409,949,99,1599.21,7907.75,1.93
362255,Referral Program,04-11-2024,Premium,SMS,1997,599,92,3328.47,2278.39,3.09
548299,New User Discount,05-11-2024,Premium,App,3130,163,78,1431.85,4777.75,3.6
390914,Weekend Special,05-11-2024,Inactive,App,3925,494,45,4506.34,6238.11,2.98
834385,Festival Offer,05-11-2024,Inactive,Email,7012,370,78,4524.23,2621,2.95
241523,Flash Sale,05-11-2024,Inactive,SMS,1115,579,86,3622.79,2955,2.84
595111,Membership Drive,05-11-2024,New Users,Email,7172,795,54,2888.99,8951.81,2.22
176344,Category Promotion,05-11-2024,Inactive,App,4333,421,40,2714.78,6697.88,3.89
875646,App Push Notification,05-11-2024,Premium,Email,4752,937,21,3584.76,9152.99,2.14
5516,Email Campaign,05-11-2024,Premium,Social Media,1559,418,68,1457.88,2156.09,3.92
989534,Referral Program,05-11-2024,New Users,SMS,3838,911,45,4808.64,8074.17,1.7
