feedback_id,order_id,customer_id,rating,feedback_text,feedback_category,sentiment,feedback_date
6375482,5210007923,97507853,3,"Delivery was fine, but the product could be better.",Product Quality,Neutral,01-10-2024
7297221,2501516144,88252625,3,"Average experience, could improve.",Customer Service,Neutral,01-10-2024
1415598,1092990139,85476508,3,Not worth the price I paid.,App Experience,Negative,01-10-2024
7777479,8510183245,3897936,4,"It was okay, nothing special.",App Experience,Neutral,01-10-2024
8137045,5865390748,30042971,4,Customer service was very helpful.,Customer Service,Positive,01-10-2024
1176001,689310626,69416782,2,Very disappointed with the quality.,Delivery,Negative,01-10-2024
7755068,8726515908,82900175,1,Product was damaged during delivery.,Product Quality,Negative,01-10-2024
8541922,6101022928,10088428,4,"Excellent quality, will buy again!",Delivery,Positive,02-10-2024
4319977,1948066291,61320989,4,"Overall good experience, thank you!",Customer Service,Positive,02-10-2024
2999329,755745232,3844290,4,"It was okay, nothing special.",App Experience,Neutral,02-10-2024
4151319,2043371805,45066676,3,Product was damaged during delivery.,Product Quality,Negative,02-10-2024
657529,291900074,625395,4,"Nothing to complain about, but nothing exceptional.",Product Quality,Neutral,02-10-2024
6281319,8997413283,45314389,4,Very fresh and well-packaged.,Delivery,Positive,02-10-2024
1504694,2520527893,51476157,2,The order was incorrect.,Product Quality,Negative,02-10-2024
4020070,2447983559,99772709,3,"Nothing to complain about, but nothing exceptional.",App Experience,Neutral,03-10-2024
7128156,3951005873,52085702,1,I had a bad experience.,Delivery,Negative,03-10-2024
786461,3070834475,80269328,5,Very happy with the service!,App Experience,Positive,03-10-2024
8448887,3416693628,52428250,2,Items were missing from my order.,Customer Service,Negative,03-10-2024
2431502,8274987671,19523014,3,The order was incorrect.,Delivery,Negative,03-10-2024
5232585,9216536492,58979427,2,Taste was not as expected.,Delivery,Negative,04-10-2024
2751709,4893095476,21409946,4,"Delivery was fine, but the product could be better.",Product Quality,Neutral,04-10-2024
7388719,5393039591,40419593,5,Great prices and fast delivery!,Delivery,Positive,04-10-2024
4029981,2706229594,81337068,4,Highly recommended!,Product Quality,Positive,04-10-2024
5771681,114851727,46875863,3,Taste was not as expected.,Delivery,Negative,04-10-2024
897773,6146830622,14367270,4,"Excellent quality, will buy again!",Customer Service,Positive,04-10-2024
569019,3687581971,81932548,4,"Excellent quality, will buy again!",App Experience,Positive,05-10-2024
6888989,6943430459,53636086,1,The order was incorrect.,Product Quality,Negative,05-10-2024
8191768,5375295409,17843667,2,I had a bad experience.,Product Quality,Negative,05-10-2024
2039982,6876091286,49136375,5,Will definitely order again.,Delivery,Positive,05-10-2024
3315280,209044447,2058037,4,Highly recommended!,Delivery,Positive,05-10-2024
1024170,9471236505,5540556,4,Items were in perfect condition.,Customer Service,Positive,05-10-2024
476012,1091207520,65559853,4,Very fresh and well-packaged.,Customer Service,Positive,05-10-2024
4768936,3736611791,6959437,4,"It was okay, nothing special.",Delivery,Neutral,05-10-2024
3379880,5412674107,88111697,4,"It was okay, nothing special.",Product Quality,Neutral,06-10-2024
8057176,2276061263,83701325,3,I had a bad experience.,Customer Service,Negative,06-10-2024
9085939,8194774262,46836361,4,"Delivery was fine, but the product could be better.",App Experience,Neutral,06-10-2024
991290,1236959246,94033330,5,Will definitely order again.,Product Quality,Positive,06-10-2024
7132117,350719542,18642306,3,"Nothing to complain about, but nothing exceptional.",Customer Service,Neutral,06-10-2024
8453251,7154987905,63802820,5,Highly recommended!,Product Quality,Positive,06-10-2024
1687375,6476646153,60967677,3,The product met my expectations.,App Experience,Neutral,06-10-2024
5247882,6788884093,2566268,4,Will definitely order again.,App Experience,Positive,06-10-2024
1541416,5907766010,12272282,3,"Nothing to complain about, but nothing exceptional.",Delivery,Neutral,07-10-2024
5974536,8763754537,97873848,3,"Nothing to complain about, but nothing exceptional.",Customer Service,Neutral,07-10-2024
7059559,4825878367,46717997,2,Product was damaged during delivery.,Delivery,Negative,07-10-2024
983440,8287234948,47939657,5,Customer service was very helpful.,Customer Service,Positive,07-10-2024
2136690,9697170386,48776805,1,Items were missing from my order.,Customer Service,Negative,07-10-2024
3942032,4352973016,35912599,4,The product met my expectations.,App Experience,Neutral,07-10-2024
5343582,2802653261,9987182,2,The packaging was poor.,Customer Service,Negative,07-10-2024
8338096,7906789850,32006907,1,Product was damaged during delivery.,Customer Service,Negative,08-10-2024
9959366,2577208156,86995126,3,Product was damaged during delivery.,Product Quality,Negative,08-10-2024
553172,8217899522,18465047,4,"Average experience, could improve.",App Experience,Neutral,08-10-2024
9792021,896919031,42366724,4,"Average experience, could improve.",Product Quality,Neutral,08-10-2024
7673567,3547873471,11478478,3,Product was damaged during delivery.,Product Quality,Negative,08-10-2024
7148726,4631387671,86704661,3,"Delivery was fine, but the product could be better.",Delivery,Neutral,08-10-2024
7245923,6706793332,6247821,2,I had a bad experience.,Delivery,Negative,09-10-2024
775093,4135251774,77961205,1,Taste was not as expected.,Product Quality,Negative,09-10-2024
4607232,2561337790,30823988,2,I had a bad experience.,Delivery,Negative,09-10-2024
7323771,8813216380,85177880,1,Very disappointed with the quality.,App Experience,Negative,09-10-2024
9354829,9895756835,10694081,4,"Overall good experience, thank you!",Product Quality,Positive,09-10-2024
2264492,9452353274,97770901,4,Very happy with the service!,App Experience,Positive,10-10-2024
7074464,5281459433,85519349,3,"It was okay, nothing special.",Product Quality,Neutral,10-10-2024
4767092,961526405,63083547,4,"Delivery was fine, but the product could be better.",App Experience,Neutral,10-10-2024
3686405,5601251774,96629258,1,Delivery was late and I was unhappy.,Delivery,Negative,10-10-2024
6749864,882082341,75828735,3,Taste was not as expected.,App Experience,Negative,10-10-2024
950262,5698803942,31813,1,Customer service was not helpful.,Delivery,Negative,10-10-2024
4389565,5758119413,22694456,5,Very happy with the service!,App Experience,Positive,10-10-2024
2094700,3585105627,41168392,4,Customer service was very helpful.,Delivery,Positive,10-10-2024
6309008,769731596,97825663,5,Very fresh and well-packaged.,Product Quality,Positive,10-10-2024
5296738,2893244627,11493380,4,The product met my expectations.,Customer Service,Neutral,10-10-2024
2628222,4258404747,27692428,4,Will definitely order again.,Product Quality,Positive,11-10-2024
7131756,4338197132,66310963,4,Customer service was very helpful.,Customer Service,Positive,11-10-2024
2209877,662460037,98144693,5,Will definitely order again.,Delivery,Positive,11-10-2024
9374067,4084808075,65815155,5,Good selection of products.,App Experience,Positive,11-10-2024
7399435,8045361592,16543242,4,Items were in perfect condition.,Delivery,Positive,11-10-2024
6718267,3031698482,75213636,2,Product was damaged during delivery.,App Experience,Negative,11-10-2024
5438484,8124075720,46741896,4,Highly recommended!,Delivery,Positive,11-10-2024
892549,3917427529,68159723,3,"It was okay, nothing special.",Customer Service,Neutral,12-10-2024
2730040,9325920156,59110513,3,Not worth the price I paid.,Product Quality,Negative,12-10-2024
3164222,3427534518,73807097,4,"It was okay, nothing special.",Product Quality,Neutral,12-10-2024
2927545,2174753933,38780509,5,"Excellent quality, will buy again!",Customer Service,Positive,12-10-2024
9822668,2778606949,33675108,4,"Nothing to complain about, but nothing exceptional.",Customer Service,Neutral,13-10-2024
6929749,4665363191,73660582,5,"Overall good experience, thank you!",App Experience,Positive,13-10-2024
8819767,7523880783,21481338,4,"It was okay, nothing special.",App Experience,Neutral,13-10-2024
8499058,4104444500,57526322,5,Very happy with the service!,App Experience,Positive,13-10-2024
2966033,2929485756,30979436,4,"Excellent quality, will buy again!",Customer Service,Positive,13-10-2024
7657807,3596318350,59398136,3,The product met my expectations.,Customer Service,Neutral,13-10-2024
6514172,4981424948,79628054,4,Items were in perfect condition.,App Experience,Positive,13-10-2024
4300963,8345887091,54145987,4,"It was okay, nothing special.",Product Quality,Neutral,13-10-2024
5010171,7471013149,46185579,1,Delivery was late and I was unhappy.,App Experience,Negative,13-10-2024
8226687,3760880745,8791577,4,"It was okay, nothing special.",Product Quality,Neutral,13-10-2024
2100276,1766200974,60591625,3,"Delivery was fine, but the product could be better.",Product Quality,Neutral,13-10-2024
9545935,5852189277,29653387,4,The product met my expectations.,App Experience,Neutral,13-10-2024
4358399,3843689992,3730316,3,"Delivery was fine, but the product could be better.",Delivery,Neutral,13-10-2024
5893926,6184484468,40275138,4,Very fresh and well-packaged.,Delivery,Positive,14-10-2024
6190918,3185510401,43990799,4,Highly recommended!,Delivery,Positive,14-10-2024
8551149,3242700095,84468124,1,Taste was not as expected.,Customer Service,Negative,14-10-2024
3757671,7765930124,82179338,4,"Nothing to complain about, but nothing exceptional.",App Experience,Neutral,14-10-2024
5066195,7040313500,90298394,3,"It was okay, nothing special.",Delivery,Neutral,14-10-2024
6336442,881367843,25221501,1,The packaging was poor.,Delivery,Negative,14-10-2024
2978291,3697242439,99361865,3,"Delivery was fine, but the product could be better.",Customer Service,Neutral,15-10-2024
3246815,340050407,68941950,5,Customer service was very helpful.,Customer Service,Positive,15-10-2024
9174249,8980502814,45708879,3,Customer service was not helpful.,Delivery,Negative,15-10-2024
3948164,2859167116,40626729,3,"Nothing to complain about, but nothing exceptional.",Product Quality,Neutral,15-10-2024
5039279,7338050095,3292927,4,Will definitely order again.,Delivery,Positive,15-10-2024
4852214,8682172393,97141762,3,"Average experience, could improve.",Delivery,Neutral,15-10-2024
167681,716741661,43052303,1,Very disappointed with the quality.,Customer Service,Negative,15-10-2024
1051131,9907835880,67340606,1,I had a bad experience.,Delivery,Negative,15-10-2024
5001104,9489310879,42989999,5,Very fresh and well-packaged.,Customer Service,Positive,15-10-2024
4930305,7731193394,88553721,4,Great prices and fast delivery!,Customer Service,Positive,15-10-2024
6039931,9525140554,91500615,4,"Nothing to complain about, but nothing exceptional.",App Experience,Neutral,15-10-2024
8753712,2126853184,92509376,4,Highly recommended!,Delivery,Positive,15-10-2024
4421485,7169974633,59110513,4,"Delivery was fine, but the product could be better.",Delivery,Neutral,16-10-2024
7865973,3765873352,48418662,4,Good selection of products.,App Experience,Positive,16-10-2024
8915207,2399456941,47625855,4,"Nothing to complain about, but nothing exceptional.",Delivery,Neutral,16-10-2024
9554223,8293188779,28991365,1,Delivery was late and I was unhappy.,Product Quality,Negative,16-10-2024
5554126,1578150657,32054313,2,The order was incorrect.,Delivery,Negative,16-10-2024
8635005,8093366865,29451600,1,The packaging was poor.,Customer Service,Negative,16-10-2024
8691039,6965901435,33741801,1,I had a bad experience.,Delivery,Negative,16-10-2024
9879755,8713129069,13189939,4,"It was okay, nothing special.",Product Quality,Neutral,16-10-2024
7747355,7388091459,10562528,4,Will definitely order again.,Product Quality,Positive,16-10-2024
7125025,8551965787,8383197,1,Delivery was late and I was unhappy.,Product Quality,Negative,16-10-2024
7618966,42332130,70363568,3,"Average experience, could improve.",Customer Service,Neutral,17-10-2024
1348186,4262338791,72089140,4,Highly recommended!,App Experience,Positive,17-10-2024
8589341,7162509481,1174162,1,Customer service was not helpful.,App Experience,Negative,17-10-2024
7069842,6109777696,89699655,3,"Average experience, could improve.",App Experience,Neutral,17-10-2024
9977924,9255982861,83867512,4,"Average experience, could improve.",Customer Service,Neutral,17-10-2024
3268804,143399998,46686696,5,"Overall good experience, thank you!",Customer Service,Positive,17-10-2024
7815295,8276401643,88252625,5,Highly recommended!,App Experience,Positive,17-10-2024
862586,8709694061,6724509,4,"Delivery was fine, but the product could be better.",Delivery,Neutral,17-10-2024
6976367,27296314,64562786,5,Will definitely order again.,Product Quality,Positive,17-10-2024
212562,8614991290,57566548,3,"Delivery was fine, but the product could be better.",Customer Service,Neutral,17-10-2024
2440958,5792721465,49617892,1,I had a bad experience.,Delivery,Negative,18-10-2024
3219052,6673964264,34526442,3,The product met my expectations.,Delivery,Neutral,18-10-2024
5825320,9131474241,98246574,1,Delivery was late and I was unhappy.,Product Quality,Negative,18-10-2024
959459,3556497272,9347990,5,Highly recommended!,Product Quality,Positive,18-10-2024
1600751,5277462976,98858383,4,"Nothing to complain about, but nothing exceptional.",App Experience,Neutral,19-10-2024
1047169,3321905621,37759707,2,Taste was not as expected.,Product Quality,Negative,19-10-2024
3004769,7111342746,35459748,4,"It was okay, nothing special.",App Experience,Neutral,19-10-2024
2840947,6487883093,37309023,3,"Average experience, could improve.",Product Quality,Neutral,19-10-2024
4662364,1893231742,51661209,4,Customer service was very helpful.,Product Quality,Positive,19-10-2024
2415813,679274212,91243571,3,"It was okay, nothing special.",Delivery,Neutral,19-10-2024
3590678,1013762407,51174875,3,"Nothing to complain about, but nothing exceptional.",App Experience,Neutral,19-10-2024
6178535,6727230123,26303194,2,Very disappointed with the quality.,App Experience,Negative,19-10-2024
6250156,2387343456,17749347,2,Very disappointed with the quality.,Product Quality,Negative,19-10-2024
7548113,1714593246,27698051,4,"Average experience, could improve.",App Experience,Neutral,20-10-2024
7258622,5243035202,10541231,2,Items were missing from my order.,Product Quality,Negative,20-10-2024
3634267,1911276445,73799927,1,The packaging was poor.,App Experience,Negative,20-10-2024
4903911,8297436592,46802633,4,"Overall good experience, thank you!",App Experience,Positive,20-10-2024
4929568,9715205272,52409516,2,Items were missing from my order.,Product Quality,Negative,21-10-2024
5841416,6033014029,29525287,4,"It was okay, nothing special.",App Experience,Neutral,21-10-2024
1349809,6736891890,15661901,3,"Delivery was fine, but the product could be better.",Delivery,Neutral,21-10-2024
1001453,1821414490,75632045,5,Great prices and fast delivery!,Delivery,Positive,21-10-2024
1866592,6149664144,52678787,3,"Delivery was fine, but the product could be better.",App Experience,Neutral,21-10-2024
4063738,730299055,16400639,5,"Overall good experience, thank you!",Delivery,Positive,21-10-2024
3289580,4674132573,98444183,5,Items were in perfect condition.,Delivery,Positive,21-10-2024
7355876,4100626744,15484407,3,Items were missing from my order.,Delivery,Negative,21-10-2024
1188667,4371924002,75944533,2,I had a bad experience.,App Experience,Negative,21-10-2024
5541809,1543944105,82804543,3,Taste was not as expected.,Delivery,Negative,21-10-2024
3610647,5936051107,83304462,4,Very fresh and well-packaged.,Delivery,Positive,21-10-2024
2266787,2032005162,18791381,3,The product met my expectations.,App Experience,Neutral,21-10-2024
1135047,7394439260,22358567,4,Will definitely order again.,Delivery,Positive,21-10-2024
5009643,5452048621,22483684,3,"It was okay, nothing special.",Product Quality,Neutral,22-10-2024
8795566,9183435457,25722990,3,The order was incorrect.,Customer Service,Negative,22-10-2024
905658,8436983782,98896871,4,Very fresh and well-packaged.,Delivery,Positive,22-10-2024
743982,4624281313,11493380,1,Not worth the price I paid.,Product Quality,Negative,22-10-2024
6675115,4416398885,10945990,5,"Overall good experience, thank you!",Customer Service,Positive,22-10-2024
5560900,5932091553,80571942,3,The packaging was poor.,App Experience,Negative,22-10-2024
2833626,368599691,44030130,4,"Nothing to complain about, but nothing exceptional.",Product Quality,Neutral,22-10-2024
4344466,60465,15808945,4,The product met my expectations.,Product Quality,Neutral,23-10-2024
4843196,507373134,95269737,2,I had a bad experience.,App Experience,Negative,23-10-2024
5339779,7792925364,59830126,4,Items were in perfect condition.,Product Quality,Positive,23-10-2024
2749431,6395547592,43799224,4,"Delivery was fine, but the product could be better.",Delivery,Neutral,23-10-2024
58321,9346166799,62416456,4,"Average experience, could improve.",Customer Service,Neutral,23-10-2024
3366792,9104077642,18199057,3,"Nothing to complain about, but nothing exceptional.",Customer Service,Neutral,24-10-2024
5959980,511736499,38615653,3,"It was okay, nothing special.",Product Quality,Neutral,24-10-2024
4877828,7565647347,15808945,3,"Average experience, could improve.",Customer Service,Neutral,24-10-2024
4476377,5628497118,50229203,4,"It was okay, nothing special.",App Experience,Neutral,24-10-2024
9447774,1969956670,32203588,5,Very happy with the service!,Customer Service,Positive,24-10-2024
8972406,6735843326,52085702,4,"Delivery was fine, but the product could be better.",Delivery,Neutral,24-10-2024
4339875,9371021811,76850859,2,Taste was not as expected.,Product Quality,Negative,24-10-2024
6457571,2724264210,98687927,3,Taste was not as expected.,App Experience,Negative,24-10-2024
7738248,6888804296,2442235,3,"Delivery was fine, but the product could be better.",Delivery,Neutral,24-10-2024
4464188,6497594124,39150258,2,Customer service was not helpful.,App Experience,Negative,24-10-2024
8643386,1580021952,30317733,5,Customer service was very helpful.,App Experience,Positive,24-10-2024
702403,9247779866,19523014,5,Customer service was very helpful.,Delivery,Positive,24-10-2024
2075126,5287733777,84066402,5,"Overall good experience, thank you!",Product Quality,Positive,24-10-2024
9337137,5574765914,89619421,5,Items were in perfect condition.,Delivery,Positive,25-10-2024
443278,2575965518,38496400,4,"Delivery was fine, but the product could be better.",Product Quality,Neutral,25-10-2024
2110118,8373953053,46515922,3,Not worth the price I paid.,Customer Service,Negative,25-10-2024
8996085,9218060399,80286283,3,"It was okay, nothing special.",Product Quality,Neutral,25-10-2024
3375739,5936596117,67729191,5,Very happy with the service!,Customer Service,Positive,25-10-2024
5058986,8531683720,85747175,3,Customer service was not helpful.,Product Quality,Negative,25-10-2024
5855840,7330672658,57474553,2,The order was incorrect.,Product Quality,Negative,25-10-2024
8695298,7031115362,27878182,4,Highly recommended!,App Experience,Positive,25-10-2024
5228998,2141680269,32797235,4,The product met my expectations.,Product Quality,Neutral,25-10-2024
1033430,3314393477,55170753,3,The product met my expectations.,Product Quality,Neutral,26-10-2024
2759035,4409513224,12814732,2,Very disappointed with the quality.,App Experience,Negative,26-10-2024
8817304,1553626879,6579892,3,Items were missing from my order.,Product Quality,Negative,26-10-2024
6305813,6092636899,53025962,5,Very happy with the service!,Product Quality,Positive,26-10-2024
8833965,5194396051,12338529,5,Great prices and fast delivery!,App Experience,Positive,26-10-2024
6687658,8512030806,77768189,4,"Overall good experience, thank you!",Delivery,Positive,26-10-2024
7711849,6961457996,89704218,5,Will definitely order again.,Customer Service,Positive,26-10-2024
8580872,2976493998,820740,5,Very happy with the service!,Delivery,Positive,26-10-2024
6445069,2954606845,14294171,3,"Nothing to complain about, but nothing exceptional.",App Experience,Neutral,26-10-2024
2859721,338609144,12574626,4,"Nothing to complain about, but nothing exceptional.",Customer Service,Neutral,26-10-2024
2138553,8972877222,57291761,3,"Delivery was fine, but the product could be better.",Delivery,Neutral,26-10-2024
5506466,2460545397,42872865,3,The product met my expectations.,Product Quality,Neutral,27-10-2024
738205,6110446321,78412820,3,Items were missing from my order.,App Experience,Negative,27-10-2024
4704197,3842442278,89223620,2,I had a bad experience.,App Experience,Negative,27-10-2024
7795054,9221423039,42208242,2,Not worth the price I paid.,Customer Service,Negative,27-10-2024
1604057,2500757555,65488134,3,"Nothing to complain about, but nothing exceptional.",Delivery,Neutral,27-10-2024
3842752,8412338399,2566268,3,The product met my expectations.,Product Quality,Neutral,28-10-2024
505283,1553685597,22822088,3,"Average experience, could improve.",App Experience,Neutral,28-10-2024
5714605,7119397338,25850478,3,The packaging was poor.,App Experience,Negative,28-10-2024
9482081,7009619835,11063505,4,"Nothing to complain about, but nothing exceptional.",Customer Service,Neutral,28-10-2024
3841707,9949497098,8881320,5,Great prices and fast delivery!,Delivery,Positive,28-10-2024
2004729,5001931575,23380116,5,Will definitely order again.,App Experience,Positive,28-10-2024
9864308,5961051248,20834589,4,Customer service was very helpful.,Customer Service,Positive,28-10-2024
6592774,5601670348,32830199,3,"Delivery was fine, but the product could be better.",Product Quality,Neutral,29-10-2024
8075991,1148265823,21809858,2,Not worth the price I paid.,Product Quality,Negative,29-10-2024
1891343,4973943462,68341636,3,"It was okay, nothing special.",Delivery,Neutral,29-10-2024
8921243,3019634875,58170168,5,"Excellent quality, will buy again!",Product Quality,Positive,29-10-2024
3947813,9500356395,99729547,3,Not worth the price I paid.,App Experience,Negative,29-10-2024
1682266,9938037878,9796585,4,"It was okay, nothing special.",Customer Service,Neutral,29-10-2024
5662443,4346903287,87463923,5,Customer service was very helpful.,Product Quality,Positive,29-10-2024
5558087,4784591220,88923048,3,The product met my expectations.,Delivery,Neutral,29-10-2024
7046969,2050362692,79991320,3,The product met my expectations.,Customer Service,Neutral,30-10-2024
6854268,5755859055,79592021,3,"It was okay, nothing special.",Customer Service,Neutral,30-10-2024
2012001,8533749006,91590001,4,"Delivery was fine, but the product could be better.",App Experience,Neutral,30-10-2024
906286,5649255352,84119685,4,"Overall good experience, thank you!",Delivery,Positive,30-10-2024
4005842,8978231928,73799927,4,Great prices and fast delivery!,App Experience,Positive,30-10-2024
1570085,3157198428,61753272,4,"Average experience, could improve.",App Experience,Neutral,30-10-2024
157996,2638683222,2457734,2,Very disappointed with the quality.,Product Quality,Negative,30-10-2024
4442482,6988011282,74212242,4,"Overall good experience, thank you!",Product Quality,Positive,30-10-2024
3420098,423648434,82989313,3,"It was okay, nothing special.",Delivery,Neutral,30-10-2024
6800809,9045592834,84119685,1,Items were missing from my order.,App Experience,Negative,30-10-2024
8349855,2277864850,73377004,4,"Excellent quality, will buy again!",App Experience,Positive,30-10-2024
4305662,4656541041,84572019,4,"Delivery was fine, but the product could be better.",App Experience,Neutral,30-10-2024
8206396,4280890409,42102289,3,Not worth the price I paid.,Delivery,Negative,30-10-2024
8677118,2609502403,2058037,3,"Delivery was fine, but the product could be better.",App Experience,Neutral,31-10-2024
3623958,5305770811,92642745,4,"Average experience, could improve.",Delivery,Neutral,31-10-2024
3891353,2591738507,14705462,3,"It was okay, nothing special.",Product Quality,Neutral,31-10-2024
7832319,6277509652,71956734,4,"Average experience, could improve.",Customer Service,Neutral,31-10-2024
1870724,1441735184,41181125,3,"It was okay, nothing special.",Customer Service,Neutral,31-10-2024
5700319,841915361,93318833,4,"It was okay, nothing special.",Customer Service,Neutral,31-10-2024
923839,2123879653,43599910,4,Will definitely order again.,Customer Service,Positive,31-10-2024
8366455,6630935939,67708491,4,Very fresh and well-packaged.,App Experience,Positive,31-10-2024
4843776,2039041670,88324928,4,"Average experience, could improve.",Product Quality,Neutral,01-11-2024
2338813,2149289255,57579640,3,Delivery was late and I was unhappy.,Product Quality,Negative,01-11-2024
1887717,2218319201,40587811,4,"Average experience, could improve.",Customer Service,Neutral,01-11-2024
7850415,2478533601,9097480,4,Customer service was very helpful.,Product Quality,Positive,01-11-2024
9695621,5373961125,57081917,3,Not worth the price I paid.,App Experience,Negative,01-11-2024
6933855,5419080144,55404382,3,"Nothing to complain about, but nothing exceptional.",Product Quality,Neutral,01-11-2024
1990660,7028582657,36578947,1,Taste was not as expected.,Product Quality,Negative,01-11-2024
6904125,4220970302,90621147,2,Product was damaged during delivery.,App Experience,Negative,01-11-2024
7956876,4876314410,37227953,1,I had a bad experience.,Customer Service,Negative,01-11-2024
7898352,9347571484,29562072,3,I had a bad experience.,Product Quality,Negative,02-11-2024
8881952,145057465,54923640,2,Taste was not as expected.,Delivery,Negative,02-11-2024
1070868,4390394582,49795571,3,Very disappointed with the quality.,Delivery,Negative,02-11-2024
7868009,6532953824,93924203,4,"Delivery was fine, but the product could be better.",Product Quality,Neutral,02-11-2024
1735575,212856641,51994597,1,Product was damaged during delivery.,Product Quality,Negative,02-11-2024
29533,4142963293,34567918,4,"Nothing to complain about, but nothing exceptional.",Product Quality,Neutral,03-11-2024
5358574,5551173528,64151769,3,The order was incorrect.,Delivery,Negative,03-11-2024
4147602,2433646621,82770142,5,Items were in perfect condition.,Customer Service,Positive,03-11-2024
7539811,172987148,71607166,3,Taste was not as expected.,Product Quality,Negative,03-11-2024
3834078,4123140013,80759416,3,Product was damaged during delivery.,Product Quality,Negative,03-11-2024
9422113,5330654120,90299101,4,The product met my expectations.,Product Quality,Neutral,03-11-2024
366447,3666182849,63793401,2,The order was incorrect.,App Experience,Negative,03-11-2024
855787,9497014025,79764458,4,"Delivery was fine, but the product could be better.",Customer Service,Neutral,03-11-2024
6629918,2544173358,43295656,4,The product met my expectations.,Customer Service,Neutral,03-11-2024
3948338,9407544177,66310963,4,The product met my expectations.,Delivery,Neutral,03-11-2024
7725341,2807487047,90448312,4,Highly recommended!,Product Quality,Positive,03-11-2024
712520,5785351358,64795608,5,"Overall good experience, thank you!",Product Quality,Positive,03-11-2024
2423659,3947164241,95768401,4,Items were in perfect condition.,App Experience,Positive,04-11-2024
1558301,1816814476,85198177,1,I had a bad experience.,Delivery,Negative,04-11-2024
7483634,3665334102,51476157,3,"It was okay, nothing special.",Delivery,Neutral,04-11-2024
4333600,2272849018,6982488,3,"Nothing to complain about, but nothing exceptional.",Delivery,Neutral,04-11-2024
