customer_id,customer_name,email,phone,address,area,pincode,registration_date,customer_segment,total_orders,avg_order_value,
52613657,Kala Ravi,unni50@example.org,9.17291E+11,"H.No. 521
Peri, Khora  519235",Sultan Pur Majra,685992,16-03-2023,New,9,470.5,
25526479,Mason Doctor,siyasinghal@example.net,9.12906E+11,"H.No. 45
Nadig Ganj, Ongole-168533",Hazaribagh,154794,16-03-2023,Regular,2,391.73,
47275378,Aarav Dar,amruta30@example.net,9.16663E+11,"H.No. 24, Lata Street, Ahmedabad 581000",Ahmednagar,572351,16-03-2023,Premium,3,623.26,
93723634,Aditya Swamy,gaurangarya@example.org,9.15047E+11,"H.No. 83
Pall Zila
Madurai 850619",Berhampur,952930,16-03-2023,Premium,4,1992.05,
34697768,Omaja Oak,tripti84@example.net,9.15049E+11,"41, Bajwa Zila, Sangli-Miraj & Kupwad-859767",Aurangabad,37920,17-03-2023,Regular,13,1965.2,
82179338,Isha Dugar,adya37@example.net,9.14121E+11,"60, Bakshi Circle, Tezpur-857578",Ulhasnagar,370025,17-03-2023,New,12,1775.89,
50760752,Yug Varughese,kapooravi@example.org,9.16862E+11,"H.No. 12
Randhawa
Proddatur 807263",Maheshtala,100658,17-03-2023,New,14,1670.47,
62807542,Chatura Apte,andrajyoti@example.com,9.14547E+11,"H.No. 48
Manda Zila
Mahbubnagar 841942",Patiala,340166,17-03-2023,Premium,11,524.5,
50632192,Omkaar Mander,tanvi84@example.org,9.12486E+11,"74/669
Sundaram
Sambhal 774698",Nadiad,846443,17-03-2023,Premium,16,1096.83,
75490147,Parth Chad,georgebala@example.org,9.10939E+11,"34/86
Sen Nagar, Farrukhabad 009970",Vadodara,404379,17-03-2023,Inactive,2,497.56,
52672659,Isha Mand,tanmayibhagat@example.net,9.16637E+11,"H.No. 898, Gara, Ghaziabad-552132",Vadodara,279779,17-03-2023,Regular,17,1721.72,
15897933,Mohini Rao,asom@example.org,9.19924E+11,"518, Mammen Chowk, Aurangabad 953213",Jabalpur,337945,18-03-2023,Regular,1,1221.23,
65396354,Hemani Modi,tanmayinarayanan@example.net,9.15903E+11,"66/23
Raju
Madhyamgram-282305",Hindupur,725268,18-03-2023,Inactive,20,1738.21,
65692224,Aahana Buch,zayyan92@example.com,9.16332E+11,"H.No. 50
Dave Marg
Nashik 705135",Jaunpur,542226,18-03-2023,Regular,3,1053.33,
36142455,Rushil Walla,tristannarang@example.org,9.17861E+11,"52, Toor Circle, Bhagalpur 502939",Katni,388331,19-03-2023,Premium,6,1476.25,
12090436,Tripti Yogi,sekhonjhalak@example.org,9.12933E+11,"24/89, Gour, Chandigarh 624564",Asansol,684483,19-03-2023,Regular,18,1307.52,
89910157,Dayamai Ray,jdate@example.com,9.12655E+11,"775, Nayak Street, Patna-218169",Khandwa,166001,19-03-2023,New,5,1859.93,
99627097,Amara Narayanan,yatin58@example.net,9.17346E+11,"H.No. 17
Uppal Marg
Danapur 126611",Raiganj,437954,19-03-2023,New,10,1085.49,
15066187,Vedant Keer,jalsadube@example.com,9.17167E+11,"H.No. 25, Garde Street
Kharagpur 866567",Jammu,882141,19-03-2023,Regular,13,791.67,
89669139,Bishakha Natarajan,egoyal@example.com,9.14201E+11,"62/08, Balay Circle, Moradabad-185194",Tiruppur,775702,19-03-2023,Premium,6,1999.64,
88324928,Geetika Nanda,jpalla@example.org,9.11669E+11,"843, Yogi Zila
Panvel-489127",Alappuzha,137999,19-03-2023,Regular,13,340.65,
93826036,Reyansh Sarma,awason@example.org,9.12625E+11,"528, Dar Ganj
Kurnool-850226",Hazaribagh,267488,20-03-2023,Premium,19,1143.97,
3730316,Ishanvi Shankar,daksha35@example.org,9.12906E+11,"356
Mohan Nagar
Cuttack-228642",Berhampore,968515,20-03-2023,Regular,10,215.72,
59485034,Dominic Sidhu,narainbaghyawati@example.com,9.17819E+11,"H.No. 17
Mangat Chowk
Morena 729596",Agartala,931347,20-03-2023,New,1,1762.35,
95371787,Bhavya Bhattacharyya,yachanabora@example.com,9.13558E+11,"H.No. 81
Kamdar Nagar
Bhavnagar 028519",Gudivada,296207,20-03-2023,New,9,1312.28,
52393801,Aarush Roy,hemalkapadia@example.org,9.13858E+11,"411
Nori Zila, Giridih 250229",Ranchi,96858,20-03-2023,New,2,1910.55,
40117357,Jai Murty,subramaniansanya@example.net,9.14445E+11,"58/465
Madan Ganj, Jhansi-323091",Imphal,177718,20-03-2023,New,16,753.81,
29689766,Pallavi Kala,madhav18@example.org,9.10805E+11,"H.No. 983
Setty Path, Mira-Bhayandar 331770",Tenali,243885,20-03-2023,New,14,967.01,
95428692,Janani Yohannan,chakradevwable@example.com,9.19306E+11,"H.No. 76, Ravel Circle, Raurkela Industrial Township-413543",Motihari,512761,21-03-2023,New,14,1834.38,
82374625,Ronith Sami,pandeyliam@example.org,9.10579E+11,"09/073, Rout Marg
Bhilai-211934",Singrauli,789283,22-03-2023,New,20,1923.64,
54730270,Aradhana Munshi,rajeshri93@example.org,9.17742E+11,"70/03
Sarma Ganj, Patiala-333640",Salem,706203,22-03-2023,New,19,1256.55,
76604145,Nidra Agate,ayushbobal@example.org,9.12149E+11,"42/473, Mistry Chowk
Chittoor 860495",Rourkela,767461,22-03-2023,Regular,14,1276.88,
59216664,Netra Keer,yauvanikhare@example.net,9.10581E+11,"54/792
Dugar Road, Secunderabad 353845",Deoghar,284974,22-03-2023,Regular,10,225.69,
84257716,Yauvani Rajan,kgoda@example.net,9.15712E+11,"H.No. 029
Malhotra Ganj, Proddatur 181376",Hazaribagh,653569,22-03-2023,New,6,1144.61,
19182548,Laban Kulkarni,balhaarsastry@example.net,9.15386E+11,"19/71, Narang Zila, Bhiwani 422655",Bijapur,783411,22-03-2023,Regular,16,636.15,
37551429,Diya Chand,tbaria@example.net,9.15961E+11,"15, Sethi Zila, Noida-862506",Khandwa,773280,22-03-2023,Regular,6,1136.03,
98012339,Kai Kari,ikala@example.org,9.1427E+11,"20/920, Kaul Road, Muzaffarnagar-154530",Anantapuram,766651,22-03-2023,Regular,16,839.46,
13462905,Bimala Rau,arinhans@example.org,9.11441E+11,"59/269, Natarajan Chowk
Jhansi-391339",Farrukhabad,96804,23-03-2023,Premium,14,809.44,
3893903,Bimala Sura,aradhanaganesh@example.net,9.19431E+11,"H.No. 05, Balay Zila, Hazaribagh 973916",Bathinda,546301,23-03-2023,New,20,1922.71,
69415494,Yashvi Iyer,hkurian@example.net,9.13716E+11,"H.No. 952, Viswanathan Chowk
Ongole-121550",Rajkot,742368,23-03-2023,New,9,706.67,
41164215,Lucky Savant,lakshminaidu@example.org,9.19045E+11,"H.No. 252
Patil Road, Malda 892708",Secunderabad,907316,23-03-2023,Premium,15,1304.24,
98246574,Rachita Varty,hardik53@example.net,9.18123E+11,"H.No. 85, Bail
Gandhidham-851792",Chinsurah,638222,24-03-2023,Premium,15,1904.61,
57217288,Dalaja Bassi,ppandey@example.net,9.15745E+11,"339
Radhakrishnan Circle, Bhubaneswar 566268",Karimnagar,202075,24-03-2023,Regular,3,736.05,
87222820,Aadhya Padmanabhan,nkala@example.org,9.18096E+11,"23/386, Savant Street, Bharatpur-396119",Ulhasnagar,651234,25-03-2023,Inactive,13,497.66,
45066676,Lipika Murthy,lankayagnesh@example.com,9.13929E+11,"55, Bassi Marg, Bhilwara 898751",Satna,469678,25-03-2023,Premium,1,1076.85,
35049420,Udarsh Mangal,zpatil@example.org,9.16564E+11,"42/738
Dhawan Road
Nagpur 697513",Madanapalle,720562,25-03-2023,Regular,7,1660.54,
67402645,Bimala Barad,lakshmi42@example.com,9.1608E+11,"94/65, Tak
Alappuzha-897750",Phagwara,737896,25-03-2023,Inactive,15,1084.93,
83236183,Zayan Kalla,chatreshtella@example.net,9.18083E+11,"71/586
Puri
Vasai-Virar 324011",Panihati,760694,26-03-2023,New,20,1145.01,
46313756,Widisha Desai,nakul82@example.net,9.11819E+11,"102, Chopra Ganj, Korba-838479",Kolhapur,449091,26-03-2023,Premium,10,1245.36,
75025941,Rachita Buch,deepaloke@example.com,9.12169E+11,"57/921, Luthra Road, Belgaum 202392",Jalna,210807,26-03-2023,Premium,15,323.12,
45314389,Amaira Subramanian,mandatanveer@example.org,9.19945E+11,"44/036, Peri Marg
Shivpuri 138223",Ajmer,266618,26-03-2023,New,17,939.35,
84216691,Ayaan Sanghvi,amrita48@example.net,9.18505E+11,"H.No. 83, Kohli Path
Shahjahanpur-148417",Saharanpur,630561,26-03-2023,Inactive,13,1220.9,
55803572,Champak Palla,gbail@example.net,9.17358E+11,"58/271
Parmar Circle
Nagaon-635394",Rewa,391552,27-03-2023,Premium,17,1237.96,
50953418,Samaksh Kannan,ssrinivasan@example.net,9.11704E+11,"49, Sagar Ganj, Korba 860322",Rajpur Sonarpur,309093,27-03-2023,Regular,11,404.6,
17929886,Oscar Parekh,rattatanveer@example.net,9.17928E+11,"H.No. 261
Sachar Marg, Visakhapatnam 234841",Salem,356407,28-03-2023,New,7,744,
61182897,Yug Dutt,vamakshi57@example.org,9.17074E+11,"H.No. 03, Shukla Nagar, Kirari Suleman Nagar 188098",Satara,685609,28-03-2023,Regular,15,1261.08,
44888581,Rehaan Samra,rajata67@example.com,9.15132E+11,"25/08
Rege Street
Thiruvananthapuram 858803",Ballia,359510,28-03-2023,Inactive,3,392.37,
77614510,Girik Gopal,gaurav77@example.net,9.19861E+11,"97/01
Ramachandran Ganj
Eluru 081356",Sirsa,615594,28-03-2023,Inactive,8,1877.93,
31831843,Aarini Bir,htailor@example.com,9.19195E+11,"H.No. 39, Sura Street
Shahjahanpur-125310",Machilipatnam,762247,28-03-2023,Inactive,10,1284.27,
14114543,Vedika Aurora,rajagopalangeetika@example.net,9.10529E+11,"H.No. 306
Palla Path, Guwahati-489162",Muzaffarnagar,76708,29-03-2023,Inactive,20,659.52,
65618148,Aadhya Palla,forumshan@example.org,9.15697E+11,"78
Nagi Zila, Jamshedpur-811905",Gandhinagar,748222,29-03-2023,Inactive,9,1644.51,
47125914,Yashoda Chacko,ati59@example.com,9.13099E+11,"069, Bath Zila
Aurangabad-968050",Kochi,723520,29-03-2023,Premium,16,1535.12,
11143197,Siya Mani,malloliver@example.net,9.17821E+11,"50, Yadav Street, Jhansi-806525",Bulandshahr,514698,29-03-2023,Regular,13,778.44,
95334407,Krish Sunder,eta37@example.net,9.19128E+11,"H.No. 126
Thaman Ganj
Tinsukia 716227",Cuttack,347212,29-03-2023,Inactive,6,602.09,
92404798,Gautami Dayal,bosearyan@example.net,9.16795E+11,"H.No. 098, Dayal Zila, Salem-908014",Jorhat,222676,29-03-2023,New,15,1130.02,
27878182,Qabil Lata,aarnav41@example.com,9.10674E+11,"76/44, Lata
Jhansi-232629",Thoothukudi,474639,30-03-2023,Inactive,1,1023.51,
5763963,Chandran Seth,yashoda79@example.net,9.14781E+11,"17/902
Mital Road
Kharagpur-793062",Pimpri-Chinchwad,773179,30-03-2023,Regular,12,1118.82,
89968482,Elijah Bora,vbarad@example.org,9.1656E+11,"62/39
Om, Farrukhabad 349709",Kottayam,913086,30-03-2023,Regular,12,1883.93,
28663279,Sai Bhatia,xchoudhry@example.org,9.12902E+11,"14/344
Malhotra Road, Ahmedabad-019006",Jamnagar,321770,30-03-2023,Premium,6,1539.15,
19080489,Reva Sha,zchad@example.com,9.16133E+11,"70/24
Dhaliwal Zila, Faridabad 141190",Jalandhar,236035,30-03-2023,Regular,9,578.21,
45650429,Zehaan Soni,kantchasmum@example.net,9.11559E+11,"19/75, Singh Path, Vasai-Virar-464997",Ramgarh,306054,30-03-2023,Premium,12,421.21,
24845814,Harshil Shukla,vedhikavora@example.net,9.14481E+11,"H.No. 189
Brahmbhatt
Shimoga 947864",Raipur,46092,31-03-2023,Regular,17,423.79,
49806393,Aarush Natt,nachiket49@example.com,9.11884E+11,"33, Kurian Zila
Jorhat 539806",Latur,918497,31-03-2023,Regular,5,1229.25,
36587003,Amaira Nagi,jdeo@example.org,9.16613E+11,"494, Shukla Path
Nizamabad 528423",Tumkur,471550,31-03-2023,New,5,1759.74,
46684081,Darika Hans,shahaarna@example.com,9.10111E+11,"223, Jani Road
Hindupur 177571",Ghaziabad,519748,01-04-2023,Premium,11,1225.01,
85198177,Charita Comar,divyashanker@example.org,9.17579E+11,"60/85, Pant Road
Kollam-512597",Jammu,741033,01-04-2023,Premium,6,1666.01,
55094848,Michael Sarraf,ckakar@example.net,9.13541E+11,"22, Sant Street
Patna-748149",Madanapalle,90667,02-04-2023,Premium,14,422.78,
22358567,Zansi Chakraborty,sarthaksuri@example.org,9.12183E+11,"05
Kara Street
Bhagalpur-060052",Faridabad,410334,02-04-2023,Inactive,8,638.86,
92843141,Mekhala Seshadri,shethchakradhar@example.com,9.16092E+11,"H.No. 61, Mall Path, Gangtok-253081",Kota,595099,02-04-2023,Premium,1,502.79,
20835909,Inaya Ramanathan,madhavsom@example.org,9.1577E+11,"87/765, Kota Ganj, Saharsa 993982",Tinsukia,681334,02-04-2023,Premium,9,713.25,
87536050,Rushil Raja,xrau@example.org,9.16647E+11,"H.No. 197
Mody Zila
Sirsa 179676",Vadodara,593400,02-04-2023,Regular,18,1857.99,
87669943,Ikshita Rajagopalan,rsethi@example.org,9.14098E+11,"259, Guha Zila, Katni 233200",Nandyal,961518,02-04-2023,Inactive,1,1272.95,
35455991,Aryan Balakrishnan,sibalamruta@example.net,9.13888E+11,"H.No. 610
Karan Zila
Cuttack-600633",Tezpur,504712,02-04-2023,New,14,1984.56,
35302195,Garima Chahal,wyatt01@example.com,9.15012E+11,"467
Bains Ganj
Allahabad-875803",Maheshtala,476166,03-04-2023,New,16,420.19,
19259955,Rehaan Borde,dasslila@example.org,9.14779E+11,"H.No. 95
Dutta Ganj, South Dumdum-476520",Nagpur,410844,03-04-2023,Inactive,15,213.69,
12455156,Ijaya Agrawal,anirudh89@example.com,9.10403E+11,"51, Kari Nagar, Tenali-778804",Eluru,317047,03-04-2023,Inactive,16,1139.56,
20310720,Samaksh Chaudhuri,cheriankrishna@example.net,9.18528E+11,"80/68
Rai Chowk
Dehri-253784",Bhubaneswar,37268,03-04-2023,Regular,9,1677.91,
82898985,Reva Pradhan,nimrat81@example.com,9.10643E+11,"457
Mishra Chowk, Visakhapatnam 946851",Pondicherry,679447,03-04-2023,Regular,2,841.91,
46504355,Ridhi Oak,avnijha@example.net,9.10121E+11,"H.No. 272
Pingle, Aligarh 181840",Arrah,603176,04-04-2023,Regular,15,294.04,
36400756,Rayaan Nayak,mallguneet@example.org,9.13988E+11,"441
Basak, Jamalpur 091680",Bidar,984457,04-04-2023,Inactive,19,721.41,
65426878,Frado Warrior,lekhagoyal@example.com,9.1032E+11,"H.No. 703, Tiwari Chowk
Pune-712696",Nagpur,585704,04-04-2023,Regular,11,1879.31,
50554007,Ekaja Pillai,abhakaul@example.com,9.14597E+11,"H.No. 214, Divan Road
Hindupur 028048",Baranagar,534970,04-04-2023,Premium,5,1597.14,
51945420,Geetika Kalita,bhandariaryan@example.com,9.13223E+11,"839, Boase Zila, Bahraich 523840",Tiruppur,611743,05-04-2023,Premium,3,412.9,
94706375,Urishilla Kala,pdin@example.org,9.18235E+11,"H.No. 71
Mand Zila, Rewa 438780",Amravati,691745,05-04-2023,Regular,6,1653.1,
32987624,Dalaja Arora,calebsengupta@example.com,9.12672E+11,"46/767
Chacko Chowk
Arrah 424009",Jabalpur,399897,05-04-2023,Premium,15,902.61,
18986315,Adweta Wason,shaamol@example.net,9.1118E+11,"999
Banerjee Chowk
Katni 720932",Bidhannagar,277814,05-04-2023,Premium,19,854.26,
97770901,Dhruv Krishna,lajitasekhon@example.com,9.12994E+11,"H.No. 805, Bhatia Zila
Rajpur Sonarpur 721299",Bidhannagar,571261,05-04-2023,Inactive,11,1896.36,
17597449,Umang Dhingra,pprabhakar@example.com,9.16004E+11,"47
Patil Circle, Srikakulam 796222",Guna,433729,06-04-2023,Inactive,15,229.4,
19425804,Xavier Sahni,anamika10@example.org,9.17548E+11,"42/11
Lad Nagar
Siwan 341914",Jodhpur,705258,06-04-2023,Inactive,10,1121.27,
21809858,Ekansh Seshadri,faqid76@example.org,9.15265E+11,"86/52
Kade Street
Pimpri-Chinchwad 444382",Bihar Sharif,146074,06-04-2023,Inactive,9,1343.53,
4988545,Prisha Jha,urvibuch@example.net,9.1588E+11,"82/952, Behl Street
Sikar 557241",Anantapuram,576389,06-04-2023,Regular,10,1251.78,
90649019,Omaja Sahni,meera84@example.org,9.17564E+11,"166
Choudhry Path, Kulti-308225",Fatehpur,578000,07-04-2023,New,18,1096.12,
6724509,Guneet Brahmbhatt,hkale@example.org,9.11603E+11,"H.No. 83
Narain Circle
Sikar 862742",Munger,118585,07-04-2023,New,13,1966.44,
97466783,Harita Mangat,jagat26@example.org,9.16726E+11,"78/936
Aurora Road
Vadodara 226991",Kota,977804,07-04-2023,Premium,8,952.96,
75467328,Warhi Ravel,priyakar@example.com,9.10296E+11,"12/239
Keer Chowk
Nagercoil-980113",Siliguri,966869,07-04-2023,Inactive,14,691.64,
16484167,Hemal Bala,fdhawan@example.net,9.11705E+11,"29/31, Mukhopadhyay Marg
Jorhat 795736",Guwahati,104698,07-04-2023,New,19,1128.06,
60732869,Joshua Nath,anamika40@example.com,9.10727E+11,"H.No. 29
Hora Nagar
Amritsar-740154",Rajahmundry,625859,08-04-2023,New,17,1140.22,
87823209,Hemang Suri,aggarwalwatika@example.net,9.1598E+11,"75/184, Apte Ganj, Kurnool 695756",Tadepalligudem,826255,08-04-2023,Inactive,18,983.94,
43459807,Charan Brahmbhatt,aahanatailor@example.net,9.11379E+11,"555, Batra Chowk, Bhimavaram 413732",Khammam,886183,08-04-2023,Premium,6,1643.67,
38420886,Nidra Date,uhora@example.org,9.10156E+11,"H.No. 06, Talwar Ganj
Singrauli 304396",Sonipat,695663,08-04-2023,New,20,1180.95,
64823226,Vasudha Sheth,ramanathanridhi@example.org,9.14329E+11,"73/53, Bahri Road, Vijayanagaram 763383",Tirupati,611999,08-04-2023,Premium,5,614.1,
36578947,Ekansh Madan,gdeep@example.org,9.14202E+11,"70/297
Krishnan Path
Dindigul 513144",Ranchi,68770,08-04-2023,New,18,1698.54,
44928499,Aarav Andra,sonikabir@example.org,9.10814E+11,"H.No. 730
Saraf Marg, Lucknow-500239",Ramgarh,227609,09-04-2023,New,10,915.27,
13441874,Hemang Sandal,ysingh@example.net,9.19735E+11,"89/07, Sangha Ganj
Suryapet-403179",Berhampur,970701,09-04-2023,Inactive,2,602.63,
41874489,Vrishti Baria,varsha76@example.com,9.17972E+11,"70
Sawhney Street, Agra 309466",Ahmedabad,285855,09-04-2023,Regular,2,1944.43,
22293666,Gopal Kumar,imaran02@example.net,9.16533E+11,"H.No. 605, Raval Street, Gudivada-682740",Saharsa,447206,09-04-2023,New,2,1671.53,
95594611,Dayita Dass,vaidyasuhani@example.org,9.14765E+11,"02/97, Kanda Path, Mangalore-954268",Thiruvananthapuram,280153,09-04-2023,Regular,1,797.28,
12272282,Dev Bal,vbansal@example.com,9.16009E+11,"H.No. 79, Mody Ganj, Noida-764569",Sikar,555117,09-04-2023,Regular,20,1750.74,
78014505,Kashish Chakraborty,pkala@example.com,9.13353E+11,"570, Dar Zila, Davanagere 616549",Kottayam,798846,09-04-2023,New,1,696.29,
76438648,Faraj Radhakrishnan,sandalpanini@example.org,9.16669E+11,"H.No. 17, Aurora Street
Ujjain 452078",Dewas,418024,10-04-2023,New,6,854.68,
9551011,Idika Chand,gpall@example.net,9.19189E+11,"95/44, Gandhi Path
Ahmednagar-651346",Navi Mumbai,648770,10-04-2023,Inactive,7,1786.78,
83701325,Chasmum Rau,advaithupadhyay@example.net,9.193E+11,"H.No. 191, Rout Circle
Narasaraopet 526905",Dehradun,227249,11-04-2023,Premium,10,1515.8,
28428852,Libni Dada,pranit07@example.net,9.16087E+11,"04/861, Kaul Chowk
Sikar-365292",Mira-Bhayandar,367282,11-04-2023,Inactive,7,872.25,
48281892,Teerth Mukherjee,toordakshesh@example.org,9.11237E+11,"H.No. 706
Lal Path
Visakhapatnam-582362",Vellore,691199,11-04-2023,New,6,1653.39,
99695529,Charvi Tripathi,srivastavalipika@example.net,9.1243E+11,"H.No. 603
Venkataraman Nagar, South Dumdum 271814",North Dumdum,159869,11-04-2023,New,12,1751.77,
20343501,Anthony Krishnamurthy,sahotamax@example.net,9.16911E+11,"H.No. 940, Bose Zila
Aizawl 529946",Sasaram,655005,12-04-2023,Inactive,19,1070.47,
43784632,Adya Johal,tbrar@example.com,9.12407E+11,"34/579, Dhingra Street, Nagaon 995800",Gandhinagar,171799,12-04-2023,Inactive,12,694.85,
65782437,Geetika Kara,warda03@example.com,9.1963E+11,"H.No. 81, Nayar Chowk
Adoni-598184",Haldia,643529,12-04-2023,New,4,1215.48,
35690581,Sachi Jani,janyabadami@example.com,9.10791E+11,"H.No. 08, Setty, Raipur 629247",Gorakhpur,538003,12-04-2023,Inactive,15,1603.16,
40643232,Falguni Chand,rajeshri70@example.com,9.12894E+11,"43, Dora Road
Dhanbad 332848",Salem,249528,12-04-2023,Regular,4,1374.71,
80404839,Kashish Dora,pushti81@example.net,9.12464E+11,"H.No. 24
Pant Street, Mathura 348430",Katni,642727,13-04-2023,Inactive,10,1537.35,
64106072,Pratyush Majumdar,riasheth@example.org,9.11641E+11,"H.No. 009
Sharma Marg
Loni 610495",Deoghar,787371,13-04-2023,Inactive,3,1704.43,
65903057,Krishna Shroff,anthonyparsa@example.org,9.13179E+11,"64/68, Sridhar Circle, Bhubaneswar 362647",Uluberia,847572,13-04-2023,Regular,14,1181.71,
32868927,Anjali Lala,maanasgarg@example.org,9.12497E+11,"59/920, Chhabra Chowk, Udaipur-321781",Karimnagar,28876,13-04-2023,New,19,926.68,
79866758,Chavvi Dhar,fbakshi@example.net,9.1217E+11,"H.No. 35, Rout Chowk, Bhiwani-310539",Malda,912239,13-04-2023,Inactive,14,598.03,
91448742,Henry Badal,chaudhryomya@example.org,9.1494E+11,"61, Tripathi Ganj
Nanded-543392",Bongaigaon,13029,13-04-2023,Regular,1,1536.39,
89874335,Mitali Sheth,sinhahemang@example.org,9.12129E+11,"58/50, Batta Zila, Chandigarh 648087",Raiganj,701928,14-04-2023,New,15,808.55,
1771249,Samesh Devi,osant@example.org,9.12871E+11,"95/77
Merchant Zila
Faridabad-209978",Bathinda,348054,14-04-2023,New,4,790.78,
73363613,Aradhana Bala,bumbanjali@example.net,9.17239E+11,"613
Kumar Street
Mau 644080",Gopalpur,173439,14-04-2023,Premium,3,400,
18229949,William Bora,nlata@example.org,9.18795E+11,"038
Varty Zila
Berhampore-791959",Danapur,397135,15-04-2023,Inactive,10,466.33,
29451600,Max Shankar,bchoudhry@example.com,9.19631E+11,"H.No. 89, Babu Zila, Bangalore 287095",Amritsar,191584,15-04-2023,New,5,1882.69,
86050297,Vincent Sahni,bhardwajwidisha@example.com,9.1763E+11,"954, Dubey Ganj
Siliguri 525261",Sikar,756155,15-04-2023,Inactive,16,941.51,
88167544,Fariq Chawla,nachiketgrewal@example.org,9.17327E+11,"464
Toor Marg, Amroha 537677",Mirzapur,766641,15-04-2023,New,10,1097.35,
2164524,Kamala Natt,abha02@example.net,9.14519E+11,"H.No. 130
Bhakta Chowk
Morbi-605758",Rohtak,398241,16-04-2023,Inactive,1,754.95,
88203688,Chavvi Karan,hsaini@example.org,9.16067E+11,"31/15
Sundaram Road, Meerut-572312",Chittoor,743672,16-04-2023,New,9,1570.98,
78903046,Dakshesh Sundaram,nidrachowdhury@example.com,9.14597E+11,"63/496, Zacharia, Nagpur 548720",Karawal Nagar,481302,16-04-2023,Regular,7,1371.83,
90743791,Vidhi Saxena,yasti64@example.net,9.19003E+11,"H.No. 239, Kuruvilla Marg, Shivpuri 484426",Morbi,187890,16-04-2023,Inactive,5,1871.81,
67528368,Anay Rana,sundersaksham@example.org,9.18947E+11,"616, Ramakrishnan Chowk
Rajpur Sonarpur-831812",Suryapet,173070,16-04-2023,Premium,13,1897.75,
94137242,Rohan Mallick,wasonmohammed@example.net,9.17286E+11,"H.No. 80, Varty Street, Narasaraopet-597623",Bhagalpur,104396,17-04-2023,New,14,1592.85,
12088552,Aditya Barman,draj@example.org,9.12767E+11,"17/59, Dutta Street, Siwan 346894",Patiala,82581,17-04-2023,Premium,3,1137.83,
15599514,Yashodhara Magar,jeetbansal@example.org,9.13661E+11,"H.No. 586, Sawhney Zila
Jamnagar-849026",Tezpur,170702,18-04-2023,Regular,20,1171.07,
21461764,Nandini Bassi,yahvi51@example.org,9.1491E+11,"H.No. 05, Mohanty Street
Jamalpur 866732",Singrauli,431789,18-04-2023,Premium,15,1689.46,
8536503,Ubika Om,daminikala@example.com,9.11159E+11,"76/125, Bora Chowk
Bharatpur-089713",Ramagundam,111678,19-04-2023,Regular,9,399.57,
39150258,Dalaja Choudhury,beraprisha@example.com,9.13079E+11,"08/794
Jha Circle
Bhavnagar 975604",Gandhinagar,788644,19-04-2023,Inactive,17,945.82,
46146390,Yashoda Sani,jalsaluthra@example.net,9.10548E+11,"693
Rege
Salem 039470",Bahraich,255938,19-04-2023,Premium,4,271.5,
13197985,Gaurika Balasubramanian,divya22@example.org,9.15071E+11,"H.No. 212
Amble Path
Tiruchirappalli-691683",Nanded,299635,19-04-2023,Premium,19,516.21,
29095552,Gunbir Vala,sathvikbala@example.com,9.11939E+11,"49/46
Mangal
Morena-353261",Amritsar,893254,19-04-2023,Inactive,17,1617.63,
16547602,Geetika Das,loyalchakradhar@example.net,9.1275E+11,"H.No. 17, Babu Path
Gangtok-674523",Nadiad,216025,19-04-2023,Inactive,14,1240.96,
69242672,Ranveer Sheth,sidhuparth@example.com,9.1491E+11,"38/907, Maharaj Ganj
Panihati 378139",Gandhidham,791492,19-04-2023,Regular,3,1490.73,
50015282,Ekbal Shan,goyalhema@example.com,9.13239E+11,"685
Oza Ganj
Patna-922777",Berhampore,448354,20-04-2023,Regular,9,1392.05,
84468124,Ishanvi Parmar,senanmol@example.net,9.11837E+11,"78/351, Shenoy Chowk, Maheshtala 333932",Gaya,311182,20-04-2023,Premium,12,859.39,
11493380,Jhalak Peri,tbhatia@example.org,9.1978E+11,"56/011
Chanda
Jammu-972081",Madurai,767391,20-04-2023,Regular,16,422.74,
93924203,Xalak Goyal,iyengaryashoda@example.net,9.19121E+11,"H.No. 86
Bath Path, Aligarh 524302",Jorhat,23557,21-04-2023,Premium,18,1360.15,
17341194,Faras Kaul,jairajdhawan@example.net,9.15939E+11,"60, Sama Street, Ambattur-994166",Burhanpur,328247,21-04-2023,Premium,18,1530.18,
67908555,Brinda Bahl,triptiatwal@example.org,9.1085E+11,"H.No. 808
Chakraborty Marg
Bhopal 248842",Chittoor,757455,21-04-2023,New,16,1746.83,
90298394,Urvashi Oak,tacharya@example.com,9.16128E+11,"82, Nagi Ganj
Kulti 065984",Bhilwara,744905,22-04-2023,Regular,1,1947.79,
36885115,Agastya Contractor,swaminathanranbir@example.org,9.12273E+11,"24
Peri Circle
Bellary-534501",Latur,930913,22-04-2023,Regular,7,1248.24,
66655397,Hemal Grover,xalak59@example.org,9.17971E+11,"H.No. 663, Badal Road, Dewas 856228",Pali,154251,23-04-2023,New,5,775.85,
52409516,Rehaan Jha,ekanshpadmanabhan@example.org,9.15614E+11,"08/25
Gokhale Chowk, Dewas 028514",Jabalpur,502565,23-04-2023,Inactive,13,435.47,
23126657,Ekiya Sekhon,ochakraborty@example.org,9.10823E+11,"00
Talwar Path
Silchar 399086",Bahraich,52603,23-04-2023,Premium,1,1034.23,
81377917,Nachiket Panchal,chaitaly28@example.org,9.10459E+11,"25/190, Chawla Marg
Madurai-829332",Maheshtala,538657,23-04-2023,Inactive,16,739.14,
10951674,Anmol Lad,charlesmander@example.com,9.12894E+11,"H.No. 66
Rout Path
Kulti 733466",Guna,284622,23-04-2023,Inactive,4,1590.36,
19581959,Eesha Sahota,kannanlibni@example.org,9.12909E+11,"728, Sarna, Katihar-382238",Ghaziabad,187788,23-04-2023,Premium,5,1517.34,
9650263,Samar Vasa,gpadmanabhan@example.com,9.10523E+11,"01/76
Mani Road
Chittoor-256884",Gandhidham,40161,24-04-2023,New,5,843.98,
60495351,Henry Rana,ebhakta@example.org,9.11361E+11,"813
Krish Street
Nagpur-312112",Srikakulam,246691,24-04-2023,New,11,407.03,
55936462,Upkaar Mahajan,saanviseth@example.org,9.1473E+11,"83
Sridhar Path, Siwan-890863",Berhampur,622771,24-04-2023,New,5,338.13,
26903313,Chandresh Sandal,chandreshyohannan@example.org,9.18586E+11,"H.No. 834, Mistry Circle, Jalna 276281",Bhimavaram,460961,25-04-2023,Regular,1,284,
51034600,Ubika Borah,gandhijanaki@example.org,9.1676E+11,"29/54
Sampath Path, Sasaram 799764",Bhilai,647372,25-04-2023,Inactive,2,1574.01,
97492493,Alexander Ray,zkalla@example.com,9.11674E+11,"52/62
Srinivasan Marg, Tirupati 141027",Singrauli,867234,26-04-2023,Inactive,8,1310.07,
68486301,Bachittar Misra,kallaneel@example.net,9.13418E+11,"53/56, Sandhu Road, Kharagpur-982343",Kanpur,146326,26-04-2023,Inactive,10,205.49,
35705377,Wahab Bobal,ybajaj@example.net,9.16852E+11,"H.No. 592, Gour Marg
Bettiah-550001",Tumkur,31549,26-04-2023,Regular,8,1250.37,
66629497,Widisha Kaur,vihaanchanda@example.org,9.13283E+11,"H.No. 67, Basu Chowk, Deoghar-929341",Vellore,229594,26-04-2023,Regular,7,1994.7,
24337950,Ishwar Chakraborty,xbatta@example.com,9.10611E+11,"H.No. 118
Sathe Marg
Rajkot 400500",Haridwar,17750,26-04-2023,Inactive,20,1845.42,
27038630,Megha Thakkar,zinalsarna@example.com,9.16726E+11,"H.No. 81
Sama Street, Danapur-137828",Fatehpur,393286,27-04-2023,Regular,11,1307.28,
191616,Brijesh Tata,yadavipatla@example.org,9.18144E+11,"19/151, Bera Nagar, Surendranagar Dudhrej-068367",Pallavaram,587079,27-04-2023,Regular,4,1053.7,
85218071,Panini Mani,bhavanighosh@example.org,9.12901E+11,"397
Ramaswamy Nagar, Motihari-389474",Hyderabad,908140,28-04-2023,New,20,1125.33,
68939350,Rachita Dhar,nicholas19@example.net,9.19682E+11,"H.No. 89, Sunder Zila
Tadipatri 192695",Machilipatnam,156078,28-04-2023,Premium,17,304.51,
73799927,Tamanna Kashyap,ldin@example.net,9.17099E+11,"98/56
Singhal Road, Hubli–Dharwad-489531",Ambala,580131,28-04-2023,New,4,1121.27,
65488134,Faqid Kar,naveen31@example.net,9.18977E+11,"64, Dave Path, Dehri 202368",Agra,187467,28-04-2023,New,12,853.49,
26303194,Janaki Parsa,bhargavanachiket@example.org,9.11394E+11,"49
Varghese Road, Raichur-972279",Pali,544786,29-04-2023,Premium,18,1045.94,
63870636,Darpan Bhatia,chakradhardutt@example.com,9.19558E+11,"41, Gulati Street
Mango 906100",Aurangabad,349728,29-04-2023,Premium,1,497.93,
16410155,Darika Barman,bathrohan@example.com,9.13151E+11,"93/97
Nazareth, Chennai 927497",Bidhannagar,306843,29-04-2023,Premium,8,601.32,
46828932,Balveer De,nachiketdewan@example.net,9.1844E+11,"H.No. 71
Loyal Marg
Nandyal-033113",Eluru,878564,30-04-2023,Premium,4,391.22,
81541985,Panini Padmanabhan,valagunbir@example.org,9.1569E+11,"06/571
Deshmukh Nagar, Latur-947001",Asansol,221829,30-04-2023,Regular,17,894.34,
21270783,Aarna Vig,asrivastava@example.com,9.16453E+11,"692
Vala Road
Morena 501812",Bhavnagar,551325,01-05-2023,New,3,1508.8,
48716374,Chaman Merchant,fchaudhari@example.org,9.10509E+11,"97/515, Prasad Path
Allahabad 009477",Hapur,590658,01-05-2023,Premium,20,1475.82,
60620291,Upkaar Suresh,tarak64@example.net,9.12341E+11,"H.No. 863
Pant Street
Bhusawal-846427",Karaikudi,201870,01-05-2023,Regular,15,1791.39,
12769552,Chameli Ranganathan,yutikaraja@example.org,9.11478E+11,"32/73, Yadav Zila, Junagadh-515395",Ratlam,414930,03-05-2023,Regular,10,1316.09,
3399251,Ekalinga Bhatt,karinakul@example.org,9.11258E+11,"H.No. 246, Narasimhan Nagar, Anand 951847",Solapur,498701,03-05-2023,New,20,937.11,
80269328,Daksha Saxena,xchandran@example.net,9.19481E+11,"23
Tripathi Zila, Faridabad 904585",Ambattur,153808,03-05-2023,Premium,15,976.36,
60967677,Chatura Sandhu,alexander15@example.org,9.1824E+11,"65/92, Chand Chowk, Ambarnath 994843",Agartala,938373,03-05-2023,Premium,11,398.48,
34073080,Pushti Gour,rdoshi@example.org,9.18446E+11,"31
Kant
Sikar 368740",Thrissur,227379,04-05-2023,Regular,10,1285.18,
70529459,Zayyan Parsa,alexanderbajaj@example.org,9.19342E+11,"84/461, Ahuja Circle, Nadiad-378990",Pondicherry,829855,04-05-2023,Regular,5,203.05,
54952806,Manya Kohli,vchatterjee@example.net,9.13672E+11,"89/53, Vyas Zila
Madhyamgram 137643",Coimbatore,592310,04-05-2023,Regular,1,1142.91,
75081265,Gaurav Luthra,mohantygautam@example.net,9.11061E+11,"H.No. 108
Kapur Nagar, Gandhinagar-700004",Nizamabad,292847,04-05-2023,Premium,2,958.17,
57566548,Oliver Tella,vasudhasawhney@example.com,9.10799E+11,"50/831
Mall Zila, Rohtak-640640",Arrah,898935,04-05-2023,Regular,14,1058.02,
13796199,Pallavi Mutti,gangulylogan@example.com,9.17819E+11,"H.No. 89
Manne Ganj, Unnao-048441",Deoghar,8504,04-05-2023,Regular,20,1016.92,
90246977,Yuvraj Chacko,zinal84@example.org,9.13475E+11,"H.No. 88, Chandra Marg
Tirupati 850392",Tiruchirappalli,720144,05-05-2023,Premium,1,1375.17,
60371334,Shaurya Kuruvilla,anvisharma@example.net,9.18887E+11,"35/590
Balan Marg
Sikar 101616",Purnia,250315,05-05-2023,Inactive,15,355.81,
75828735,Yahvi Hegde,ctripathi@example.net,9.13461E+11,"57/89
Mohanty Chowk
Sri Ganganagar-144843",Ramagundam,717189,05-05-2023,New,18,1400.05,
31622158,Omya Modi,bailjonathan@example.com,9.19629E+11,"H.No. 399
Yadav Marg, Mango 503337",Kolhapur,478462,06-05-2023,New,20,504.15,
66761643,Samuel Mukherjee,wriddhishwagle@example.net,9.15803E+11,"63
Goel Zila
Ichalkaranji 944267",Anand,695591,07-05-2023,Regular,20,1432.01,
57674875,Kiaan Shukla,palanazad@example.com,9.16492E+11,"41, Memon Road, Bilaspur-628397",Burhanpur,110402,07-05-2023,Regular,16,1666.12,
10769994,Tripti Tandon,aradhana79@example.org,9.17982E+11,"352
Agrawal Road, Siwan 961199",Begusarai,766033,07-05-2023,Regular,10,1122.23,
20940403,Tanvi Kala,zayyan13@example.com,9.18271E+11,"H.No. 537
Krishna Circle
Gurgaon 910763",Dhule,711075,08-05-2023,Premium,11,1511.1,
30455484,Lajita Ravel,agateamrita@example.com,9.17635E+11,"H.No. 62
Talwar Zila, Rampur-538869",Katni,819570,08-05-2023,New,2,1001.64,
9048817,Bhavika Banik,jkhurana@example.org,9.16309E+11,"H.No. 866, Reddy Zila, Surat 956469",Udaipur,205466,08-05-2023,Inactive,1,222.89,
42797397,Banjeet Shanker,upkaar20@example.com,9.18447E+11,"83/59, Kanda Ganj
Guna-842560",Jaunpur,518798,08-05-2023,Premium,8,640.54,
74172010,Urvi Rajagopalan,singhallohit@example.net,9.14421E+11,"31/99
Banerjee Nagar
Ballia 120751",Tadipatri,216145,08-05-2023,Inactive,3,1963.77,
54877984,Ubika Basak,ayaan26@example.org,9.17512E+11,"H.No. 68
Tank Circle
Kolhapur 888923",Visakhapatnam,784114,09-05-2023,Inactive,14,736.62,
55028958,Pavani Yadav,mallorinder@example.org,9.10013E+11,"71/201, Swamy, Thoothukudi-983182",Howrah,918618,10-05-2023,New,17,1168.29,
40277444,Damyanti Acharya,naksh70@example.org,9.18723E+11,"29/24, Krish Nagar, Baranagar-937508",Panihati,401259,10-05-2023,New,1,251.79,
42514124,Bakhshi Sodhi,tsuri@example.org,9.11512E+11,"461, Kashyap Street, Anand-025146",Bally,107629,10-05-2023,Inactive,7,1958.97,
54799731,Rushil Palan,agatemanya@example.org,9.16807E+11,"99/811, Khatri Zila
Bhilwara 448234",Jaipur,387529,10-05-2023,Premium,14,1150.73,
78738569,Eiravati Sundaram,onkar24@example.com,9.1432E+11,"H.No. 791, Sur Path
Bally 982559",Dewas,342448,10-05-2023,Inactive,4,376.5,
53538932,Quincy Nanda,maya02@example.com,9.19604E+11,"H.No. 57
Mander Ganj
Katni-110592",Thoothukudi,932768,11-05-2023,Premium,9,1763.76,
80800079,Shivani Barad,csanghvi@example.net,9.19371E+11,"62/36, Bhatnagar Zila, Tiruchirappalli-339874",Bidhannagar,221116,12-05-2023,Inactive,18,508.84,
59517074,Aarav Murty,chadhameera@example.com,9.12806E+11,"H.No. 17, Mane Circle
Davanagere 301952",Ichalkaranji,862020,12-05-2023,Premium,3,1693.23,
98225598,Neelima Som,gyohannan@example.com,9.10109E+11,"824
Narasimhan
Malda 057726",Sambalpur,731095,12-05-2023,Premium,9,1190.21,
36222767,Alka Behl,revakrishna@example.net,9.17824E+11,"H.No. 34
Rau Circle, Indore-735262",Mango,124336,12-05-2023,Inactive,7,478.18,
97475543,Niharika Nagi,ektataneja@example.org,9.12988E+11,"23, Nayar Path, Bihar Sharif-154625",Udupi,321865,13-05-2023,Premium,13,451.92,
18259715,Finn Chacko,ggala@example.org,9.10239E+11,"H.No. 080
Kari, Deoghar 884791",Pudukkottai,635726,14-05-2023,Regular,9,1731.11,
63571453,Praneel Saran,jaggikala@example.com,9.1423E+11,"325, Banik Path
New Delhi-923781",Kanpur,844591,14-05-2023,Premium,1,1367.12,
77497950,Omkaar Varughese,ayushmanpandya@example.com,9.1354E+11,"28, Sundaram Chowk
Malda-158069",Kolkata,579158,14-05-2023,New,7,1852.77,
64722323,Harish Kant,tamannamody@example.com,9.14781E+11,"43/894, Aggarwal Zila, Jammu-664304",Dibrugarh,61375,14-05-2023,New,7,1785.47,
19216141,Teerth Manda,ksinghal@example.org,9.12044E+11,"069
Patil Road, Tinsukia-750405",Giridih,829446,14-05-2023,Premium,9,1428.54,
48511124,Girish Shankar,aggarwalhenry@example.org,9.12704E+11,"H.No. 39, Sekhon Street, Sagar 312966",Korba,315557,15-05-2023,Inactive,10,1076.14,
79764621,Darpan Sastry,dayita64@example.org,9.15525E+11,"H.No. 910, Bora Zila, Tezpur-561747",Rajahmundry,148516,15-05-2023,Premium,5,1830.61,
14323169,Jai Raj,widishamerchant@example.org,9.13915E+11,"54
Ramanathan Chowk, Miryalaguda-463278",Firozabad,781242,15-05-2023,Inactive,20,1651.18,
88215615,Falan Dar,pushtitank@example.org,9.17047E+11,"011, Kala Street, Bhind 443656",Bongaigaon,542991,16-05-2023,New,14,1520.12,
50088518,Osha Lata,divyasangha@example.com,9.10224E+11,"76/517, Bahri Ganj
Gorakhpur-258199",Dewas,225890,16-05-2023,Regular,14,509.41,
34588087,Tanmayi Vyas,mishravinaya@example.com,9.1601E+11,"H.No. 24
Uppal Road
Chandigarh 908113",Shimla,385345,16-05-2023,New,11,1341.14,
91550885,Isaiah Basu,upadhyayekansh@example.org,9.1523E+11,"28/00
Salvi Chowk
Srikakulam-844769",Alappuzha,96313,17-05-2023,New,14,1404.12,
18896771,Tejas Wable,edhitha15@example.org,9.10297E+11,"37/659
Brahmbhatt, Darbhanga-901609",Ramagundam,350815,17-05-2023,Inactive,12,1906.46,
82948843,Nathan Seth,hamsinipanchal@example.com,9.12381E+11,"08/008, Konda, Jalna-179579",Phusro,672485,17-05-2023,Regular,13,1629.2,
73869823,Nathan Ratti,radhakrishnanaarav@example.com,9.15123E+11,"226, Lala Path
Satara 401183",Mysore,570165,18-05-2023,Regular,8,1225.49,
85020453,Hamsini Tripathi,shaurya77@example.com,9.17672E+11,"96/221
Morar Circle, Ambattur 315265",Jaunpur,938416,18-05-2023,Premium,14,1343.69,
44410149,Dhruv Patel,brarmitesh@example.net,9.11126E+11,"H.No. 20
Raval Nagar, Saharsa-744305",Pondicherry,600152,18-05-2023,New,14,1440.46,
45503888,Brinda Natarajan,udeol@example.org,9.1338E+11,"87/41
Bajwa Ganj
Anand 459332",Raurkela Industrial Township,813444,18-05-2023,Premium,5,669.46,
5386246,Oeshi Dhillon,mallmaya@example.com,9.19402E+11,"41/05
Cheema Marg, Durg-626411",Kadapa,956529,19-05-2023,Inactive,5,1741.42,
13251137,Ekalinga Vasa,kibesiddharth@example.net,9.1108E+11,"926, Pradhan Ganj, Silchar-691207",Rampur,87377,19-05-2023,Premium,2,1633.07,
31076002,Urvi Wali,rachit18@example.net,9.10697E+11,"H.No. 94, Nanda
Karnal 471409",Tinsukia,177431,19-05-2023,New,5,1389.14,
33608451,Lohit Dugar,vgera@example.net,9.12059E+11,"666, Magar Street
Udupi 424461",Madurai,317235,19-05-2023,Inactive,5,774.65,
49915498,Harini Mangal,aahana49@example.com,9.1046E+11,"H.No. 932
Baral Road
Katni 070915",Jalandhar,107053,19-05-2023,Premium,2,950.88,
69276352,Jason Goel,rachit92@example.net,9.1526E+11,"471
Datta Marg
Delhi-184705",Mysore,458924,20-05-2023,Inactive,2,1425.64,
7378768,Shravya Dada,mason45@example.net,9.18806E+11,"660, Chokshi
Madurai 598172",Bellary,671584,20-05-2023,New,8,698.59,
99361865,Ekantika Ravel,bhasinsiddharth@example.com,9.11376E+11,"53/83
Munshi Chowk
Ramgarh-680245",Berhampur,172106,21-05-2023,New,20,1423.56,
42723554,Pranit Wagle,bordeorinder@example.net,9.12997E+11,"29/952, Kanda Circle, Nagaon 965580",Gandhinagar,41927,21-05-2023,Regular,10,731.97,
81420960,Warda Chanda,korpalomya@example.net,9.12179E+11,"H.No. 428
Kade Street, Vijayanagaram 476346",Hazaribagh,367446,21-05-2023,Inactive,2,269.4,
47625855,Caleb Brar,eeshanigam@example.com,9.19001E+11,"H.No. 81
Kari Road
Nagercoil-798440",Mango,918327,21-05-2023,New,6,515.69,
10797688,Sudiksha Mannan,janigauri@example.net,9.11174E+11,"782, Golla Ganj
Kottayam-979207",Bathinda,220981,22-05-2023,New,7,1017.39,
59094034,Ekanta Dass,johalkala@example.net,9.18448E+11,"H.No. 49
Khare Zila, Khammam-745540",Nangloi Jat,513907,22-05-2023,Regular,1,771.9,
70221073,David Setty,ekansh32@example.org,9.1112E+11,"20
Zacharia Road, Satara-435232",Etawah,358801,22-05-2023,Premium,16,1074.21,
61763552,Gopal Parikh,quincykanda@example.net,9.12839E+11,"H.No. 63, Pau Nagar
Erode-421681",Panihati,82019,22-05-2023,Inactive,5,241.81,
93735495,Urvi Prasad,sanyathaman@example.org,9.1469E+11,"H.No. 537, Solanki Nagar, Adoni-229163",Jehanabad,984732,23-05-2023,Regular,7,871.15,
25661033,Raksha Kannan,akshaymann@example.net,9.13957E+11,"H.No. 19
Gole Ganj
Ludhiana-452366",Miryalaguda,761294,23-05-2023,New,3,1020.5,
17201639,Vidhi Toor,qsani@example.com,9.13883E+11,"H.No. 413
Bera Marg
Madhyamgram 098129",Korba,139363,23-05-2023,New,15,1472.23,
22020776,Manan Banerjee,zpal@example.net,9.1247E+11,"11, Sura Chowk
Hajipur-950505",Bhiwandi,681898,23-05-2023,Regular,10,714.21,
79960955,Chatresh Samra,yohannanshaurya@example.org,9.1799E+11,"H.No. 533, Grover Chowk
Panvel 187331",New Delhi,606822,23-05-2023,New,18,381.62,
72079189,Bhavani Gupta,siddharth05@example.net,9.13332E+11,"434, Basu Street
Guna 218695",Hosur,446112,23-05-2023,Inactive,17,1383.05,
71771782,Jalsa Bansal,jasmitgola@example.org,9.17867E+11,"44/554, Sampath Street, Jalandhar-983074",Farrukhabad,382294,23-05-2023,Inactive,8,1091.61,
71905368,Chameli Magar,ugulati@example.org,9.14462E+11,"26/58, Sawhney Road
Ichalkaranji 364954",Bathinda,943076,24-05-2023,Premium,7,479.45,
50781611,Jeremiah Mallick,battayashasvi@example.com,9.1625E+11,"010
Raju Zila, Sikar 787053",Nagpur,441000,24-05-2023,Regular,16,315.86,
25659794,Rajeshri Radhakrishnan,ganga35@example.org,9.11384E+11,"H.No. 973
Tara Street
Jorhat 869913",Buxar,619160,25-05-2023,Inactive,11,1192.81,
7228206,Anmol Koshy,rdevi@example.com,9.13517E+11,"95
Sinha Path, Ludhiana-771856",Jalgaon,132617,25-05-2023,New,15,843.79,
86444757,Zaitra Walia,jason88@example.org,9.17107E+11,"980, Boase Path
Shimoga 779674",Jabalpur,546325,25-05-2023,New,10,1212.75,
83412446,Libni Kunda,deovritti@example.net,9.11345E+11,"807
Natarajan Nagar, Karimnagar 936960",Avadi,389792,25-05-2023,Inactive,13,1935.31,
49769532,Yashawini Barman,gbath@example.net,9.12466E+11,"62, Lal Circle, Berhampore-806602",Ramagundam,677659,25-05-2023,Premium,20,1923.39,
53299455,Rushil Gupta,wcherian@example.org,9.13503E+11,"80/32, Acharya Nagar, Bathinda-734196",Bijapur,963064,25-05-2023,Premium,7,838.66,
12814732,Janya Soni,shenoyharita@example.net,9.17963E+11,"054
Acharya Ganj, Dhanbad 214980",Karaikudi,768626,26-05-2023,Regular,8,1473.36,
20148223,Manbir Dua,schar@example.org,9.10842E+11,"H.No. 573, Comar Road, Proddatur-125060",Kamarhati,675142,26-05-2023,Inactive,5,599.99,
51174875,Sara Prasad,oviyabhardwaj@example.com,9.18588E+11,"H.No. 252
Sami Marg
Kochi 597640",Saharsa,739236,26-05-2023,Inactive,7,1276.61,
12778027,Eshana Prabhu,isha32@example.com,9.14584E+11,"H.No. 446
Soni
Bihar Sharif 011073",New Delhi,862253,26-05-2023,New,9,1513.18,
767523,Maya Khosla,khannaijaya@example.org,9.18702E+11,"H.No. 10
Venkatesh Street, Kakinada 570578",Vasai-Virar,375272,27-05-2023,Inactive,13,1737.28,
4057678,Brijesh Khalsa,rrai@example.org,9.1964E+11,"96/44, Bhargava
Bikaner 112116",Kadapa,383118,27-05-2023,Inactive,19,882.63,
2457734,Onkar Garg,warhi85@example.com,9.14166E+11,"51/82, Sathe Marg
Khora  495386",Ahmednagar,317271,27-05-2023,Premium,12,923.06,
66310963,Farhan Khare,bavaatharv@example.com,9.10533E+11,"95/373, Mohanty Marg, Visakhapatnam-528253",Dewas,874424,27-05-2023,Inactive,6,1289.52,
3660263,Jagdish Bains,qsrinivas@example.org,9.13911E+11,"787
Bora Circle, Madurai 132549",Phagwara,202676,27-05-2023,Regular,10,1573.91,
12591752,Zilmil Krishna,ukant@example.org,9.1876E+11,"116, Korpal Ganj
Junagadh 903149",Singrauli,711091,28-05-2023,Inactive,14,740.4,
76441843,Neelima Chander,znadkarni@example.org,9.10527E+11,"H.No. 72, Raja Nagar, Anantapur 525150",Gulbarga,583506,28-05-2023,New,10,1437.54,
13651980,Abhiram Basak,khalsaadweta@example.org,9.15545E+11,"531, Madan Chowk, Alwar-182796",Ranchi,707169,28-05-2023,Inactive,12,308.29,
88046313,Lila Dube,parth32@example.org,9.10875E+11,"33/958
Keer Chowk, South Dumdum-867934",Thane,47308,29-05-2023,Premium,6,726.67,
96461062,Udarsh Lal,jhalak01@example.com,9.18622E+11,"H.No. 475, Bail Ganj, Dehradun-784526",Hosur,683470,29-05-2023,Regular,14,1612.31,
2114782,Brinda Jha,bhardwajwyatt@example.com,9.17945E+11,"H.No. 49
Pant
Gulbarga-778142",Solapur,803955,29-05-2023,Premium,3,1354.66,
72415263,Dakshesh Varughese,karansathvik@example.org,9.15873E+11,"H.No. 661, Kapadia Circle, Giridih-658125",Pallavaram,624264,29-05-2023,Regular,20,1914.18,
90372221,Rajeshri Hayre,pahal62@example.com,9.19263E+11,"H.No. 571, De Chowk, Rampur-364379",Jabalpur,262984,30-05-2023,Regular,6,1923.68,
8122530,Fiyaz Rai,dixitanay@example.org,9.10601E+11,"458
Garg Street, Farrukhabad 058172",Tadepalligudem,666,30-05-2023,Inactive,9,1493.48,
18199057,Xalak Sahni,biswasfalak@example.net,9.15105E+11,"64/26, Walla Ganj
Raebareli-909282",Ratlam,908599,30-05-2023,Inactive,9,1353.93,
23095784,Alka Mitra,mallshivani@example.net,9.12142E+11,"H.No. 701
Mand Zila, Kottayam 983857",Bathinda,360468,30-05-2023,Premium,3,1470.2,
59353207,Aayush Oza,wmangat@example.org,9.14181E+11,"H.No. 293
Divan Road
Berhampur 659733",Khammam,89328,31-05-2023,Inactive,2,1618.52,
19145354,Shivani Deo,bathyashodhara@example.net,9.15556E+11,"21/09, Sawhney Zila
Guwahati-293546",Rohtak,763240,31-05-2023,Inactive,11,963.35,
25747787,Zaid Bobal,dubeyekapad@example.org,9.13578E+11,"086, Mahajan Nagar
Jodhpur-262620",Bikaner,591446,31-05-2023,Inactive,13,835.06,
,,,,,,,,,,,
,,,,,,,,,,,
,,,,,,,,,,,
,,,,,,,,,,,
,,,,,,,,,,,
,,,,,,,,,,,
,,,,,,,,,,,
,,,,,,,,,,,
,,,,,,,,,,,
,,,,,,,,,,,
,,,,,,,,,,,
,,,,,,,,,,,
,,,,,,,,,,,
,,,,,,,,,,,
,,,,,,,,,,,
,,,,,,,,,,,
,,,,,,,,,,,
,,,,,,,,,,,
,,,,,,,,,,,
,,,,,,,,,,,
,,,,,,,,,,,
,,,,,,,,,,,
,,,,,,,,,,,
,,,,,,,,,,,
,,,,,,,,,,,
,,,,,,,,,,,
,,,,,,,,,,,
,,,,,,,,,,,
,,,,,,,,,,,
,,,,,,,,,,,
,,,,,,,,,,,
,,,,,,,,,,,
,,,,,,,,,,,
,,,,,,,,,,,
,,,,,,,,,,,
,,,,,,,,,,,
,,,,,,,,,,,
,,,,,,,,,,,
,,,,,,,,,,,
,,,,,,,,,,,
,,,,,,,,,,,
,,,,,,,,,,,
,,,,,,,,,,,
,,,,,,,,,,,
,,,,,,,,,,,
,,,,,,,,,,,
,,,,,,,,,,,
,,,,,,,,,,,
,,,,,,,,,,,
,,,,,,,,,,,
,,,,,,,,,,,
,,,,,,,,,,,
,,,,,,,,,,,
,,,,,,,,,,,
,,,,,,,,,,,
,,,,,,,,,,,
,,,,,,,,,,,
,,,,,,,,,,,
,,,,,,,,,,,
,,,,,,,,,,,
,,,,,,,,,,,
,,,,,,,,,,,
,,,,,,,,,,,
,,,,,,,,,,,
,,,,,,,,,,,
,,,,,,,,,,,
,,,,,,,,,,,
,,,,,,,,,,,
,,,,,,,,,,,
,,,,,,,,,,,
,,,,,,,,,,,
,,,,,,,,,,,
,,,,,,,,,,,
,,,,,,,,,,,
,,,,,,,,,,,
,,,,,,,,,,,
,,,,,,,,,,,
,,,,,,,,,,,
,,,,,,,,,,,
,,,,,,,,,,,
,,,,,,,,,,,
,,,,,,,,,,,
,,,,,,,,,,,
,,,,,,,,,,,
,,,,,,,,,,,
,,,,,,,,,,,
,,,,,,,,,,,
,,,,,,,,,,,
,,,,,,,,,,,
,,,,,,,,,,,
,,,,,,,,,,,
,,,,,,,,,,,
,,,,,,,,,,,
,,,,,,,,,,,
,,,,,,,,,,,
,,,,,,,,,,,
,,,,,,,,,,,
,,,,,,,,,,,
,,,,,,,,,,,
,,,,,,,,,,,
,,,,,,,,,,,
,,,,,,,,,,,
,,,,,,,,,,,
,,,,,,,,,,,
,,,,,,,,,,,
,,,,,,,,,,,
,,,,,,,,,,,
,,,,,,,,,,,
,,,,,,,,,,,
,,,,,,,,,,,
,,,,,,,,,,,
,,,,,,,,,,,
,,,,,,,,,,,
,,,,,,,,,,,
,,,,,,,,,,,
,,,,,,,,,,,
,,,,,,,,,,,
,,,,,,,,,,,
,,,,,,,,,,,
,,,,,,,,,,,
,,,,,,,,,,,
,,,,,,,,,,,
,,,,,,,,,,,
,,,,,,,,,,,
,,,,,,,,,,,
,,,,,,,,,,,
,,,,,,,,,,,
,,,,,,,,,,,
,,,,,,,,,,,
,,,,,,,,,,,
,,,,,,,,,,,
,,,,,,,,,,,
,,,,,,,,,,,
,,,,,,,,,,,
,,,,,,,,,,,
,,,,,,,,,,,
,,,,,,,,,,,
,,,,,,,,,,,
,,,,,,,,,,,
,,,,,,,,,,,
,,,,,,,,,,,
,,,,,,,,,,,
,,,,,,,,,,,
,,,,,,,,,,,
,,,,,,,,,,,
,,,,,,,,,,,
,,,,,,,,,,,
,,,,,,,,,,,
,,,,,,,,,,,
,,,,,,,,,,,
,,,,,,,,,,,
,,,,,,,,,,,
,,,,,,,,,,,
,,,,,,,,,,,
,,,,,,,,,,,
,,,,,,,,,,,
,,,,,,,,,,,
,,,,,,,,,,,
,,,,,,,,,,,
,,,,,,,,,,,
,,,,,,,,,,,
,,,,,,,,,,,
,,,,,,,,,,,
,,,,,,,,,,,
,,,,,,,,,,,
,,,,,,,,,,,
,,,,,,,,,,,
,,,,,,,,,,,
,,,,,,,,,,,
,,,,,,,,,,,
,,,,,,,,,,,
,,,,,,,,,,,
,,,,,,,,,,,
,,,,,,,,,,,
,,,,,,,,,,,
,,,,,,,,,,,
,,,,,,,,,,,
,,,,,,,,,,,
,,,,,,,,,,,
,,,,,,,,,,,
,,,,,,,,,,,
,,,,,,,,,,,
,,,,,,,,,,,
,,,,,,,,,,,
,,,,,,,,,,,
,,,,,,,,,,,
,,,,,,,,,,,
,,,,,,,,,,,
,,,,,,,,,,,
,,,,,,,,,,,
,,,,,,,,,,,
,,,,,,,,,,,
,,,,,,,,,,,
,,,,,,,,,,,
,,,,,,,,,,,
,,,,,,,,,,,
,,,,,,,,,,,
,,,,,,,,,,,
,,,,,,,,,,,
,,,,,,,,,,,
,,,,,,,,,,,
,,,,,,,,,,,
,,,,,,,,,,,
,,,,,,,,,,,
,,,,,,,,,,,
,,,,,,,,,,,
,,,,,,,,,,,
,,,,,,,,,,,
,,,,,,,,,,,
,,,,,,,,,,,
,,,,,,,,,,,
,,,,,,,,,,,
,,,,,,,,,,,
,,,,,,,,,,,
,,,,,,,,,,,
,,,,,,,,,,,
,,,,,,,,,,,
,,,,,,,,,,,
,,,,,,,,,,,
,,,,,,,,,,,
,,,,,,,,,,,
,,,,,,,,,,,
,,,,,,,,,,,
,,,,,,,,,,,
,,,,,,,,,,,
,,,,,,,,,,,
,,,,,,,,,,,
,,,,,,,,,,,
,,,,,,,,,,,
,,,,,,,,,,,
,,,,,,,,,,,
,,,,,,,,,,,
,,,,,,,,,,,
,,,,,,,,,,,
,,,,,,,,,,,
,,,,,,,,,,,
,,,,,,,,,,,
,,,,,,,,,,,
,,,,,,,,,,,
,,,,,,,,,,,
,,,,,,,,,,,
,,,,,,,,,,,
,,,,,,,,,,,
,,,,,,,,,,,
,,,,,,,,,,,
,,,,,,,,,,,
,,,,,,,,,,,
,,,,,,,,,,,
,,,,,,,,,,,
,,,,,,,,,,,
,,,,,,,,,,,
,,,,,,,,,,,
,,,,,,,,,,,
,,,,,,,,,,,
,,,,,,,,,,,
,,,,,,,,,,,
,,,,,,,,,,,
,,,,,,,,,,,
,,,,,,,,,,,
,,,,,,,,,,,
,,,,,,,,,,,
,,,,,,,,,,,
,,,,,,,,,,,
,,,,,,,,,,,
,,,,,,,,,,,
,,,,,,,,,,,
,,,,,,,,,,,
,,,,,,,,,,,
,,,,,,,,,,,
,,,,,,,,,,,
,,,,,,,,,,,
,,,,,,,,,,,
,,,,,,,,,,,
,,,,,,,,,,,
,,,,,,,,,,,
,,,,,,,,,,,
,,,,,,,,,,,
,,,,,,,,,,,
,,,,,,,,,,,
,,,,,,,,,,,
,,,,,,,,,,,
,,,,,,,,,,,
,,,,,,,,,,,
,,,,,,,,,,,
,,,,,,,,,,,
,,,,,,,,,,,
,,,,,,,,,,,
,,,,,,,,,,,
,,,,,,,,,,,
,,,,,,,,,,,
,,,,,,,,,,,
,,,,,,,,,,,
,,,,,,,,,,,
,,,,,,,,,,,
,,,,,,,,,,,
,,,,,,,,,,,
,,,,,,,,,,,
,,,,,,,,,,,
,,,,,,,,,,,
,,,,,,,,,,,
,,,,,,,,,,,
,,,,,,,,,,,
,,,,,,,,,,,
,,,,,,,,,,,
,,,,,,,,,,,
,,,,,,,,,,,
,,,,,,,,,,,
,,,,,,,,,,,
,,,,,,,,,,,
,,,,,,,,,,,
,,,,,,,,,,,
,,,,,,,,,,,
,,,,,,,,,,,
,,,,,,,,,,,
,,,,,,,,,,,
,,,,,,,,,,,
,,,,,,,,,,,
,,,,,,,,,,,
,,,,,,,,,,,
,,,,,,,,,,,
,,,,,,,,,,,
,,,,,,,,,,,
,,,,,,,,,,,
,,,,,,,,,,,
,,,,,,,,,,,
,,,,,,,,,,,
,,,,,,,,,,,
,,,,,,,,,,,
,,,,,,,,,,,
,,,,,,,,,,,
,,,,,,,,,,,
,,,,,,,,,,,
,,,,,,,,,,,
,,,,,,,,,,,
,,,,,,,,,,,
,,,,,,,,,,,
,,,,,,,,,,,
,,,,,,,,,,,
,,,,,,,,,,,
,,,,,,,,,,,
,,,,,,,,,,,
,,,,,,,,,,,
,,,,,,,,,,,
,,,,,,,,,,,
,,,,,,,,,,,
,,,,,,,,,,,
,,,,,,,,,,,
,,,,,,,,,,,
,,,,,,,,,,,
,,,,,,,,,,,
,,,,,,,,,,,
,,,,,,,,,,,
,,,,,,,,,,,
,,,,,,,,,,,
,,,,,,,,,,,
,,,,,,,,,,,
,,,,,,,,,,,
,,,,,,,,,,,
,,,,,,,,,,,
,,,,,,,,,,,
,,,,,,,,,,,
,,,,,,,,,,,
,,,,,,,,,,,
,,,,,,,,,,,
,,,,,,,,,,,
,,,,,,,,,,,
,,,,,,,,,,,
,,,,,,,,,,,
,,,,,,,,,,,
,,,,,,,,,,,
,,,,,,,,,,,
,,,,,,,,,,,
,,,,,,,,,,,
,,,,,,,,,,,
,,,,,,,,,,,
,,,,,,,,,,,
,,,,,,,,,,,
,,,,,,,,,,,
,,,,,,,,,,,
,,,,,,,,,,,
,,,,,,,,,,,
,,,,,,,,,,,
,,,,,,,,,,,
,,,,,,,,,,,
,,,,,,,,,,,
,,,,,,,,,,,
,,,,,,,,,,,
,,,,,,,,,,,
,,,,,,,,,,,
,,,,,,,,,,,
,,,,,,,,,,,
,,,,,,,,,,,
,,,,,,,,,,,
,,,,,,,,,,,
,,,,,,,,,,,
,,,,,,,,,,,
,,,,,,,,,,,
,,,,,,,,,,,
,,,,,,,,,,,
,,,,,,,,,,,
,,,,,,,,,,,
,,,,,,,,,,,
,,,,,,,,,,,
,,,,,,,,,,,
,,,,,,,,,,,
,,,,,,,,,,,
,,,,,,,,,,,
,,,,,,,,,,,
,,,,,,,,,,,
,,,,,,,,,,,
,,,,,,,,,,,
,,,,,,,,,,,
,,,,,,,,,,,
,,,,,,,,,,,
,,,,,,,,,,,
,,,,,,,,,,,
,,,,,,,,,,,
,,,,,,,,,,,
,,,,,,,,,,,
,,,,,,,,,,,
,,,,,,,,,,,
,,,,,,,,,,,
,,,,,,,,,,,
,,,,,,,,,,,
,,,,,,,,,,,
,,,,,,,,,,,
,,,,,,,,,,,
,,,,,,,,,,,
,,,,,,,,,,,
,,,,,,,,,,,
,,,,,,,,,,,
,,,,,,,,,,,
,,,,,,,,,,,
,,,,,,,,,,,
,,,,,,,,,,,
,,,,,,,,,,,
,,,,,,,,,,,
,,,,,,,,,,,
,,,,,,,,,,,
,,,,,,,,,,,
,,,,,,,,,,,
,,,,,,,,,,,
,,,,,,,,,,,
,,,,,,,,,,,
,,,,,,,,,,,
,,,,,,,,,,,
,,,,,,,,,,,
,,,,,,,,,,,
,,,,,,,,,,,
,,,,,,,,,,,
,,,,,,,,,,,
,,,,,,,,,,,
,,,,,,,,,,,
,,,,,,,,,,,
,,,,,,,,,,,
,,,,,,,,,,,
,,,,,,,,,,,
,,,,,,,,,,,
,,,,,,,,,,,
,,,,,,,,,,,
,,,,,,,,,,,
,,,,,,,,,,,
,,,,,,,,,,,
,,,,,,,,,,,
,,,,,,,,,,,
,,,,,,,,,,,
,,,,,,,,,,,
,,,,,,,,,,,
,,,,,,,,,,,
,,,,,,,,,,,
,,,,,,,,,,,
,,,,,,,,,,,
,,,,,,,,,,,
,,,,,,,,,,,
,,,,,,,,,,,
,,,,,,,,,,,
,,,,,,,,,,,
,,,,,,,,,,,
,,,,,,,,,,,
,,,,,,,,,,,
,,,,,,,,,,,
,,,,,,,,,,,
,,,,,,,,,,,
,,,,,,,,,,,
,,,,,,,,,,,
,,,,,,,,,,,
,,,,,,,,,,,
,,,,,,,,,,,
,,,,,,,,,,,
,,,,,,,,,,,
,,,,,,,,,,,
,,,,,,,,,,,
,,,,,,,,,,,
,,,,,,,,,,,
,,,,,,,,,,,
,,,,,,,,,,,
,,,,,,,,,,,
,,,,,,,,,,,
,,,,,,,,,,,
,,,,,,,,,,,
,,,,,,,,,,,
,,,,,,,,,,,
,,,,,,,,,,,
,,,,,,,,,,,
,,,,,,,,,,,
,,,,,,,,,,,
,,,,,,,,,,,
,,,,,,,,,,,
,,,,,,,,,,,
,,,,,,,,,,,
,,,,,,,,,,,
,,,,,,,,,,,
,,,,,,,,,,,
,,,,,,,,,,,
,,,,,,,,,,,
,,,,,,,,,,,
,,,,,,,,,,,
,,,,,,,,,,,
,,,,,,,,,,,
,,,,,,,,,,,
,,,,,,,,,,,
,,,,,,,,,,,
,,,,,,,,,,,
,,,,,,,,,,,
,,,,,,,,,,,
,,,,,,,,,,,
,,,,,,,,,,,
,,,,,,,,,,,
,,,,,,,,,,,
,,,,,,,,,,,
,,,,,,,,,,,
,,,,,,,,,,,
,,,,,,,,,,,
,,,,,,,,,,,
,,,,,,,,,,,
,,,,,,,,,,,
,,,,,,,,,,,
,,,,,,,,,,,
,,,,,,,,,,,
,,,,,,,,,,,
,,,,,,,,,,,
,,,,,,,,,,,
,,,,,,,,,,,
,,,,,,,,,,,
,,,,,,,,,,,
,,,,,,,,,,,
,,,,,,,,,,,
,,,,,,,,,,,
,,,,,,,,,,,
,,,,,,,,,,,
,,,,,,,,,,,
,,,,,,,,,,,
,,,,,,,,,,,
,,,,,,,,,,,
,,,,,,,,,,,
,,,,,,,,,,,
,,,,,,,,,,,
,,,,,,,,,,,
,,,,,,,,,,,
,,,,,,,,,,,
,,,,,,,,,,,
,,,,,,,,,,,
,,,,,,,,,,,
,,,,,,,,,,,
,,,,,,,,,,,
,,,,,,,,,,,
,,,,,,,,,,,
,,,,,,,,,,,
,,,,,,,,,,,
,,,,,,,,,,,
,,,,,,,,,,,
,,,,,,,,,,,
,,,,,,,,,,,
,,,,,,,,,,,
,,,,,,,,,,,
,,,,,,,,,,,
,,,,,,,,,,,
,,,,,,,,,,,
,,,,,,,,,,,
,,,,,,,,,,,
,,,,,,,,,,,
,,,,,,,,,,,
,,,,,,,,,,,
,,,,,,,,,,,
,,,,,,,,,,,
,,,,,,,,,,,
,,,,,,,,,,,
,,,,,,,,,,,
,,,,,,,,,,,
,,,,,,,,,,,
,,,,,,,,,,,
,,,,,,,,,,,
,,,,,,,,,,,
,,,,,,,,,,,
,,,,,,,,,,,
,,,,,,,,,,,
,,,,,,,,,,,
,,,,,,,,,,,
,,,,,,,,,,,
,,,,,,,,,,,
,,,,,,,,,,,
,,,,,,,,,,,
,,,,,,,,,,,
,,,,,,,,,,,
,,,,,,,,,,,
,,,,,,,,,,,
,,,,,,,,,,,
,,,,,,,,,,,
,,,,,,,,,,,
,,,,,,,,,,,
,,,,,,,,,,,
,,,,,,,,,,,
,,,,,,,,,,,
,,,,,,,,,,,
,,,,,,,,,,,
,,,,,,,,,,,
,,,,,,,,,,,
,,,,,,,,,,,
,,,,,,,,,,,
,,,,,,,,,,,
,,,,,,,,,,,
,,,,,,,,,,,
,,,,,,,,,,,
,,,,,,,,,,,
,,,,,,,,,,,
,,,,,,,,,,,
,,,,,,,,,,,
,,,,,,,,,,,
,,,,,,,,,,,
,,,,,,,,,,,
,,,,,,,,,,,
,,,,,,,,,,,
,,,,,,,,,,,
,,,,,,,,,,,
,,,,,,,,,,,
,,,,,,,,,,,
,,,,,,,,,,,
,,,,,,,,,,,
,,,,,,,,,,,
,,,,,,,,,,,
,,,,,,,,,,,
,,,,,,,,,,,
,,,,,,,,,,,
,,,,,,,,,,,
,,,,,,,,,,,
,,,,,,,,,,,
,,,,,,,,,,,
,,,,,,,,,,,
,,,,,,,,,,,
,,,,,,,,,,,
,,,,,,,,,,,
,,,,,,,,,,,
,,,,,,,,,,,
,,,,,,,,,,,
,,,,,,,,,,,
,,,,,,,,,,,
,,,,,,,,,,,
,,,,,,,,,,,
,,,,,,,,,,,
,,,,,,,,,,,
,,,,,,,,,,,
,,,,,,,,,,,
,,,,,,,,,,,
,,,,,,,,,,,
,,,,,,,,,,,
,,,,,,,,,,,
,,,,,,,,,,,
,,,,,,,,,,,
,,,,,,,,,,,
,,,,,,,,,,,
,,,,,,,,,,,
,,,,,,,,,,,
,,,,,,,,,,,
,,,,,,,,,,,
,,,,,,,,,,,
,,,,,,,,,,,
,,,,,,,,,,,
,,,,,,,,,,,
,,,,,,,,,,,
,,,,,,,,,,,
,,,,,,,,,,,
,,,,,,,,,,,
,,,,,,,,,,,
,,,,,,,,,,,
,,,,,,,,,,,
,,,,,,,,,,,
,,,,,,,,,,,
,,,,,,,,,,,
,,,,,,,,,,,
,,,,,,,,,,,
,,,,,,,,,,,
,,,,,,,,,,,
,,,,,,,,,,,
,,,,,,,,,,,
,,,,,,,,,,,
,,,,,,,,,,,
,,,,,,,,,,,
,,,,,,,,,,,
,,,,,,,,,,,
,,,,,,,,,,,
,,,,,,,,,,,
,,,,,,,,,,,
,,,,,,,,,,,
,,,,,,,,,,,
,,,,,,,,,,,
,,,,,,,,,,,
,,,,,,,,,,,
,,,,,,,,,,,
,,,,,,,,,,,
,,,,,,,,,,,
,,,,,,,,,,,
,,,,,,,,,,,
,,,,,,,,,,,
,,,,,,,,,,,
,,,,,,,,,,,
,,,,,,,,,,,
,,,,,,,,,,,
,,,,,,,,,,,
,,,,,,,,,,,
,,,,,,,,,,,
,,,,,,,,,,,
,,,,,,,,,,,
,,,,,,,,,,,
,,,,,,,,,,,
,,,,,,,,,,,
,,,,,,,,,,,
,,,,,,,,,,,
,,,,,,,,,,,
,,,,,,,,,,,
,,,,,,,,,,,
,,,,,,,,,,,
,,,,,,,,,,,
,,,,,,,,,,,
,,,,,,,,,,,
,,,,,,,,,,,
,,,,,,,,,,,
,,,,,,,,,,,
,,,,,,,,,,,
,,,,,,,,,,,
,,,,,,,,,,,
,,,,,,,,,,,
,,,,,,,,,,,
,,,,,,,,,,,
,,,,,,,,,,,
,,,,,,,,,,,
,,,,,,,,,,,
,,,,,,,,,,,
,,,,,,,,,,,
,,,,,,,,,,,
,,,,,,,,,,,
,,,,,,,,,,,
,,,,,,,,,,,
,,,,,,,,,,,
,,,,,,,,,,,
,,,,,,,,,,,
,,,,,,,,,,,
,,,,,,,,,,,
,,,,,,,,,,,
,,,,,,,,,,,
,,,,,,,,,,,
,,,,,,,,,,,
,,,,,,,,,,,
,,,,,,,,,,,
,,,,,,,,,,,
,,,,,,,,,,,
,,,,,,,,,,,
,,,,,,,,,,,
,,,,,,,,,,,
,,,,,,,,,,,
,,,,,,,,,,,
,,,,,,,,,,,
,,,,,,,,,,,
,,,,,,,,,,,
,,,,,,,,,,,
,,,,,,,,,,,
,,,,,,,,,,,
,,,,,,,,,,,
,,,,,,,,,,,
,,,,,,,,,,,
,,,,,,,,,,,
,,,,,,,,,,,
,,,,,,,,,,,
,,,,,,,,,,,
,,,,,,,,,,,
,,,,,,,,,,,
,,,,,,,,,,,
,,,,,,,,,,,
,,,,,,,,,,,
,,,,,,,,,,,
,,,,,,,,,,,
,,,,,,,,,,,
,,,,,,,,,,,
,,,,,,,,,,,
,,,,,,,,,,,
,,,,,,,,,,,
,,,,,,,,,,,
,,,,,,,,,,,
,,,,,,,,,,,
,,,,,,,,,,,
,,,,,,,,,,,
,,,,,,,,,,,
,,,,,,,,,,,
,,,,,,,,,,,
,,,,,,,,,,,
,,,,,,,,,,,
,,,,,,,,,,,
,,,,,,,,,,,
,,,,,,,,,,,
,,,,,,,,,,,
,,,,,,,,,,,
,,,,,,,,,,,
,,,,,,,,,,,
,,,,,,,,,,,
,,,,,,,,,,,
,,,,,,,,,,,
,,,,,,,,,,,
,,,,,,,,,,,
,,,,,,,,,,,
,,,,,,,,,,,
,,,,,,,,,,,
,,,,,,,,,,,
,,,,,,,,,,,
,,,,,,,,,,,
,,,,,,,,,,,
,,,,,,,,,,,
,,,,,,,,,,,
,,,,,,,,,,,
,,,,,,,,,,,
,,,,,,,,,,,
,,,,,,,,,,,
,,,,,,,,,,,
,,,,,,,,,,,
,,,,,,,,,,,
,,,,,,,,,,,
,,,,,,,,,,,
,,,,,,,,,,,
,,,,,,,,,,,
,,,,,,,,,,,
,,,,,,,,,,,
,,,,,,,,,,,
,,,,,,,,,,,
,,,,,,,,,,,
,,,,,,,,,,,
,,,,,,,,,,,
,,,,,,,,,,,
,,,,,,,,,,,
,,,,,,,,,,,
,,,,,,,,,,,
,,,,,,,,,,,
,,,,,,,,,,,
,,,,,,,,,,,
,,,,,,,,,,,
,,,,,,,,,,,
,,,,,,,,,,,
,,,,,,,,,,,
,,,,,,,,,,,
,,,,,,,,,,,
,,,,,,,,,,,
,,,,,,,,,,,
,,,,,,,,,,,
,,,,,,,,,,,
,,,,,,,,,,,
,,,,,,,,,,,
,,,,,,,,,,,
,,,,,,,,,,,
,,,,,,,,,,,
,,,,,,,,,,,
,,,,,,,,,,,
,,,,,,,,,,,
,,,,,,,,,,,
,,,,,,,,,,,
,,,,,,,,,,,
,,,,,,,,,,,
,,,,,,,,,,,
,,,,,,,,,,,
,,,,,,,,,,,
,,,,,,,,,,,
,,,,,,,,,,,
,,,,,,,,,,,
,,,,,,,,,,,
,,,,,,,,,,,
,,,,,,,,,,,
,,,,,,,,,,,
,,,,,,,,,,,
,,,,,,,,,,,
,,,,,,,,,,,
,,,,,,,,,,,
,,,,,,,,,,,
,,,,,,,,,,,
,,,,,,,,,,,
,,,,,,,,,,,
,,,,,,,,,,,
,,,,,,,,,,,
,,,,,,,,,,,
,,,,,,,,,,,
,,,,,,,,,,,
,,,,,,,,,,,
,,,,,,,,,,,
,,,,,,,,,,,
,,,,,,,,,,,
,,,,,,,,,,,
,,,,,,,,,,,
,,,,,,,,,,,
,,,,,,,,,,,
,,,,,,,,,,,
,,,,,,,,,,,
,,,,,,,,,,,
,,,,,,,,,,,
,,,,,,,,,,,
,,,,,,,,,,,
,,,,,,,,,,,
,,,,,,,,,,,
,,,,,,,,,,,
,,,,,,,,,,,
,,,,,,,,,,,
,,,,,,,,,,,
,,,,,,,,,,,
,,,,,,,,,,,
,,,,,,,,,,,
,,,,,,,,,,,
,,,,,,,,,,,
,,,,,,,,,,,
,,,,,,,,,,,
,,,,,,,,,,,
,,,,,,,,,,,
,,,,,,,,,,,
,,,,,,,,,,,
,,,,,,,,,,,
,,,,,,,,,,,
,,,,,,,,,,,
,,,,,,,,,,,
,,,,,,,,,,,
,,,,,,,,,,,
,,,,,,,,,,,
,,,,,,,,,,,
,,,,,,,,,,,
,,,,,,,,,,,
,,,,,,,,,,,
,,,,,,,,,,,
,,,,,,,,,,,
,,,,,,,,,,,
,,,,,,,,,,,
,,,,,,,,,,,
,,,,,,,,,,,
,,,,,,,,,,,
,,,,,,,,,,,
,,,,,,,,,,,
,,,,,,,,,,,
,,,,,,,,,,,
,,,,,,,,,,,
,,,,,,,,,,,
,,,,,,,,,,,
,,,,,,,,,,,
,,,,,,,,,,,
,,,,,,,,,,,
,,,,,,,,,,,
,,,,,,,,,,,
,,,,,,,,,,,
,,,,,,,,,,,
,,,,,,,,,,,
,,,,,,,,,,,
,,,,,,,,,,,
,,,,,,,,,,,
,,,,,,,,,,,
,,,,,,,,,,,
,,,,,,,,,,,
,,,,,,,,,,,
,,,,,,,,,,,
,,,,,,,,,,,
,,,,,,,,,,,
,,,,,,,,,,,
,,,,,,,,,,,
,,,,,,,,,,,
,,,,,,,,,,,
,,,,,,,,,,,
,,,,,,,,,,,
,,,,,,,,,,,
,,,,,,,,,,,
,,,,,,,,,,,
,,,,,,,,,,,
,,,,,,,,,,,
,,,,,,,,,,,
,,,,,,,,,,,
,,,,,,,,,,,
,,,,,,,,,,,
,,,,,,,,,,,
,,,,,,,,,,,
,,,,,,,,,,,
,,,,,,,,,,,
,,,,,,,,,,,
,,,,,,,,,,,
,,,,,,,,,,,
,,,,,,,,,,,
,,,,,,,,,,,
,,,,,,,,,,,
,,,,,,,,,,,
,,,,,,,,,,,
,,,,,,,,,,,
,,,,,,,,,,,
,,,,,,,,,,,
,,,,,,,,,,,
,,,,,,,,,,,
,,,,,,,,,,,
,,,,,,,,,,,
,,,,,,,,,,,
,,,,,,,,,,,
,,,,,,,,,,,
,,,,,,,,,,,
,,,,,,,,,,,
,,,,,,,,,,,
,,,,,,,,,,,
,,,,,,,,,,,
,,,,,,,,,,,
,,,,,,,,,,,
,,,,,,,,,,,
,,,,,,,,,,,
,,,,,,,,,,,
,,,,,,,,,,,
,,,,,,,,,,,
,,,,,,,,,,,
,,,,,,,,,,,
,,,,,,,,,,,
,,,,,,,,,,,
,,,,,,,,,,,
,,,,,,,,,,,
,,,,,,,,,,,
,,,,,,,,,,,
,,,,,,,,,,,
,,,,,,,,,,,
,,,,,,,,,,,
,,,,,,,,,,,
,,,,,,,,,,,
,,,,,,,,,,,
,,,,,,,,,,,
,,,,,,,,,,,
,,,,,,,,,,,
,,,,,,,,,,,
,,,,,,,,,,,
,,,,,,,,,,,
,,,,,,,,,,,
,,,,,,,,,,,
,,,,,,,,,,,
,,,,,,,,,,,
,,,,,,,,,,,
,,,,,,,,,,,
,,,,,,,,,,,
,,,,,,,,,,,
,,,,,,,,,,,
,,,,,,,,,,,
,,,,,,,,,,,
,,,,,,,,,,,
,,,,,,,,,,,
,,,,,,,,,,,
,,,,,,,,,,,
,,,,,,,,,,,
,,,,,,,,,,,
,,,,,,,,,,,
,,,,,,,,,,,
,,,,,,,,,,,
,,,,,,,,,,,
,,,,,,,,,,,
,,,,,,,,,,,
,,,,,,,,,,,
,,,,,,,,,,,
,,,,,,,,,,,
,,,,,,,,,,,
,,,,,,,,,,,
,,,,,,,,,,,
,,,,,,,,,,,
,,,,,,,,,,,
,,,,,,,,,,,
,,,,,,,,,,,
,,,,,,,,,,,
,,,,,,,,,,,
,,,,,,,,,,,
,,,,,,,,,,,
,,,,,,,,,,,
,,,,,,,,,,,
,,,,,,,,,,,
,,,,,,,,,,,
,,,,,,,,,,,
,,,,,,,,,,,
,,,,,,,,,,,
,,,,,,,,,,,
,,,,,,,,,,,
,,,,,,,,,,,
,,,,,,,,,,,
,,,,,,,,,,,
,,,,,,,,,,,
,,,,,,,,,,,
,,,,,,,,,,,
,,,,,,,,,,,
,,,,,,,,,,,
,,,,,,,,,,,
,,,,,,,,,,,
,,,,,,,,,,,
,,,,,,,,,,,
,,,,,,,,,,,
,,,,,,,,,,,
,,,,,,,,,,,
,,,,,,,,,,,
,,,,,,,,,,,
,,,,,,,,,,,
,,,,,,,,,,,
,,,,,,,,,,,
,,,,,,,,,,,
,,,,,,,,,,,
,,,,,,,,,,,
,,,,,,,,,,,
,,,,,,,,,,,
,,,,,,,,,,,
,,,,,,,,,,,
,,,,,,,,,,,
,,,,,,,,,,,
,,,,,,,,,,,
,,,,,,,,,,,
,,,,,,,,,,,
,,,,,,,,,,,
,,,,,,,,,,,
,,,,,,,,,,,
,,,,,,,,,,,
,,,,,,,,,,,
,,,,,,,,,,,
,,,,,,,,,,,
,,,,,,,,,,,
,,,,,,,,,,,
,,,,,,,,,,,
,,,,,,,,,,,
,,,,,,,,,,,
,,,,,,,,,,,
,,,,,,,,,,,
,,,,,,,,,,,
,,,,,,,,,,,
,,,,,,,,,,,
,,,,,,,,,,,
,,,,,,,,,,,
,,,,,,,,,,,
,,,,,,,,,,,
,,,,,,,,,,,
,,,,,,,,,,,
,,,,,,,,,,,
,,,,,,,,,,,
,,,,,,,,,,,
,,,,,,,,,,,
,,,,,,,,,,,
,,,,,,,,,,,
,,,,,,,,,,,
,,,,,,,,,,,
,,,,,,,,,,,
,,,,,,,,,,,
,,,,,,,,,,,
,,,,,,,,,,,
,,,,,,,,,,,
,,,,,,,,,,,
,,,,,,,,,,,
,,,,,,,,,,,
,,,,,,,,,,,
,,,,,,,,,,,
,,,,,,,,,,,
,,,,,,,,,,,
,,,,,,,,,,,
,,,,,,,,,,,
,,,,,,,,,,,
,,,,,,,,,,,
,,,,,,,,,,,
,,,,,,,,,,,
,,,,,,,,,,,
,,,,,,,,,,,
,,,,,,,,,,,
,,,,,,,,,,,
,,,,,,,,,,,
,,,,,,,,,,,
,,,,,,,,,,,
,,,,,,,,,,,
,,,,,,,,,,,
,,,,,,,,,,,
,,,,,,,,,,,
,,,,,,,,,,,
,,,,,,,,,,,
,,,,,,,,,,,
,,,,,,,,,,,
,,,,,,,,,,,
,,,,,,,,,,,
,,,,,,,,,,,
,,,,,,,,,,,
,,,,,,,,,,,
,,,,,,,,,,,
,,,,,,,,,,,
,,,,,,,,,,,
,,,,,,,,,,,
,,,,,,,,,,,
,,,,,,,,,,,
,,,,,,,,,,,
,,,,,,,,,,,
,,,,,,,,,,,
,,,,,,,,,,,
,,,,,,,,,,,
,,,,,,,,,,,
,,,,,,,,,,,
,,,,,,,,,,,
,,,,,,,,,,,
,,,,,,,,,,,
,,,,,,,,,,,
,,,,,,,,,,,
,,,,,,,,,,,
,,,,,,,,,,,
,,,,,,,,,,,
,,,,,,,,,,,
,,,,,,,,,,,
,,,,,,,,,,,
,,,,,,,,,,,
,,,,,,,,,,,
,,,,,,,,,,,
,,,,,,,,,,,
,,,,,,,,,,,
,,,,,,,,,,,
,,,,,,,,,,,
,,,,,,,,,,,
,,,,,,,,,,,
,,,,,,,,,,,
,,,,,,,,,,,
,,,,,,,,,,,
,,,,,,,,,,,
,,,,,,,,,,,
,,,,,,,,,,,
,,,,,,,,,,,
,,,,,,,,,,,
,,,,,,,,,,,
,,,,,,,,,,,
,,,,,,,,,,,
,,,,,,,,,,,
,,,,,,,,,,,
,,,,,,,,,,,
,,,,,,,,,,,
,,,,,,,,,,,
,,,,,,,,,,,
,,,,,,,,,,,
,,,,,,,,,,,
,,,,,,,,,,,
,,,,,,,,,,,
,,,,,,,,,,,
,,,,,,,,,,,
,,,,,,,,,,,
,,,,,,,,,,,
,,,,,,,,,,,
,,,,,,,,,,,
,,,,,,,,,,,
,,,,,,,,,,,
,,,,,,,,,,,
,,,,,,,,,,,
,,,,,,,,,,,
,,,,,,,,,,,
,,,,,,,,,,,
,,,,,,,,,,,
,,,,,,,,,,,
,,,,,,,,,,,
,,,,,,,,,,,
,,,,,,,,,,,
,,,,,,,,,,,
,,,,,,,,,,,
,,,,,,,,,,,
,,,,,,,,,,,
,,,,,,,,,,,
,,,,,,,,,,,
,,,,,,,,,,,
,,,,,,,,,,,
,,,,,,,,,,,
,,,,,,,,,,,
,,,,,,,,,,,
,,,,,,,,,,,
,,,,,,,,,,,
,,,,,,,,,,,
,,,,,,,,,,,
,,,,,,,,,,,
,,,,,,,,,,,
,,,,,,,,,,,
,,,,,,,,,,,
,,,,,,,,,,,
,,,,,,,,,,,
,,,,,,,,,,,
,,,,,,,,,,,
,,,,,,,,,,,
,,,,,,,,,,,
,,,,,,,,,,,
,,,,,,,,,,,
,,,,,,,,,,,
,,,,,,,,,,,
,,,,,,,,,,,
,,,,,,,,,,,
,,,,,,,,,,,
,,,,,,,,,,,
,,,,,,,,,,,
,,,,,,,,,,,
,,,,,,,,,,,
,,,,,,,,,,,
,,,,,,,,,,,
,,,,,,,,,,,
,,,,,,,,,,,
,,,,,,,,,,,
,,,,,,,,,,,
,,,,,,,,,,,
,,,,,,,,,,,
,,,,,,,,,,,
,,,,,,,,,,,
,,,,,,,,,,,
,,,,,,,,,,,
,,,,,,,,,,,
,,,,,,,,,,,
,,,,,,,,,,,
,,,,,,,,,,,
,,,,,,,,,,,
,,,,,,,,,,,
,,,,,,,,,,,
,,,,,,,,,,,
,,,,,,,,,,,
,,,,,,,,,,,
,,,,,,,,,,,
,,,,,,,,,,,
,,,,,,,,,,,
,,,,,,,,,,,
,,,,,,,,,,,
,,,,,,,,,,,
,,,,,,,,,,,
,,,,,,,,,,,
,,,,,,,,,,,
,,,,,,,,,,,
,,,,,,,,,,,
,,,,,,,,,,,
,,,,,,,,,,,
,,,,,,,,,,,
,,,,,,,,,,,
,,,,,,,,,,,
,,,,,,,,,,,
,,,,,,,,,,,
,,,,,,,,,,,
,,,,,,,,,,,
,,,,,,,,,,,
,,,,,,,,,,,
,,,,,,,,,,,
,,,,,,,,,,,
,,,,,,,,,,,
,,,,,,,,,,,
,,,,,,,,,,,
,,,,,,,,,,,
,,,,,,,,,,,
,,,,,,,,,,,
,,,,,,,,,,,
,,,,,,,,,,,
,,,,,,,,,,,
,,,,,,,,,,,
,,,,,,,,,,,
,,,,,,,,,,,
,,,,,,,,,,,
,,,,,,,,,,,
,,,,,,,,,,,
,,,,,,,,,,,
,,,,,,,,,,,
,,,,,,,,,,,
,,,,,,,,,,,
,,,,,,,,,,,
,,,,,,,,,,,
,,,,,,,,,,,
,,,,,,,,,,,
,,,,,,,,,,,
,,,,,,,,,,,
,,,,,,,,,,,
,,,,,,,,,,,
,,,,,,,,,,,
,,,,,,,,,,,
,,,,,,,,,,,
,,,,,,,,,,,
,,,,,,,,,,,
,,,,,,,,,,,
,,,,,,,,,,,
,,,,,,,,,,,
,,,,,,,,,,,
,,,,,,,,,,,
,,,,,,,,,,,
,,,,,,,,,,,
,,,,,,,,,,,
,,,,,,,,,,,
,,,,,,,,,,,
,,,,,,,,,,,
,,,,,,,,,,,
,,,,,,,,,,,
,,,,,,,,,,,
,,,,,,,,,,,
,,,,,,,,,,,
,,,,,,,,,,,
,,,,,,,,,,,
,,,,,,,,,,,
,,,,,,,,,,,
,,,,,,,,,,,
,,,,,,,,,,,
,,,,,,,,,,,
,,,,,,,,,,,
,,,,,,,,,,,
,,,,,,,,,,,
,,,,,,,,,,,
,,,,,,,,,,,
,,,,,,,,,,,
,,,,,,,,,,,
,,,,,,,,,,,
,,,,,,,,,,,
,,,,,,,,,,,
,,,,,,,,,,,
,,,,,,,,,,,
,,,,,,,,,,,
,,,,,,,,,,,
,,,,,,,,,,,
,,,,,,,,,,,
,,,,,,,,,,,
,,,,,,,,,,,
,,,,,,,,,,,
,,,,,,,,,,,
,,,,,,,,,,,
,,,,,,,,,,,
,,,,,,,,,,,
,,,,,,,,,,,
,,,,,,,,,,,
,,,,,,,,,,,
,,,,,,,,,,,
,,,,,,,,,,,
,,,,,,,,,,,
,,,,,,,,,,,
,,,,,,,,,,,
,,,,,,,,,,,
,,,,,,,,,,,
,,,,,,,,,,,
,,,,,,,,,,,
,,,,,,,,,,,
,,,,,,,,,,,
,,,,,,,,,,,
,,,,,,,,,,,
,,,,,,,,,,,
,,,,,,,,,,,
,,,,,,,,,,,
,,,,,,,,,,,
,,,,,,,,,,,
,,,,,,,,,,,
,,,,,,,,,,,
,,,,,,,,,,,
,,,,,,,,,,,
,,,,,,,,,,,
,,,,,,,,,,,
,,,,,,,,,,,
,,,,,,,,,,,
,,,,,,,,,,,
,,,,,,,,,,,
,,,,,,,,,,,
,,,,,,,,,,,
,,,,,,,,,,,
,,,,,,,,,,,
,,,,,,,,,,,
,,,,,,,,,,,
,,,,,,,,,,,
,,,,,,,,,,,
,,,,,,,,,,,
,,,,,,,,,,,
,,,,,,,,,,,
,,,,,,,,,,,
,,,,,,,,,,,
,,,,,,,,,,,
,,,,,,,,,,,
,,,,,,,,,,,
,,,,,,,,,,,
,,,,,,,,,,,
,,,,,,,,,,,
,,,,,,,,,,,
,,,,,,,,,,,
,,,,,,,,,,,
,,,,,,,,,,,
,,,,,,,,,,,
,,,,,,,,,,,
,,,,,,,,,,,
,,,,,,,,,,,
,,,,,,,,,,,
,,,,,,,,,,,
,,,,,,,,,,,
,,,,,,,,,,,
,,,,,,,,,,,
,,,,,,,,,,,
,,,,,,,,,,,
,,,,,,,,,,,
,,,,,,,,,,,
,,,,,,,,,,,
,,,,,,,,,,,
,,,,,,,,,,,
,,,,,,,,,,,
,,,,,,,,,,,
,,,,,,,,,,,
,,,,,,,,,,,
,,,,,,,,,,,
,,,,,,,,,,,
,,,,,,,,,,,
,,,,,,,,,,,
,,,,,,,,,,,
,,,,,,,,,,,
,,,,,,,,,,,
,,,,,,,,,,,
,,,,,,,,,,,
,,,,,,,,,,,
,,,,,,,,,,,
,,,,,,,,,,,
,,,,,,,,,,,
,,,,,,,,,,,
,,,,,,,,,,,
,,,,,,,,,,,
,,,,,,,,,,,
,,,,,,,,,,,
,,,,,,,,,,,
,,,,,,,,,,,
,,,,,,,,,,,
,,,,,,,,,,,
,,,,,,,,,,,
,,,,,,,,,,,
,,,,,,,,,,,
,,,,,,,,,,,
,,,,,,,,,,,
,,,,,,,,,,,
,,,,,,,,,,,
,,,,,,,,,,,
,,,,,,,,,,,
,,,,,,,,,,,
,,,,,,,,,,,
,,,,,,,,,,,
,,,,,,,,,,,
,,,,,,,,,,,
,,,,,,,,,,,
,,,,,,,,,,,
,,,,,,,,,,,
,,,,,,,,,,,
,,,,,,,,,,,
,,,,,,,,,,,
,,,,,,,,,,,
,,,,,,,,,,,
,,,,,,,,,,,
,,,,,,,,,,,
,,,,,,,,,,,
,,,,,,,,,,,
,,,,,,,,,,,
,,,,,,,,,,,
,,,,,,,,,,,
,,,,,,,,,,,
,,,,,,,,,,,
,,,,,,,,,,,
,,,,,,,,,,,
,,,,,,,,,,,
,,,,,,,,,,,
,,,,,,,,,,,
,,,,,,,,,,,
,,,,,,,,,,,
,,,,,,,,,,,
,,,,,,,,,,,
,,,,,,,,,,,
,,,,,,,,,,,
,,,,,,,,,,,
,,,,,,,,,,,
,,,,,,,,,,,
,,,,,,,,,,,
,,,,,,,,,,,
,,,,,,,,,,,
,,,,,,,,,,,
,,,,,,,,,,,
,,,,,,,,,,,
,,,,,,,,,,,
,,,,,,,,,,,
,,,,,,,,,,,
,,,,,,,,,,,
,,,,,,,,,,,
,,,,,,,,,,,
,,,,,,,,,,,
,,,,,,,,,,,
,,,,,,,,,,,
,,,,,,,,,,,
,,,,,,,,,,,
,,,,,,,,,,,
,,,,,,,,,,,
,,,,,,,,,,,
,,,,,,,,,,,
,,,,,,,,,,,
,,,,,,,,,,,
,,,,,,,,,,,
,,,,,,,,,,,
,,,,,,,,,,,
,,,,,,,,,,,
,,,,,,,,,,,
,,,,,,,,,,,
,,,,,,,,,,,
,,,,,,,,,,,
,,,,,,,,,,,
,,,,,,,,,,,
,,,,,,,,,,,
,,,,,,,,,,,
,,,,,,,,,,,
,,,,,,,,,,,
,,,,,,,,,,,
,,,,,,,,,,,
,,,,,,,,,,,
,,,,,,,,,,,
,,,,,,,,,,,
,,,,,,,,,,,
,,,,,,,,,,,
,,,,,,,,,,,
,,,,,,,,,,,
,,,,,,,,,,,
,,,,,,,,,,,
,,,,,,,,,,,
,,,,,,,,,,,
,,,,,,,,,,,
,,,,,,,,,,,
,,,,,,,,,,,
,,,,,,,,,,,
,,,,,,,,,,,
,,,,,,,,,,,
,,,,,,,,,,,
,,,,,,,,,,,
,,,,,,,,,,,
,,,,,,,,,,,
,,,,,,,,,,,
,,,,,,,,,,,
,,,,,,,,,,,
,,,,,,,,,,,
,,,,,,,,,,,
,,,,,,,,,,,
,,,,,,,,,,,
,,,,,,,,,,,
,,,,,,,,,,,
,,,,,,,,,,,
,,,,,,,,,,,
,,,,,,,,,,,
,,,,,,,,,,,
,,,,,,,,,,,
,,,,,,,,,,,
,,,,,,,,,,,
,,,,,,,,,,,
,,,,,,,,,,,
,,,,,,,,,,,
,,,,,,,,,,,
,,,,,,,,,,,
,,,,,,,,,,,
,,,,,,,,,,,
,,,,,,,,,,,
,,,,,,,,,,,
,,,,,,,,,,,
,,,,,,,,,,,
,,,,,,,,,,,
,,,,,,,,,,,
,,,,,,,,,,,
,,,,,,,,,,,
,,,,,,,,,,,
,,,,,,,,,,,
,,,,,,,,,,,
,,,,,,,,,,,
,,,,,,,,,,,
,,,,,,,,,,,
,,,,,,,,,,,
,,,,,,,,,,,
,,,,,,,,,,,
,,,,,,,,,,,
,,,,,,,,,,,
,,,,,,,,,,,
,,,,,,,,,,,
,,,,,,,,,,,
,,,,,,,,,,,
,,,,,,,,,,,
,,,,,,,,,,,
,,,,,,,,,,,
,,,,,,,,,,,
,,,,,,,,,,,
,,,,,,,,,,,
,,,,,,,,,,,
,,,,,,,,,,,
,,,,,,,,,,,
,,,,,,,,,,,
,,,,,,,,,,,
,,,,,,,,,,,
,,,,,,,,,,,
,,,,,,,,,,,
,,,,,,,,,,,
,,,,,,,,,,,
,,,,,,,,,,,
,,,,,,,,,,,
,,,,,,,,,,,
,,,,,,,,,,,
,,,,,,,,,,,
,,,,,,,,,,,
,,,,,,,,,,,
,,,,,,,,,,,
,,,,,,,,,,,
,,,,,,,,,,,
,,,,,,,,,,,
,,,,,,,,,,,
,,,,,,,,,,,
,,,,,,,,,,,
,,,,,,,,,,,
,,,,,,,,,,,
,,,,,,,,,,,
,,,,,,,,,,,
,,,,,,,,,,,
,,,,,,,,,,,
,,,,,,,,,,,
,,,,,,,,,,,
,,,,,,,,,,,
,,,,,,,,,,,
,,,,,,,,,,,
,,,,,,,,,,,
,,,,,,,,,,,
,,,,,,,,,,,
,,,,,,,,,,,
,,,,,,,,,,,
,,,,,,,,,,,
,,,,,,,,,,,
,,,,,,,,,,,
,,,,,,,,,,,
,,,,,,,,,,,
,,,,,,,,,,,
,,,,,,,,,,,
,,,,,,,,,,,
,,,,,,,,,,,
,,,,,,,,,,,
,,,,,,,,,,,
,,,,,,,,,,,
,,,,,,,,,,,
,,,,,,,,,,,
,,,,,,,,,,,
,,,,,,,,,,,
,,,,,,,,,,,
,,,,,,,,,,,
,,,,,,,,,,,
,,,,,,,,,,,
,,,,,,,,,,,
,,,,,,,,,,,
,,,,,,,,,,,
,,,,,,,,,,,
,,,,,,,,,,,
,,,,,,,,,,,
,,,,,,,,,,,
,,,,,,,,,,,
,,,,,,,,,,,
,,,,,,,,,,,
,,,,,,,,,,,
,,,,,,,,,,,
,,,,,,,,,,,
,,,,,,,,,,,
,,,,,,,,,,,
,,,,,,,,,,,
,,,,,,,,,,,
,,,,,,,,,,,
,,,,,,,,,,,
,,,,,,,,,,,
,,,,,,,,,,,
,,,,,,,,,,,
,,,,,,,,,,,
,,,,,,,,,,,
,,,,,,,,,,,
,,,,,,,,,,,
,,,,,,,,,,,
,,,,,,,,,,,
,,,,,,,,,,,
,,,,,,,,,,,
,,,,,,,,,,,
,,,,,,,,,,,
,,,,,,,,,,,
,,,,,,,,,,,
,,,,,,,,,,,
,,,,,,,,,,,
,,,,,,,,,,,
,,,,,,,,,,,
,,,,,,,,,,,
,,,,,,,,,,,
,,,,,,,,,,,
,,,,,,,,,,,
,,,,,,,,,,,
,,,,,,,,,,,
,,,,,,,,,,,
,,,,,,,,,,,
,,,,,,,,,,,
,,,,,,,,,,,
,,,,,,,,,,,
,,,,,,,,,,,
,,,,,,,,,,,
,,,,,,,,,,,
,,,,,,,,,,,
,,,,,,,,,,,
,,,,,,,,,,,
,,,,,,,,,,,
,,,,,,,,,,,
,,,,,,,,,,,
,,,,,,,,,,,
,,,,,,,,,,,
,,,,,,,,,,,
,,,,,,,,,,,
,,,,,,,,,,,
,,,,,,,,,,,
,,,,,,,,,,,
,,,,,,,,,,,
,,,,,,,,,,,
,,,,,,,,,,,
,,,,,,,,,,,
,,,,,,,,,,,
,,,,,,,,,,,
,,,,,,,,,,,
,,,,,,,,,,,
,,,,,,,,,,,
,,,,,,,,,,,
,,,,,,,,,,,
,,,,,,,,,,,
,,,,,,,,,,,
,,,,,,,,,,,
,,,,,,,,,,,
,,,,,,,,,,,
,,,,,,,,,,,
,,,,,,,,,,,
,,,,,,,,,,,
,,,,,,,,,,,
,,,,,,,,,,,
,,,,,,,,,,,
,,,,,,,,,,,
,,,,,,,,,,,
,,,,,,,,,,,
,,,,,,,,,,,
,,,,,,,,,,,
,,,,,,,,,,,
,,,,,,,,,,,
,,,,,,,,,,,
,,,,,,,,,,,
,,,,,,,,,,,
,,,,,,,,,,,
,,,,,,,,,,,
,,,,,,,,,,,
,,,,,,,,,,,
,,,,,,,,,,,
,,,,,,,,,,,
,,,,,,,,,,,
,,,,,,,,,,,
,,,,,,,,,,,
,,,,,,,,,,,
,,,,,,,,,,,
,,,,,,,,,,,
,,,,,,,,,,,
,,,,,,,,,,,
,,,,,,,,,,,
,,,,,,,,,,,
,,,,,,,,,,,
,,,,,,,,,,,
,,,,,,,,,,,
,,,,,,,,,,,
,,,,,,,,,,,
,,,,,,,,,,,
,,,,,,,,,,,
,,,,,,,,,,,
,,,,,,,,,,,
,,,,,,,,,,,
,,,,,,,,,,,
,,,,,,,,,,,
,,,,,,,,,,,
,,,,,,,,,,,
,,,,,,,,,,,
,,,,,,,,,,,
,,,,,,,,,,,
,,,,,,,,,,,
,,,,,,,,,,,
,,,,,,,,,,,
,,,,,,,,,,,
,,,,,,,,,,,
,,,,,,,,,,,
,,,,,,,,,,,
,,,,,,,,,,,
,,,,,,,,,,,
,,,,,,,,,,,
,,,,,,,,,,,
,,,,,,,,,,,
,,,,,,,,,,,
,,,,,,,,,,,
,,,,,,,,,,,
,,,,,,,,,,,
,,,,,,,,,,,
,,,,,,,,,,,
,,,,,,,,,,,
,,,,,,,,,,,
,,,,,,,,,,,
,,,,,,,,,,,
,,,,,,,,,,,
,,,,,,,,,,,
,,,,,,,,,,,
,,,,,,,,,,,
,,,,,,,,,,,
,,,,,,,,,,,
,,,,,,,,,,,
,,,,,,,,,,,
,,,,,,,,,,,
,,,,,,,,,,,
,,,,,,,,,,,
,,,,,,,,,,,
,,,,,,,,,,,
,,,,,,,,,,,
,,,,,,,,,,,
,,,,,,,,,,,
,,,,,,,,,,,
,,,,,,,,,,,
,,,,,,,,,,,
,,,,,,,,,,,
,,,,,,,,,,,
,,,,,,,,,,,
,,,,,,,,,,,
,,,,,,,,,,,
,,,,,,,,,,,
,,,,,,,,,,,
,,,,,,,,,,,
,,,,,,,,,,,
,,,,,,,,,,,
,,,,,,,,,,,
,,,,,,,,,,,
,,,,,,,,,,,
,,,,,,,,,,,
,,,,,,,,,,,
,,,,,,,,,,,
,,,,,,,,,,,
,,,,,,,,,,,
,,,,,,,,,,,
,,,,,,,,,,,
,,,,,,,,,,,
,,,,,,,,,,,
,,,,,,,,,,,
,,,,,,,,,,,
,,,,,,,,,,,
,,,,,,,,,,,
,,,,,,,,,,,
,,,,,,,,,,,
,,,,,,,,,,,
,,,,,,,,,,,
,,,,,,,,,,,
,,,,,,,,,,,
,,,,,,,,,,,
,,,,,,,,,,,
,,,,,,,,,,,
,,,,,,,,,,,
,,,,,,,,,,,
,,,,,,,,,,,
,,,,,,,,,,,
,,,,,,,,,,,
,,,,,,,,,,,
,,,,,,,,,,,
,,,,,,,,,,,
,,,,,,,,,,,
,,,,,,,,,,,
,,,,,,,,,,,
,,,,,,,,,,,
,,,,,,,,,,,
,,,,,,,,,,,
,,,,,,,,,,,
,,,,,,,,,,,
,,,,,,,,,,,
,,,,,,,,,,,
,,,,,,,,,,,
,,,,,,,,,,,
,,,,,,,,,,,
,,,,,,,,,,,
,,,,,,,,,,,
,,,,,,,,,,,
,,,,,,,,,,,
,,,,,,,,,,,
,,,,,,,,,,,
,,,,,,,,,,,
,,,,,,,,,,,
,,,,,,,,,,,
,,,,,,,,,,,
,,,,,,,,,,,
,,,,,,,,,,,
,,,,,,,,,,,
,,,,,,,,,,,
,,,,,,,,,,,
,,,,,,,,,,,
,,,,,,,,,,,
,,,,,,,,,,,
,,,,,,,,,,,
,,,,,,,,,,,
,,,,,,,,,,,
,,,,,,,,,,,
,,,,,,,,,,,
,,,,,,,,,,,
,,,,,,,,,,,
,,,,,,,,,,,
,,,,,,,,,,,
,,,,,,,,,,,
,,,,,,,,,,,
,,,,,,,,,,,
,,,,,,,,,,,
,,,,,,,,,,,
,,,,,,,,,,,
,,,,,,,,,,,
,,,,,,,,,,,
,,,,,,,,,,,
,,,,,,,,,,,
,,,,,,,,,,,
,,,,,,,,,,,
,,,,,,,,,,,
,,,,,,,,,,,
,,,,,,,,,,,
,,,,,,,,,,,
,,,,,,,,,,,
,,,,,,,,,,,
,,,,,,,,,,,
,,,,,,,,,,,
,,,,,,,,,,,
,,,,,,,,,,,
,,,,,,,,,,,
,,,,,,,,,,,
,,,,,,,,,,,
,,,,,,,,,,,
,,,,,,,,,,,
,,,,,,,,,,,
,,,,,,,,,,,
,,,,,,,,,,,
,,,,,,,,,,,
,,,,,,,,,,,
,,,,,,,,,,,
,,,,,,,,,,,
,,,,,,,,,,,
,,,,,,,,,,,
,,,,,,,,,,,
,,,,,,,,,,,
,,,,,,,,,,,
,,,,,,,,,,,
,,,,,,,,,,,
,,,,,,,,,,,
,,,,,,,,,,,
,,,,,,,,,,,
,,,,,,,,,,,
,,,,,,,,,,,
,,,,,,,,,,,
,,,,,,,,,,,
,,,,,,,,,,,
,,,,,,,,,,,
,,,,,,,,,,,
,,,,,,,,,,,
,,,,,,,,,,,
,,,,,,,,,,,
,,,,,,,,,,,
,,,,,,,,,,,
,,,,,,,,,,,
,,,,,,,,,,,
,,,,,,,,,,,
,,,,,,,,,,,
,,,,,,,,,,,
,,,,,,,,,,,
,,,,,,,,,,,
,,,,,,,,,,,
,,,,,,,,,,,
,,,,,,,,,,,
,,,,,,,,,,,
,,,,,,,,,,,
,,,,,,,,,,,
,,,,,,,,,,,
,,,,,,,,,,,
,,,,,,,,,,,
,,,,,,,,,,,
,,,,,,,,,,,
,,,,,,,,,,,
,,,,,,,,,,,
,,,,,,,,,,,
,,,,,,,,,,,
,,,,,,,,,,,
,,,,,,,,,,,
,,,,,,,,,,,
,,,,,,,,,,,
,,,,,,,,,,,
,,,,,,,,,,,
,,,,,,,,,,,
,,,,,,,,,,,
,,,,,,,,,,,
,,,,,,,,,,,
,,,,,,,,,,,
,,,,,,,,,,,
,,,,,,,,,,,
,,,,,,,,,,,
,,,,,,,,,,,
,,,,,,,,,,,
,,,,,,,,,,,
,,,,,,,,,,,
,,,,,,,,,,,
,,,,,,,,,,,
,,,,,,,,,,,
,,,,,,,,,,,
,,,,,,,,,,,
,,,,,,,,,,,
,,,,,,,,,,,
,,,,,,,,,,,
,,,,,,,,,,,
,,,,,,,,,,,
,,,,,,,,,,,
,,,,,,,,,,,
,,,,,,,,,,,
,,,,,,,,,,,
,,,,,,,,,,,
,,,,,,,,,,,
,,,,,,,,,,,
,,,,,,,,,,,
,,,,,,,,,,,
,,,,,,,,,,,
,,,,,,,,,,,
,,,,,,,,,,,
,,,,,,,,,,,
,,,,,,,,,,,
,,,,,,,,,,,
,,,,,,,,,,,
,,,,,,,,,,,
,,,,,,,,,,,
,,,,,,,,,,,
,,,,,,,,,,,
,,,,,,,,,,,
,,,,,,,,,,,
,,,,,,,,,,,
,,,,,,,,,,,
,,,,,,,,,,,
,,,,,,,,,,,
,,,,,,,,,,,
,,,,,,,,,,,
,,,,,,,,,,,
,,,,,,,,,,,
,,,,,,,,,,,
,,,,,,,,,,,
,,,,,,,,,,,
,,,,,,,,,,,
,,,,,,,,,,,
,,,,,,,,,,,
,,,,,,,,,,,
,,,,,,,,,,,
,,,,,,,,,,,
,,,,,,,,,,,
,,,,,,,,,,,
,,,,,,,,,,,
,,,,,,,,,,,
,,,,,,,,,,,
,,,,,,,,,,,
,,,,,,,,,,,
,,,,,,,,,,,
,,,,,,,,,,,
,,,,,,,,,,,
,,,,,,,,,,,
,,,,,,,,,,,
,,,,,,,,,,,
,,,,,,,,,,,
,,,,,,,,,,,
,,,,,,,,,,,
,,,,,,,,,,,
,,,,,,,,,,,
,,,,,,,,,,,
,,,,,,,,,,,
,,,,,,,,,,,
,,,,,,,,,,,
,,,,,,,,,,,
,,,,,,,,,,,
,,,,,,,,,,,
,,,,,,,,,,,
,,,,,,,,,,,
,,,,,,,,,,,
,,,,,,,,,,,
,,,,,,,,,,,
,,,,,,,,,,,
,,,,,,,,,,,
,,,,,,,,,,,
,,,,,,,,,,,
,,,,,,,,,,,
,,,,,,,,,,,
,,,,,,,,,,,
,,,,,,,,,,,
,,,,,,,,,,,
,,,,,,,,,,,
,,,,,,,,,,,
,,,,,,,,,,,
,,,,,,,,,,,
,,,,,,,,,,,
,,,,,,,,,,,
,,,,,,,,,,,
,,,,,,,,,,,
,,,,,,,,,,,
,,,,,,,,,,,
,,,,,,,,,,,
,,,,,,,,,,,
,,,,,,,,,,,
,,,,,,,,,,,
,,,,,,,,,,,
,,,,,,,,,,,
,,,,,,,,,,,
,,,,,,,,,,,
,,,,,,,,,,,
,,,,,,,,,,,
,,,,,,,,,,,
,,,,,,,,,,,
,,,,,,,,,,,
,,,,,,,,,,,
,,,,,,,,,,,
,,,,,,,,,,,
,,,,,,,,,,,
,,,,,,,,,,,
,,,,,,,,,,,
