customer_id,customer_name,email,phone,address,area,pincode,registration_date,customer_segment,total_orders,avg_order_value
3491230,Ucchal Chana,bariabina@example.org,9.15E+11,"52/516, Khalsa Zila
Kota-913116",Khora ,876370,01-06-2023,New,14,226.62
82900175,Avni Som,hiralmunshi@example.net,9.19E+11,"362, Mitter Path
Arrah-104021",Baranagar,248293,01-06-2023,New,17,334.16
30447453,Jagrati Lad,bjain@example.com,9.14E+11,"379, Cherian Zila, Panihati 138451",Thanjavur,425881,01-06-2023,Premium,14,389.39
34755436,Jatin Ramachandran,naveen22@example.org,9.14E+11,"440
Chakraborty, Raipur-544802",Kolkata,370073,01-06-2023,New,10,622.59
48776805,Prisha Sanghvi,laleta@example.net,9.15E+11,"52/809
Hegde Marg
Satara-825467",Alwar,612480,01-06-2023,Premium,1,351.38
14940427,Sara Rajagopalan,devshanker@example.com,9.13E+11,"47
Datta Nagar
Jaipur-591851",Loni,793600,01-06-2023,Premium,3,1992.36
34156884,Rachita Lal,savantwarda@example.com,9.16E+11,"96/155
Srivastava Ganj, Farrukhabad 800537",Kolkata,769142,02-06-2023,Regular,14,877.65
71694275,Samarth Wagle,ronith46@example.org,9.16E+11,"61/61, Mukherjee Chowk, Amritsar-381162",Aurangabad,914570,02-06-2023,Regular,8,476.34
44828791,Zansi Panchal,usami@example.com,9.15E+11,"68/389
Desai Zila, Purnia-820691",Khora ,694027,02-06-2023,New,18,1696.98
11775073,Keya Ganesan,shethgagan@example.com,9.12E+11,"H.No. 074, Suresh Nagar
Sambalpur 952829",Morbi,836825,02-06-2023,Regular,16,212.35
77035814,Ishaan Mohanty,dev69@example.com,9.18E+11,"04/69
Sahni Path
Guntakal-870680",Bhimavaram,250593,03-06-2023,Inactive,11,585.35
87213891,Janani Malhotra,idikaamble@example.com,9.15E+11,"H.No. 54
Chowdhury Road, Phusro-208073",Sonipat,813317,03-06-2023,New,1,1382.19
97191387,Chavvi Bhatia,vmall@example.org,9.19E+11,"43/75
Dalal Ganj, Moradabad-771813",Madurai,866334,03-06-2023,Premium,3,853.44
75908967,Hemang Sama,qcontractor@example.com,9.13E+11,"35
Chatterjee Nagar, Bidar 543213",Yamunanagar,915923,03-06-2023,Regular,14,1095.58
6992801,Yochana Nagy,xganesan@example.org,9.12E+11,"249
Magar, Bhiwandi-601280",Rajkot,318377,03-06-2023,Premium,4,1270.33
35402531,Eta Gola,khareurishilla@example.com,9.11E+11,"H.No. 24
Khalsa Nagar
Kalyan-Dombivli-228271",Kulti,872429,04-06-2023,New,11,1808.3
34853377,William Dutta,ktandon@example.net,9.18E+11,"H.No. 165
Madan Zila, Ambarnath 801685",Nanded,986269,04-06-2023,Premium,8,732.53
24821281,Onveer Kanda,shenoyekavir@example.net,9.14E+11,"462
Bal Road
Bhiwani-601105",Khora ,618702,04-06-2023,Regular,10,1004.08
16543242,Vihaan Korpal,dayalekaraj@example.net,9.10E+11,"H.No. 44, Garde Street
Indore 604835",Darbhanga,887597,05-06-2023,Premium,6,1523.88
98218863,Panini Dua,karurishilla@example.net,9.17E+11,"98/00
Jhaveri Nagar, Belgaum 313583",Pimpri-Chinchwad,603140,05-06-2023,Regular,10,716.11
52423524,Nihal Ravi,maanav40@example.net,9.11E+11,"27/97, Sodhi Nagar, Ichalkaranji 970201",Ludhiana,386268,05-06-2023,Inactive,19,473.06
67696145,Isaac Rattan,yuvrajkant@example.net,9.20E+11,"79/94, Kuruvilla Road, Bihar Sharif-023568",Bettiah,523966,06-06-2023,Regular,18,482.94
5001749,Dayamai Chanda,ekta28@example.com,9.18E+11,"H.No. 218
Srinivas Road, Kalyan-Dombivli-797929",Kota,761952,06-06-2023,Inactive,3,1623.48
6184558,Gaurang Grewal,jpalan@example.net,9.14E+11,"51/040, Mittal Chowk
Salem-548267",Tezpur,80875,06-06-2023,Regular,1,1352.97
80954112,Irya Rana,lajitasanghvi@example.org,9.15E+11,"04, Memon Path, Dindigul-403829",Jammu,296499,06-06-2023,New,6,1672.37
98896871,Laksh Narula,iverma@example.net,9.12E+11,"H.No. 523, Sani Path, Rampur 258686",Asansol,479606,06-06-2023,Regular,5,1064.61
59840071,Vihaan Chokshi,fiyaz21@example.net,9.12E+11,"49/74
Vora Circle
Pondicherry-613521",Deoghar,628916,06-06-2023,Inactive,19,1796.24
69749541,Ayush Amble,vedika87@example.net,9.16E+11,"81/682, Soman Chowk
Adoni 115028",Satara,316215,06-06-2023,Premium,1,1412.58
91072336,Tristan Parmer,abhakhare@example.net,9.16E+11,"85/835, Muni Ganj, Jehanabad-068341",Jaunpur,377289,07-06-2023,Premium,3,205.59
86067293,Udarsh Gour,neelima84@example.net,9.20E+11,"73/42
Roy Chowk, Kalyan-Dombivli-725854",Sambalpur,230889,07-06-2023,Inactive,4,873.53
11389698,Chameli Grover,wmohan@example.org,9.13E+11,"190
Palla Zila, Orai 695509",Jammu,153911,08-06-2023,Premium,14,1907.68
69863493,Yashica Madan,jsehgal@example.com,9.14E+11,"36, Rau Circle
Meerut-833400",Junagadh,342288,09-06-2023,Regular,6,1620.01
84119685,Harish Aurora,csem@example.com,9.12E+11,"75/48, Sachdeva Ganj, Maheshtala-830521",Sambhal,487548,09-06-2023,Inactive,4,1623.47
91614690,Chaman Yohannan,mugdhakakar@example.net,9.13E+11,"854
Aggarwal Chowk
Bokaro 633335",Nandyal,343492,09-06-2023,Premium,18,289.7
70391758,Meghana Palan,eiravatiraval@example.net,9.17E+11,"H.No. 33, Barad Circle, Morbi 535194",Tezpur,246888,09-06-2023,Premium,4,1961.01
99156138,Yatin Hayer,raghavangaurang@example.com,9.15E+11,"714
Choudhury Chowk, Chinsurah 000605",Morbi,906839,10-06-2023,Regular,19,911.74
26521850,Yatin Varma,shahadvika@example.com,9.11E+11,"29, Kothari Circle, Phusro-901162",Kishanganj,263131,10-06-2023,New,10,215.87
87889031,Baghyawati Nair,apandit@example.org,9.17E+11,"88
Atwal Zila, Arrah 728863",Bhimavaram,48081,10-06-2023,Regular,18,836.6
39717448,Om Korpal,ssaraf@example.com,9.13E+11,"50/800, Dara Road, Kolkata-183546",Jorhat,549114,10-06-2023,New,1,210.18
73735548,Ishanvi Bala,praneelgolla@example.com,9.19E+11,"712
Kamdar Path, Raipur-299266",Haldia,567104,11-06-2023,Premium,7,554.65
84937877,Yug Mahal,tejasdani@example.com,9.16E+11,"H.No. 35, Prashad Road, Nangloi Jat 100742",Guntur,711210,11-06-2023,Premium,4,1863.17
19393135,Nathaniel Gokhale,ekanta98@example.net,9.16E+11,"97/421, Kibe Path, Kozhikode 660167",Bidhannagar,317769,11-06-2023,Regular,19,327.58
99594960,Amaira Tak,inarang@example.net,9.19E+11,"14/029
Rajan
Shimoga-387010",Madanapalle,446417,12-06-2023,Inactive,16,1475.23
86995126,Bimala Bhattacharyya,sanishaurya@example.org,9.15E+11,"830
Naik Chowk, Shivpuri-973829",Durgapur,924849,12-06-2023,New,10,316.82
90882023,Benjamin Misra,craman@example.org,9.18E+11,"35/442
Merchant Circle, Uluberia 558909",Begusarai,686278,12-06-2023,Premium,11,1137.49
31981068,Hemang Sarkar,msinghal@example.com,9.19E+11,"19/83, Mohanty Street
Korba-913410",Shivpuri,990270,12-06-2023,Regular,20,546.25
75860724,Pranav Venkataraman,pantindira@example.com,9.18E+11,"30/79
Brar Zila
Bahraich 409370",Aizawl,763550,12-06-2023,Premium,4,462.17
18889370,Mason Atwal,ckashyap@example.org,9.16E+11,"H.No. 41
Bawa Ganj, Surendranagar Dudhrej-587195",Sri Ganganagar,255117,14-06-2023,Regular,18,598.79
79135318,Amaira Issac,zayyankala@example.org,9.18E+11,"06/34, Sha Marg, Mango-359050",Saharanpur,317779,14-06-2023,Inactive,17,454.3
14161586,Aachal Nazareth,aadhya71@example.org,9.19E+11,"903
Bajaj Chowk, Jaunpur-242237",Bettiah,585408,14-06-2023,Premium,11,353.97
7288562,Triya Singhal,arjun79@example.org,9.14E+11,"505, Mangal Ganj, Faridabad 766686",Dewas,868197,14-06-2023,New,19,1982.78
41181125,Bimala Samra,matthew06@example.org,9.19E+11,"70
Narula Nagar, Rewa-135600",Mysore,277988,14-06-2023,New,3,632.74
81373608,Priya Rai,charannarain@example.net,9.13E+11,"H.No. 36, Ravel Ganj
North Dumdum 835823",Durg,701263,14-06-2023,Inactive,4,605.47
38808614,Xavier Shetty,zbandi@example.net,9.10E+11,"H.No. 13
Agrawal Nagar, Alappuzha-390199",Vijayanagaram,825269,15-06-2023,Premium,10,340.46
64298209,Girindra Sangha,balayvasana@example.org,9.18E+11,"81/76, Dutt Ganj
Kulti-598135",Jodhpur,426661,15-06-2023,Regular,10,311.25
46876240,Vihaan Doctor,jagvi98@example.org,9.16E+11,"H.No. 305
Sunder Street, Proddatur-711890",Vijayanagaram,447804,16-06-2023,Premium,5,1588.64
44223796,Bakhshi Lad,indira89@example.com,9.10E+11,"38/453
Dasgupta Chowk, Tirunelveli-600855",Erode,41954,16-06-2023,Regular,16,1449.84
8375298,Yahvi Vora,misrathomas@example.net,9.17E+11,"92
Mahajan Marg
Tadepalligudem-886941",Begusarai,665539,16-06-2023,Premium,5,443.91
52337289,Pooja Mital,jbhargava@example.com,9.17E+11,"73/053, Sanghvi Zila
Tirupati 939999",Morena,913898,16-06-2023,New,3,1999.83
12184293,Dayita Mand,rudra41@example.net,9.18E+11,"H.No. 51
Cherian Road, Panchkula-653529",Phagwara,249442,16-06-2023,Inactive,7,1811.32
61002154,Ridhi Datta,basakyashodhara@example.net,9.16E+11,"59, Ranganathan Circle
Nagpur-818568",Imphal,276311,16-06-2023,Regular,19,1526.04
59110513,Chaaya Mody,choudharyjagrati@example.org,9.13E+11,"132
Walla, Secunderabad 502542",Raebareli,594217,16-06-2023,Inactive,12,1377.27
13494314,Eesha Nadig,hansgirindra@example.com,9.13E+11,"68
Batra Circle
Coimbatore 509627",Mahbubnagar,741973,16-06-2023,Premium,5,1108.16
39645619,Indira Jaggi,falaksunder@example.org,9.13E+11,"08/524
Toor Path, Imphal 250392",Maheshtala,740640,17-06-2023,Regular,13,1512.4
77768189,Ojas Sinha,anjalisamra@example.com,9.14E+11,"H.No. 940, Sawhney Circle
Bhusawal 477498",Machilipatnam,468910,17-06-2023,Regular,3,434.62
13871547,Anthony Dhawan,nimrat66@example.org,9.16E+11,"H.No. 30
Patla Nagar
Barasat 711179",Bhilwara,626053,17-06-2023,Premium,8,200.43
14255231,Advika Taneja,kapoornikita@example.com,9.20E+11,"H.No. 63
Bir
Asansol-254295",Surendranagar Dudhrej,516962,18-06-2023,Inactive,17,1055.6
97825663,Upadhriti Sha,pahalsaini@example.com,9.10E+11,"241, Bakshi Marg, Tadipatri 896705",Udaipur,719362,19-06-2023,Regular,8,527.59
28280172,Gaurang Dutta,johalekbal@example.org,9.17E+11,"H.No. 92
Chhabra Nagar
Bhopal 631149",Amravati,711598,19-06-2023,Premium,14,968.95
3100301,Wazir Saini,ishani86@example.com,9.15E+11,"770, Oommen
Orai-371934",Bathinda,892652,19-06-2023,New,1,1530.27
64141971,Madhavi Jaggi,eswamy@example.org,9.11E+11,"H.No. 70
Sura Path
Machilipatnam-082428",Anantapur,554679,20-06-2023,Premium,11,361.98
1200365,Avni Mistry,rkurian@example.net,9.16E+11,"29/45, Morar Road, Sangli-Miraj & Kupwad 629491",Thane,151739,21-06-2023,Regular,1,1170.74
97277696,Ijaya Halder,hariyug@example.net,9.10E+11,"506, Mohanty Chowk, Bulandshahr 342089",Jamalpur,190033,21-06-2023,Premium,8,1630.93
43052303,Girik Mutti,rajanathan@example.com,9.10E+11,"H.No. 065, Sehgal Zila
Salem 592037",Eluru,907571,21-06-2023,Premium,19,1790.43
19482392,Yachana Nath,dnanda@example.net,9.16E+11,"93, Dalal
Sangli-Miraj & Kupwad-541844",Muzaffarnagar,670607,22-06-2023,Regular,10,1478.75
91130614,Rayaan Seth,chaman96@example.org,9.20E+11,"H.No. 542
Amble Ganj
Farrukhabad 572765",Jabalpur,364241,22-06-2023,Inactive,7,528.12
51661209,Vasana Chandran,aaravdave@example.com,9.12E+11,"32/84
Natt Zila
Thiruvananthapuram 751597",Bidhannagar,211320,23-06-2023,New,13,852.39
95590889,Janani Purohit,atharvgaba@example.net,9.10E+11,"091, Ahuja Circle
Mysore-186449",Kharagpur,916972,23-06-2023,Inactive,7,582.01
72263318,Reyansh Sankar,gautamisura@example.org,9.16E+11,"061
Agrawal Chowk, Bhatpara 564696",Fatehpur,398070,23-06-2023,Inactive,8,1372.05
1469696,Gaurangi Banerjee,raghavanjagrati@example.com,9.12E+11,"98/623
Balasubramanian Zila, Alappuzha-147623",Jalna,74329,24-06-2023,Premium,6,1784.79
65382130,Nachiket Mani,rajaijaya@example.net,9.17E+11,"65
Manne Circle, Gangtok-255633",Ahmednagar,88366,24-06-2023,Regular,18,557.2
63971358,Leela Hayre,npalla@example.org,9.19E+11,"599
Sharaf Zila
Adoni 602296",Mau,621459,24-06-2023,Regular,2,1159.84
4444673,Chatresh Patla,owenkhatri@example.net,9.15E+11,"H.No. 70
Kade Marg
Mysore 259029",Srikakulam,440337,24-06-2023,New,15,584.69
82025691,Zaid Boase,hsaran@example.net,9.12E+11,"18
Ramakrishnan Ganj
Gurgaon 134787",Begusarai,407090,24-06-2023,Regular,17,811.77
96373206,Garima Magar,geramitesh@example.com,9.18E+11,"49, Bhattacharyya Chowk
Deoghar-719753",Indore,996221,24-06-2023,Regular,9,1235.13
27353891,Gabriel Ahluwalia,tahuja@example.com,9.17E+11,"295, Varty
Jabalpur-431897",Parbhani,889940,25-06-2023,Premium,20,1110.61
95558510,Ekaraj Halder,jairaj73@example.com,9.11E+11,"59, Raj, Tenali 078584",Bhind,565088,25-06-2023,Inactive,5,466.28
79298972,Zaid Kari,solankiabeer@example.net,9.16E+11,"37
Bajaj Circle, Siwan 761617",Nadiad,685405,25-06-2023,Regular,5,1975.13
13415362,Tristan Grover,diyakuruvilla@example.org,9.11E+11,"H.No. 96
Randhawa Path, Morena 357169",Dibrugarh,460303,25-06-2023,Inactive,2,978.88
59345983,Liam Sagar,ladsimon@example.net,9.12E+11,"61/71
Balan Nagar
Guwahati 334509",Saharanpur,992566,25-06-2023,Regular,8,1375.29
773410,Ladli Saha,gautami44@example.net,9.14E+11,"72/38
Krish Street, Bijapur-804266",Kota,906115,25-06-2023,New,13,1694.79
1719710,Pushti Sabharwal,ramachandranharini@example.com,9.14E+11,"49, Halder Circle, Dindigul-895174",Giridih,798390,26-06-2023,New,2,1332.82
40841791,Krishna Chahal,teerth57@example.org,9.17E+11,"H.No. 680, Raghavan Zila
Ballia-415317",Mysore,227417,26-06-2023,New,4,851.79
60728956,Andrew Nigam,nitara58@example.net,9.13E+11,"29/168, Srinivas
Bijapur 827761",Khandwa,785737,26-06-2023,Premium,15,1764.25
84848018,Jackson Roy,janijanaki@example.org,9.19E+11,"069, Prakash Marg, Mira-Bhayandar 031507",Alappuzha,275189,26-06-2023,Regular,19,557.81
57063557,Vaishnavi Srinivas,onisubramaniam@example.org,9.20E+11,"H.No. 54
Kumer, Ahmednagar-380592",Raurkela Industrial Township,307921,27-06-2023,Inactive,5,1465.59
97928541,Pratyush Peri,vasudha09@example.com,9.10E+11,"40/020
Krish Circle
Amaravati 137329",Tiruchirappalli,917035,27-06-2023,New,4,1838.77
77961205,Yashica Handa,jsankar@example.net,9.14E+11,"H.No. 75
Arora Marg
Jabalpur 673036",Burhanpur,921503,27-06-2023,Premium,7,1445.85
40015980,Dipta Deshmukh,dugarpooja@example.org,9.20E+11,"96/245, Karnik Street
Bijapur-598528",Katni,118043,28-06-2023,New,18,1031.91
96171594,Pratyush Tak,ibanik@example.org,9.14E+11,"H.No. 885
Kara, Nadiad 204192",Jodhpur,808731,28-06-2023,Regular,19,385.02
5961261,Vrishti Memon,brijeshwable@example.net,9.18E+11,"66/405
Talwar Ganj, Tiruchirappalli-116372",Varanasi,113744,28-06-2023,Premium,17,309.79
10789681,Anvi Rajan,aarna25@example.net,9.19E+11,"H.No. 010, Sandhu Street, Salem 189439",Dehradun,22922,28-06-2023,Regular,17,1178.41
68164013,Netra Chander,hwarrior@example.org,9.18E+11,"H.No. 94
Gupta Path, Hospet-831040",Malegaon,4515,29-06-2023,New,1,1061.82
87335844,Chandran Chakraborty,nborah@example.com,9.17E+11,"218
Bedi Chowk, Nangloi Jat 363286",Shivpuri,133563,29-06-2023,Premium,11,1770.89
64748953,Oscar Natt,chaudharisanya@example.org,9.13E+11,"303
Chander Zila, Amravati-905369",Hapur,190188,29-06-2023,Inactive,2,1507.44
56352626,Liam Palan,shravya32@example.org,9.14E+11,"28/021
Goyal Street, Haridwar 710996",Nagercoil,219851,29-06-2023,Regular,10,1574.59
1855421,Jasmit Kibe,kabiranand@example.net,9.14E+11,"94
Lal Road, Satara 661110",Kadapa,608163,30-06-2023,Inactive,10,260.2
27504517,Rayaan Gupta,tailorsimon@example.org,9.19E+11,"77, Mital Path
Rajahmundry 334280",Bardhaman,833561,30-06-2023,New,18,1175.7
22161071,Arunima Deol,dhruvlala@example.org,9.13E+11,"H.No. 579
Bala Zila
Durgapur 493585",Jalna,571163,30-06-2023,New,7,1582.43
53332493,Anirudh Bose,kamya09@example.org,9.12E+11,"13
Rege Zila
Gulbarga-345640",Surendranagar Dudhrej,54821,30-06-2023,New,19,1678.4
66742602,Yatan Uppal,hchakraborty@example.net,9.13E+11,"18
Bala Zila, Katni 101174",Jalna,749857,01-07-2023,New,14,1981.09
33280073,Yuvraj Lad,saanvimandal@example.org,9.12E+11,"909
Krishnamurthy Circle
Nizamabad 447824",Tadepalligudem,102918,01-07-2023,Inactive,17,1537.47
61320989,Anirudh Rege,choudharyvrinda@example.org,9.19E+11,"H.No. 65, Halder, Amravati 316229",Aurangabad,611718,01-07-2023,Regular,6,1247.37
83039559,Hemang Jain,khuranachanchal@example.net,9.14E+11,"64/54
Gill Chowk
Pali 227550",Jalgaon,925122,01-07-2023,Premium,5,247.73
62526567,Chaman Karan,azaankunda@example.net,9.17E+11,"H.No. 958, Sethi Circle
Hosur 449981",Chittoor,521820,01-07-2023,Premium,15,1976.82
58238092,Xiti Pradhan,triyakale@example.org,9.11E+11,"20/971, Bath Path, Thiruvananthapuram 983558",Malegaon,971189,01-07-2023,Inactive,9,519.73
3408982,Tripti Chakraborty,abhiramkunda@example.org,9.11E+11,"19, Dara Zila
Aligarh 920735",Bhatpara,119108,01-07-2023,Premium,5,656.97
59207798,Chakrika Bhargava,omlopa@example.org,9.13E+11,"18
Master Zila
Miryalaguda 319766",Ballia,78765,02-07-2023,Premium,4,1441.64
22738465,Gabriel Oak,advayluthra@example.com,9.18E+11,"42/463
Rana Street, Chennai 439851",Narasaraopet,890953,02-07-2023,Inactive,16,1903.09
45804389,Liam Dayal,daksh09@example.net,9.20E+11,"30, Roy Circle
Naihati-365590",Maheshtala,759825,02-07-2023,Inactive,11,788.1
1174162,Anirudh Vig,hema05@example.com,9.13E+11,"46/798
Sangha
Silchar 248580",Guna,413955,02-07-2023,Premium,12,1255.44
61522288,Gunbir Kala,balendratak@example.com,9.13E+11,"H.No. 43, Sidhu Marg, Ballia-663728",Tiruppur,828461,02-07-2023,New,8,283.36
96853930,Jagvi Varty,tbaral@example.com,9.18E+11,"460, Viswanathan Nagar, Nangloi Jat 590971",Bhopal,349563,03-07-2023,Premium,16,462.19
11071601,Ojas Ahuja,sneha11@example.com,9.13E+11,"H.No. 99
Kade Road
Ramgarh 695009",Buxar,528426,04-07-2023,Inactive,17,1950.54
93937586,Pranav Solanki,hayrewarjas@example.org,9.11E+11,"H.No. 758
Goyal Nagar
Orai 041239",Medininagar,683079,04-07-2023,New,1,651.43
58152923,Amrita Babu,mandarajeshri@example.com,9.12E+11,"287, Lall Chowk, Amroha-875008",Kishanganj,950528,04-07-2023,Premium,18,1776.12
23982977,Charita Rama,nadkarniyauvani@example.net,9.20E+11,"H.No. 01
Krishnan Zila
Jehanabad-220376",Salem,569461,04-07-2023,New,2,1863.55
81655250,Kashvi Rege,gnanda@example.org,9.11E+11,"H.No. 31
Buch Circle, Ajmer-282400",Madurai,851454,04-07-2023,Regular,17,1399.67
94730288,Idika Bath,yuglall@example.net,9.15E+11,"886, Suresh Nagar
Vadodara 913194",Rampur,721290,04-07-2023,Regular,17,1560.64
49260858,Charan Chaudhary,bmishra@example.net,9.18E+11,"H.No. 226, Pillay Marg
Maheshtala-191051",Phagwara,494573,05-07-2023,Regular,4,1855.11
66866026,Vyanjana Nagi,tellajasmit@example.org,9.14E+11,"02/534
Kale Ganj, Jamnagar-316257",Ahmedabad,410022,05-07-2023,Regular,13,802.79
10686446,Onkar Ratti,tshanker@example.net,9.15E+11,"21/061, Muni Marg
Coimbatore 615093",Tadipatri,182979,05-07-2023,New,18,1566.26
6756256,Ijaya Goel,qsarin@example.org,9.19E+11,"79
Sahni Chowk, Nagaon 813383",Bellary,83206,06-07-2023,Premium,13,1902.9
20517871,Lavanya Natt,wbhakta@example.org,9.12E+11,"H.No. 74, Sagar Chowk, Ambala 375071",Imphal,796497,06-07-2023,Premium,4,418.15
50045027,Yashvi Bajaj,yoshitanarang@example.org,9.18E+11,"69/68, Dube Path
Agartala-951262",Sagar,679096,06-07-2023,Regular,7,1570.95
81808190,Qasim Sharma,rbarad@example.org,9.17E+11,"408
Bains Chowk
Morbi-747709",Bhusawal,611142,06-07-2023,Inactive,1,796.97
13585482,Meera Dara,sodhibachittar@example.org,9.14E+11,"23
Murty Zila, Ajmer-307715",Buxar,800996,06-07-2023,Inactive,20,1475.52
3872421,Ladli Saran,virkfalak@example.com,9.20E+11,"H.No. 56
Date Circle
Uluberia-147880",Panvel,973220,06-07-2023,Premium,3,1468.98
38709137,Neha Gade,lmahal@example.com,9.17E+11,"34/477, Bali Ganj, Udaipur 580186",Mau,855661,07-07-2023,Inactive,18,1307.64
31576845,Chasmum Raman,bimalaanne@example.org,9.14E+11,"01/925, Goda Zila
Ahmedabad-481472",Madurai,6864,07-07-2023,New,12,1389.96
96629258,Liam Joshi,choudharyelijah@example.net,9.16E+11,"78/80, Venkataraman, Lucknow 671983",Chandigarh,918398,07-07-2023,Inactive,14,1462.21
8739903,Yamini Bir,giriklata@example.com,9.18E+11,"66
Reddy Zila, Guwahati 103557",Thane,985691,07-07-2023,Regular,9,1689.59
27049432,Mitali Shankar,sahotaudarsh@example.net,9.17E+11,"91/62
Chandra, Ambala-225973",Nagaon,68240,08-07-2023,Premium,1,1866.16
47387512,Shivansh Gaba,harshilsawhney@example.net,9.12E+11,"36, Bose Street, Pali 357092",Chittoor,858549,08-07-2023,Regular,18,805.43
3638834,Falan Nayak,garaveer@example.com,9.16E+11,"38/514, Deo Zila, Morbi 793612",Warangal,563073,08-07-2023,Premium,16,1142.06
77214094,Raksha Walla,oakkaran@example.org,9.11E+11,"04, Atwal Nagar, Kanpur 851914",Khammam,105283,09-07-2023,New,6,1957.35
23434261,Jhalak Chopra,ramachandranunnati@example.org,9.13E+11,"462
Bhakta Street, Bhind-470064",Ambala,224620,10-07-2023,Inactive,7,1651.18
18771682,Nitara Sur,lohitsarraf@example.com,9.17E+11,"937
Suresh Ganj, Karawal Nagar-054361",Shivpuri,865499,11-07-2023,Premium,12,1420.99
57579640,Sneha Amble,vedantdoctor@example.org,9.19E+11,"21/31
Bahri Road, New Delhi-268180",Siwan,847223,11-07-2023,Premium,10,697.08
89476734,Jackson Rajagopal,fganesan@example.com,9.12E+11,"01/36
Ghosh Circle
Mumbai 440965",Surat,454361,12-07-2023,Inactive,18,1505.74
41146001,Nirja Prasad,mahallaban@example.net,9.17E+11,"H.No. 97, Bhat Zila
Sonipat 701585",Belgaum,160105,12-07-2023,Regular,5,934.23
73679086,Tarak Divan,ranbir07@example.org,9.13E+11,"324, Shanker
Ludhiana 440403",Dibrugarh,181712,12-07-2023,New,16,1297.47
26716400,Yamini Dey,neelima32@example.com,9.17E+11,"95/118, Datta Circle
Farrukhabad-619262",Morena,89227,12-07-2023,Premium,19,1179.28
12832151,Ekavir Bhalla,ksehgal@example.net,9.20E+11,"73/91, Loyal, Kochi 294184",Baranagar,509489,12-07-2023,Inactive,16,356.96
47590944,Ayushman Chawla,urajagopalan@example.net,9.19E+11,"H.No. 08, Atwal Chowk
Nagercoil 786153",Bhubaneswar,185673,12-07-2023,New,19,1163.84
10285414,Meera Nigam,priyalanka@example.org,9.10E+11,"76, Jaggi
Kirari Suleman Nagar-469099",Shimla,186927,13-07-2023,Inactive,18,993.5
34381941,Oeshi Thaman,bahriishanvi@example.net,9.13E+11,"42, Sawhney Marg, Bhubaneswar-711454",Malegaon,348234,13-07-2023,Inactive,10,1753.38
86294036,Chatresh Rajagopalan,harshilbansal@example.org,9.17E+11,"11
Sarraf
Bahraich 857642",Arrah,824264,13-07-2023,Inactive,13,1311.81
13492411,Ekaraj Mahal,tamanna39@example.net,9.18E+11,"745, Mall Street, Tirunelveli-948037",Patna,673157,13-07-2023,Regular,8,453.33
9105829,David Gopal,kdeol@example.org,9.13E+11,"80/23, Kashyap Chowk, Nanded-894272",Begusarai,450245,14-07-2023,Regular,11,1350.06
61618079,Isaac Sunder,maxedwin@example.net,9.15E+11,"97, Sandal Path
Tezpur-513861",Ambala,941949,14-07-2023,Inactive,9,1191.93
60379302,Raksha Chand,bchar@example.net,9.10E+11,"772, Master Nagar, Belgaum 984907",Patiala,998032,14-07-2023,New,7,536.98
90150193,Advik Rajan,siya35@example.com,9.12E+11,"H.No. 129, Baral Zila, Amritsar-828766",Buxar,665407,14-07-2023,Inactive,18,783.69
77862447,Tejas Doshi,yashawini78@example.org,9.15E+11,"H.No. 487
Bera Ganj
Coimbatore 258160",Bally,410832,14-07-2023,New,3,721.04
80935110,Oscar Bir,kpant@example.net,9.18E+11,"47, Chanda Nagar
Bhagalpur 285289",Tumkur,983869,14-07-2023,Regular,16,1855.7
86636273,Saksham Bora,michael01@example.org,9.14E+11,"H.No. 881, Shroff Ganj, Imphal-936263",Chinsurah,958910,15-07-2023,Inactive,13,529.61
80875034,Vasatika Palla,maanasrattan@example.com,9.10E+11,"89
Thaker Road, Agra-525317",Mahbubnagar,197561,15-07-2023,Inactive,4,1407.92
6247821,Mekhala Vora,gardequincy@example.org,9.18E+11,"08/563, Sane Circle, Khora -425505",Panvel,691869,15-07-2023,Regular,15,1832.58
22846435,Jackson Shenoy,gopalkrishnamurthy@example.net,9.14E+11,"H.No. 61, Contractor Chowk, Meerut-839492",Tezpur,358841,15-07-2023,Inactive,12,1844.21
8655667,Ayaan Upadhyay,akapur@example.com,9.19E+11,"039
Bobal Path, Jalandhar-942451",Gwalior,479960,16-07-2023,Premium,1,456.16
82322028,Reyansh Sinha,venkateshdamyanti@example.org,9.13E+11,"H.No. 674
Narula Street, Nagercoil 295923",South Dumdum,718072,16-07-2023,New,6,1700.56
3410758,Qabil Salvi,gandhibhavya@example.net,9.18E+11,"16/72, Jhaveri Road
Hubli–Dharwad 657248",Hazaribagh,293062,16-07-2023,Regular,1,1892.51
16341776,Oviya Gera,dalbir04@example.com,9.15E+11,"31/786
Mall Marg
Aurangabad 284354",Sikar,60359,16-07-2023,New,6,964.4
29902416,Falak Choudhry,gautampandit@example.org,9.19E+11,"08/63
Bhatt Path
Khammam-521999",Tenali,401415,17-07-2023,Inactive,18,1010.11
25770577,Janya Chhabra,sachdevabdul@example.net,9.20E+11,"546
Sampath Circle, Kurnool 566625",Jaipur,799444,17-07-2023,Regular,17,1095.13
72797139,Ucchal Kapoor,kantcaleb@example.net,9.14E+11,"366, Lall Path
Ambarnath-422467",Dhule,722930,17-07-2023,Regular,5,492
21677923,Lipika Mukhopadhyay,masonnayar@example.net,9.16E+11,"045
Nath Circle, Nagpur-291495",Kakinada,247798,18-07-2023,New,17,465.55
63217390,Warinder Sha,urishilla57@example.org,9.14E+11,"75, Iyengar Street, Karaikudi-212227",Deoghar,65670,18-07-2023,Inactive,15,637.06
53815931,Praneel Sekhon,dalbirganguly@example.org,9.13E+11,"06, Bedi, Sonipat-496094",Jaipur,663082,19-07-2023,Inactive,17,1739.94
29562254,Devansh Murty,niteshdeshpande@example.com,9.10E+11,"07/32
Ghosh Street, Nagercoil 485520",Jaunpur,853545,19-07-2023,Inactive,19,1290.14
57526322,Henry Dar,yamini34@example.net,9.15E+11,"21/13, Patla Zila
Hosur-358068",Kishanganj,207296,19-07-2023,Premium,2,601.98
2875442,Arunima Vyas,buchayushman@example.net,9.16E+11,"176, Krishnamurthy
Ramgarh 170370",Bettiah,68994,19-07-2023,Premium,19,1858.8
75289676,Yashica Borra,odikasaha@example.org,9.16E+11,"22
Karnik Ganj, Thoothukudi-104639",Bardhaman,123617,20-07-2023,Inactive,19,1170.53
92356639,Girish Lall,nihalmani@example.net,9.19E+11,"H.No. 722
Badal Street, Sangli-Miraj & Kupwad 073500",Udaipur,558949,20-07-2023,Inactive,10,261.81
894128,Chatura Agarwal,harishom@example.net,9.20E+11,"58/69
Mallick Path
Rajahmundry 318453",Durgapur,13150,20-07-2023,Inactive,5,1323.32
12305040,Guneet Jayaraman,hamsini08@example.org,9.18E+11,"H.No. 31
Dhillon Street, Panchkula 640027",Noida,910150,20-07-2023,Regular,14,1968.85
8632679,Ayaan Bal,baladhruv@example.net,9.19E+11,"25
Baria Marg
Nizamabad 219786",North Dumdum,972354,20-07-2023,Regular,16,1201.21
89223620,Udyati Malhotra,raaginimitter@example.net,9.13E+11,"13
Kaul Road
Kulti-440393",Amravati,487205,21-07-2023,Inactive,17,579.91
97739583,Vasudha Nair,nratti@example.net,9.19E+11,"878
Rajagopal Circle, Phagwara-745365",Hapur,333808,21-07-2023,Inactive,17,1522.55
41972994,Lila Khanna,vsaini@example.com,9.17E+11,"H.No. 304, Mody Ganj
Machilipatnam 049054",Bhatpara,238845,21-07-2023,Inactive,16,748.34
65514005,Ekapad Kuruvilla,yatinsoni@example.com,9.16E+11,"H.No. 48, Dora Marg
Jamshedpur-323719",Dhanbad,615240,21-07-2023,Regular,16,266.6
21456226,Indrajit Mitra,yauvani00@example.net,9.18E+11,"342
Hans
Bathinda-978162",Adoni,626620,21-07-2023,New,18,980.16
34897081,Kamala Dasgupta,bhaktabhavika@example.org,9.19E+11,"33, Uppal Chowk, Mysore-453952",Shahjahanpur,647500,22-07-2023,Premium,18,425.92
76359458,Yahvi Sule,vyanjananigam@example.net,9.14E+11,"H.No. 79
Kulkarni Path, Gandhidham 810520",Hosur,894432,22-07-2023,New,2,1638.08
4849477,Caleb Ram,leenamahal@example.com,9.12E+11,"H.No. 984
Chaudhry Street
Alwar-501673",Hosur,328080,22-07-2023,Premium,19,1782.35
54222320,Edhitha Kakar,pillayomisha@example.org,9.17E+11,"H.No. 47, Singh Nagar
Nellore 891716",Pali,375546,24-07-2023,Regular,19,295.18
28499191,Amara Patel,duaakshay@example.com,9.18E+11,"98, Sen Ganj
Secunderabad-632862",Thoothukudi,190084,24-07-2023,Premium,11,1018.2
61226835,Owen Soni,varsha95@example.net,9.14E+11,"56
Peri Chowk, Dharmavaram 677538",Kishanganj,458894,24-07-2023,Premium,18,1491.21
1697604,Arjun Deep,vedant34@example.net,9.15E+11,"H.No. 285
Gokhale Ganj, Chennai 327475",Bongaigaon,743452,24-07-2023,Regular,6,1970.15
52234494,Chameli Kadakia,bhavinisandhu@example.com,9.18E+11,"H.No. 038, Rama Nagar, Pali 764609",Bhopal,648848,25-07-2023,Premium,4,766.95
89811984,Saumya Yadav,mseshadri@example.net,9.16E+11,"H.No. 132, Behl Path, Kakinada 191344",Ramgarh,309567,26-07-2023,Regular,3,1957.67
51119088,Zehaan Srinivas,narayananlakshit@example.net,9.13E+11,"H.No. 12, Chaudhari Zila
Guwahati 756722",Tinsukia,538718,26-07-2023,Regular,9,1264.67
85518832,Alexander Sem,michaelsami@example.net,9.17E+11,"H.No. 340
Shere Path, Sagar 956141",Tezpur,740506,26-07-2023,Premium,19,205.79
94854830,Aarna Dave,michaelmann@example.com,9.13E+11,"80/915
Pau Nagar
Haridwar-710710",Kochi,194790,27-07-2023,Inactive,5,415.65
78847070,Gauri Ramakrishnan,priyasura@example.net,9.16E+11,"131, Sundaram Ganj, Jamnagar 024377",Anantapur,478537,27-07-2023,Inactive,12,1918.04
1108176,Charita Chad,ekantika51@example.com,9.19E+11,"99/756, Gour Marg
Suryapet-685926",Bhalswa Jahangir Pur,902052,27-07-2023,Premium,20,1460.76
42366724,Quincy Kari,gopaldugar@example.org,9.11E+11,"39/64
Vig Zila
Jaipur-137064",Saharanpur,260071,27-07-2023,Inactive,20,1896.27
81763298,Laban Kumar,xhanda@example.com,9.17E+11,"71
Chadha Marg, Tezpur 405760",Ichalkaranji,469063,29-07-2023,Premium,1,1747.14
39418109,Yahvi Kala,reyanshbasu@example.com,9.18E+11,"H.No. 942
Jaggi Street
Anand 778048",Navi Mumbai,729388,29-07-2023,Inactive,19,928.13
88779806,Ethan Taneja,mohammed37@example.com,9.14E+11,"828, Sahni Nagar, Tenali-855185",Srinagar,651071,29-07-2023,Regular,11,679
27746432,Eesha Rajagopal,solankiekaraj@example.net,9.20E+11,"H.No. 79, Dave Path
Sultan Pur Majra-296590",Bangalore,836547,29-07-2023,Inactive,10,1261.35
72667140,Neelima Raj,benharrison@example.net,9.13E+11,"00/569
Hayer Street, Srinagar 199551",Mysore,827748,30-07-2023,Premium,9,1106.22
60591625,Fitan Kunda,gillgunbir@example.net,9.14E+11,"81/40, Borah Path
Aligarh 096524",Delhi,623581,30-07-2023,New,8,374.61
35434373,Pushti Pandya,deolanmol@example.org,9.16E+11,"29/21
Pau, Mau 854346",Aurangabad,407353,30-07-2023,Premium,9,368.71
11228463,Theodore Cherian,oliver85@example.com,9.18E+11,"H.No. 173, Pant Street, Jaipur 419135",Kanpur,834868,30-07-2023,Inactive,8,1275.97
19084027,Mitesh Sehgal,ychakraborty@example.net,9.17E+11,"H.No. 215, Kulkarni Nagar
Panihati-950577",Unnao,977602,30-07-2023,New,20,908.28
27698051,Mitesh Savant,indalimane@example.net,9.15E+11,"H.No. 391
Batra Street
Nangloi Jat 215269",Gandhinagar,229507,30-07-2023,Premium,19,978.81
666589,Kevin Bassi,jainchandani@example.net,9.12E+11,"25/224
Soni Ganj
Visakhapatnam-398942",Morbi,852969,31-07-2023,Regular,15,465.38
83610315,Nachiket Roy,wsangha@example.net,9.19E+11,"17/829, Garg Circle, Kirari Suleman Nagar 040091",Shahjahanpur,632904,31-07-2023,Inactive,16,376.5
76864442,Yashasvi Srinivas,omya58@example.com,9.11E+11,"399, Agate
Eluru-619957",Karnal,395170,31-07-2023,Regular,13,1565.67
40877127,Falak Sarraf,ydas@example.com,9.11E+11,"91, Minhas Ganj
Deoghar 503558",Ludhiana,206065,31-07-2023,Premium,14,757.15
31940833,Urmi Amble,anita28@example.net,9.18E+11,"H.No. 083, Bajwa, Rewa-343147",Karawal Nagar,452880,31-07-2023,New,4,1515.8
78394303,Alexander Kata,krishnaupkaar@example.com,9.14E+11,"H.No. 237
Prabhakar Marg
Belgaum-107073",Bilaspur,740219,31-07-2023,Inactive,1,1590.54
14006996,Saumya Rau,anitakorpal@example.org,9.11E+11,"893, Sengupta Path, Akola-055236",Buxar,998569,31-07-2023,Inactive,15,738.1
32656885,Xiti Sane,nyadav@example.net,9.19E+11,"10, Chana Street, Thiruvananthapuram-939172",Durgapur,278727,01-08-2023,New,1,309.43
51557673,Faras Varughese,hemangchhabra@example.net,9.16E+11,"H.No. 45, Hayer Circle
Varanasi 847363",Mira-Bhayandar,270793,01-08-2023,New,4,510.76
75928073,Harsh Aggarwal,dayamai16@example.com,9.19E+11,"H.No. 73, Ahuja Marg
Motihari-981926",Udupi,442492,01-08-2023,Inactive,20,1684.84
119099,Zansi Parsa,neha08@example.com,9.12E+11,"H.No. 40, Gopal Ganj, Bidar 854350",Kavali,692517,01-08-2023,Inactive,20,637.35
81160474,Adweta Gokhale,upkaar63@example.net,9.20E+11,"H.No. 601
Halder Street
Sri Ganganagar 570259",Aizawl,841396,02-08-2023,Premium,19,447.55
76257013,Lavanya Loyal,gkothari@example.net,9.14E+11,"H.No. 158
Gopal Circle, Cuttack 973082",Mango,643300,02-08-2023,New,16,1812.15
14167111,Balvan Raman,bassigavin@example.org,9.18E+11,"H.No. 15, Shetty Zila, Buxar-796680",Kishanganj,21360,03-08-2023,New,18,963.9
92038780,Geetika Bansal,minhasraagini@example.com,9.20E+11,"02, Chahal Zila
Thrissur 415323",Pallavaram,536778,03-08-2023,Premium,12,445
58170168,Urmi Bansal,vamakshiramachandran@example.org,9.18E+11,"497
Madan, Anantapuram-223901",Sasaram,480016,03-08-2023,Premium,16,757.56
70363568,Ekavir Sunder,siyengar@example.com,9.19E+11,"H.No. 47
Goda Zila
Chittoor-109669",Shahjahanpur,354549,03-08-2023,New,13,1632.23
42432226,Gaurang Mitra,smuni@example.net,9.18E+11,"20
Mitra Street
Tumkur 174250",Gandhinagar,337198,03-08-2023,Premium,5,608.34
8384106,Urishilla Upadhyay,enagi@example.net,9.10E+11,"H.No. 051, Mann
Tadipatri-912584",Hubli–Dharwad,42350,03-08-2023,Premium,8,1853.96
90021871,Pooja Dube,sudikshagokhale@example.org,9.11E+11,"H.No. 052
Chawla Marg, Ongole-389291",Thiruvananthapuram,326796,04-08-2023,Regular,2,1907.98
45481936,Robert Gour,cheemaranveer@example.org,9.14E+11,"99/95
Srinivasan Circle, Siliguri 496598",Munger,202068,04-08-2023,Premium,3,1909.44
14330483,Vasatika Konda,kaurishwar@example.org,9.17E+11,"H.No. 63
Iyer
Sangli-Miraj & Kupwad-906471",Durgapur,943453,04-08-2023,Premium,12,538.66
65660660,Arya Sodhi,devika25@example.net,9.14E+11,"H.No. 995
Srivastava Street
Vijayanagaram-618080",Gangtok,994735,04-08-2023,Regular,12,749.66
37288781,Kritika Narayan,fyadav@example.org,9.11E+11,"H.No. 217, Bhattacharyya Zila, Kalyan-Dombivli-066025",Tadepalligudem,355069,04-08-2023,New,1,1609.24
6291143,Banjeet Oak,abhatia@example.com,9.18E+11,"56/942
Rajan Road
Mysore 031754",Yamunanagar,135844,05-08-2023,Inactive,19,1934.37
70243933,Irya Gola,ekbal71@example.org,9.20E+11,"41/448
Bandi Ganj
Jamshedpur 168104",Mahbubnagar,829779,05-08-2023,Regular,13,476.91
38957713,Damyanti Krish,xkhatri@example.net,9.14E+11,"730, Krishna Marg, Tiruchirappalli 628526",Uluberia,3946,05-08-2023,New,19,935.68
59222551,Urmi Parekh,duttabrijesh@example.org,9.16E+11,"H.No. 867, Kannan Circle, Mehsana 430537",Jamshedpur,351341,05-08-2023,Inactive,10,1569.86
22822088,Baghyawati Wadhwa,atwalabhiram@example.com,9.10E+11,"54/01, Tandon Ganj, Kottayam-106529",Amravati,748122,05-08-2023,New,11,293.88
77128325,Yug Mangat,vohrameghana@example.com,9.11E+11,"54, Aggarwal Circle, Amravati 188290",Satna,833563,05-08-2023,Regular,2,1483.92
70372270,Yadavi Garg,dalbir46@example.org,9.14E+11,"H.No. 738
Dar
Farrukhabad-031738",Ichalkaranji,993809,05-08-2023,New,15,1420.71
41612464,Chatura Sodhi,adya94@example.com,9.16E+11,"54/092
Bhatnagar Road, Ozhukarai-567116",Bhavnagar,521802,06-08-2023,Regular,18,874.93
27381533,Zayan Guha,bahriforum@example.net,9.17E+11,"64/71, D’Alia Circle
Kochi 188675",Rampur,831630,06-08-2023,Premium,9,1414.83
16785724,Indali Majumdar,ozaomkaar@example.com,9.19E+11,"610
Thaker Zila
Bilaspur-483457",Vellore,61886,06-08-2023,Regular,16,1768.52
43307488,Jagrati Prabhu,choudharybalhaar@example.org,9.16E+11,"72/18, Munshi Zila, Jamalpur 838235",Bhatpara,793361,06-08-2023,Regular,1,1036.29
22915611,Rishi Minhas,watikamemon@example.com,9.16E+11,"H.No. 66
Goyal, Noida 071135",Karaikudi,515734,06-08-2023,Regular,10,1239.42
81346291,Yashasvi Acharya,ramaswamyedhitha@example.org,9.17E+11,"209
Ravi Ganj
Sambhal 050363",Nizamabad,656769,07-08-2023,Premium,11,490.48
79695653,Yash Hans,indrajit03@example.net,9.19E+11,"31/66, Badami Ganj, Rohtak 192027",Sonipat,361030,07-08-2023,Regular,11,728.65
3999964,Ansh Minhas,nbir@example.net,9.12E+11,"H.No. 82, Madan Road
Jalandhar-138003",Orai,33590,08-08-2023,Premium,15,1147.01
96253172,Zarna Mammen,patilnachiket@example.com,9.20E+11,"357, Chaudhry Chowk
Danapur-617891",Berhampur,238657,08-08-2023,Inactive,1,475.19
64535602,Faris Mahajan,calebbhargava@example.net,9.13E+11,"H.No. 758, Krishna Zila
Sagar-352638",Jalgaon,236937,09-08-2023,Inactive,13,1816.18
62323608,Ekansh Bains,bgoyal@example.net,9.12E+11,"08/545
Seshadri Nagar, Deoghar 100024",Nandyal,537361,09-08-2023,New,2,1446.34
54338574,Yashodhara Gokhale,nandagavin@example.org,9.16E+11,"829, Yogi Zila, Indore 022222",Guntur,515677,09-08-2023,Premium,3,1875.03
28173165,Gayathri Padmanabhan,william12@example.net,9.11E+11,"H.No. 578, Sharma Path, Jhansi 265422",Srikakulam,743644,09-08-2023,Inactive,15,545.71
75632045,Shivansh Sharaf,minhasjacob@example.org,9.20E+11,"11/75, Khanna Marg, Ludhiana 820421",Silchar,207255,10-08-2023,Regular,15,1268.29
29562072,Edhitha Ranganathan,yashawini55@example.net,9.15E+11,"09, Soman Marg, Guna 345092",Hindupur,976259,10-08-2023,New,10,1449
34668988,Wishi Varughese,damyanti67@example.net,9.16E+11,"68/391, Raval
Belgaum 624810",Nagpur,723012,10-08-2023,Inactive,3,534.37
15733078,Ekanta Shukla,ychoudhry@example.net,9.14E+11,"H.No. 731
Nazareth Zila, Navi Mumbai-187154",Phagwara,214451,10-08-2023,Regular,1,1152.95
51592174,Jasmit Sura,anusha59@example.com,9.12E+11,"H.No. 821, Barman Street
Bhagalpur 755691",Secunderabad,271886,11-08-2023,New,2,794.83
54580166,Jason Pradhan,lucky87@example.net,9.10E+11,"08, Dani Chowk, Shimla 913693",Silchar,67494,11-08-2023,Regular,8,1024.69
21425168,Gavin Panchal,banjeetchoudhary@example.org,9.11E+11,"14, Salvi Nagar, Giridih 525156",Aligarh,189621,11-08-2023,New,5,1861.73
38875754,Yash Mitter,falaksrinivasan@example.net,9.16E+11,"004
Hayre Circle
Anand 997941",Ambattur,109408,12-08-2023,Premium,9,237.42
8205155,Vrishti Din,pooja30@example.com,9.11E+11,"45, Dhawan Marg, Mahbubnagar-157273",Sagar,165438,12-08-2023,New,3,305.85
33574338,Prisha Bahl,venkateshowen@example.org,9.15E+11,"58/15
Dash Path, Pali-217275",Thiruvananthapuram,139810,12-08-2023,Inactive,8,830.3
96109948,Riya Wason,kotharizaitra@example.com,9.15E+11,"90/533, Bakshi Zila, Kakinada-718472",Shivpuri,528740,12-08-2023,Inactive,20,1879.13
45729563,Jagvi Chaudry,ishenoy@example.org,9.13E+11,"58/545, Doctor Zila, Sri Ganganagar 092880",Bijapur,919273,13-08-2023,New,14,725.66
66943324,Gavin Karnik,rudrakrishna@example.com,9.15E+11,"36/02
Padmanabhan Ganj, Saharsa 133874",Gorakhpur,851838,13-08-2023,Premium,19,1013.57
99231937,William Banerjee,bahadurjitsarin@example.net,9.17E+11,"86/296
Buch Marg
Satara 896641",Secunderabad,246460,13-08-2023,Regular,16,1757.01
11254582,Caleb Krish,rachitsaran@example.net,9.11E+11,"H.No. 99
Padmanabhan Marg
Panipat-465142",Machilipatnam,331326,13-08-2023,Inactive,19,1036.03
89531595,Balvan Bera,sankaranindali@example.net,9.15E+11,"457, Yohannan Nagar
Bardhaman-370968",Jammu,894540,13-08-2023,Regular,6,1385.2
34835738,Vrinda Mutti,wableyashoda@example.net,9.11E+11,"H.No. 369, Dubey Path
Udupi-085926",Jalna,891610,13-08-2023,Premium,9,1210.36
19179897,Tarak Nagi,dasoliver@example.net,9.18E+11,"H.No. 031
Subramaniam Street
Tezpur 787717",Orai,757209,14-08-2023,Premium,18,1491.58
86167288,Rachana Rajagopal,cratta@example.net,9.18E+11,"H.No. 292
Baral Nagar
Bettiah-410932",Nagpur,155646,14-08-2023,Inactive,1,1049.94
76327561,Osha Khanna,utkarsh04@example.net,9.16E+11,"63/442, Seth Zila
Guwahati-133100",Adoni,471009,14-08-2023,Inactive,5,553.12
29361038,Idika Gade,oscarchaudhari@example.com,9.13E+11,"09/56
Palla Street, Bhatpara-222615",Aurangabad,160138,14-08-2023,New,19,282
43256928,Gaurav Bhardwaj,okamdar@example.com,9.14E+11,"36/809
Sastry Circle
Kumbakonam-107839",Baranagar,131278,14-08-2023,Inactive,19,1984.5
38549299,Ati De,thakkarpushti@example.net,9.16E+11,"19/65
Balakrishnan Nagar
Phagwara 309259",Asansol,880031,14-08-2023,Regular,4,234.63
25503067,Ikshita Yohannan,solankicharita@example.org,9.17E+11,"H.No. 27
Issac Ganj
Mau 581320",Alwar,730983,15-08-2023,New,1,1257.76
10038382,Rajata Balay,sanaya20@example.net,9.14E+11,"43
Sood Circle
Anand 032303",Bahraich,605355,15-08-2023,Inactive,3,339.73
66440188,Ira Radhakrishnan,thomas14@example.org,9.14E+11,"610
Baral Path
Mahbubnagar-336583",Haldia,894414,15-08-2023,Premium,9,1976.52
94713625,Samar Deol,davesathvik@example.com,9.16E+11,"H.No. 98
Roy Road
Jhansi 989608",Barasat,284684,15-08-2023,Premium,10,1791.16
46675763,Tanmayi Ramaswamy,bakshigavin@example.net,9.17E+11,"929
Chaudhry
Ballia 919826",Katihar,745005,15-08-2023,New,19,737.08
58111297,Chasmum Mutti,vrindakumer@example.com,9.18E+11,"500
Bhat Ganj
Tadepalligudem 780400",Sambalpur,390809,16-08-2023,Regular,20,1149.62
87444738,Meghana Prabhu,comarfrado@example.net,9.12E+11,"33/015
Basu Chowk
Hazaribagh 623922",Satna,647152,16-08-2023,Inactive,9,1435.78
94165062,Siddharth Shroff,qsarin@example.com,9.14E+11,"34/246, Lal, Bhagalpur-593389",Eluru,291980,16-08-2023,Inactive,9,793.38
72164737,Mugdha Mohan,sara93@example.org,9.18E+11,"01/71
Shah Nagar
Malda 134603",Udaipur,685858,16-08-2023,Premium,6,377.36
81906973,Oliver Wagle,siddharth54@example.com,9.14E+11,"52/226
Gopal Circle, Machilipatnam-015697",Loni,114641,16-08-2023,New,20,218.78
44149982,Tara Uppal,gbuch@example.net,9.18E+11,"84/33, Menon Ganj, Sambalpur-870513",Yamunanagar,603400,16-08-2023,New,7,1224.69
48033969,Kavya Kunda,ramalaksh@example.net,9.14E+11,"31/10
Vohra
Panipat 844869",Baranagar,320524,16-08-2023,Premium,1,717.51
41640262,Vihaan Gola,samesh12@example.com,9.14E+11,"708
Rao Nagar
Gandhidham-720600",Ulhasnagar,275919,17-08-2023,Inactive,9,1805.87
63624332,Krisha Zachariah,dhingraabha@example.org,9.15E+11,"40/476
Patla, Surat-220751",Rewa,391559,17-08-2023,Inactive,19,387.57
11387110,Om Sastry,aishani38@example.com,9.16E+11,"H.No. 413, Char Nagar, Mehsana-538034",Coimbatore,14359,17-08-2023,Premium,8,1303.37
5009458,Yasti Choudhary,diyabal@example.com,9.13E+11,"H.No. 14
Yogi Marg, Noida-862686",Thiruvananthapuram,525644,17-08-2023,Inactive,7,1712.14
37362180,Praneel Mangat,pben@example.com,9.13E+11,"28/28, Sandal Marg, Purnia-889918",Visakhapatnam,826795,17-08-2023,Regular,11,1638.66
94486311,Ladli Mani,chatterjeeimaran@example.com,9.18E+11,"814
Char Marg
Firozabad 508210",Chittoor,320760,17-08-2023,New,16,1812.66
85340038,Faris Oza,goswamialexander@example.com,9.12E+11,"82, Garg Zila, Noida-112388",Noida,355666,17-08-2023,Premium,10,1430.56
82359623,Pushti Sangha,gopalijaya@example.net,9.12E+11,"75/89
Issac Road, Jamalpur-285509",Bellary,504776,17-08-2023,Premium,17,1339.75
73428596,Nathaniel Sem,ekanta10@example.com,9.18E+11,"19/020, Apte Road, Bareilly-249358",Kakinada,530738,18-08-2023,Inactive,16,808.24
31389750,Advika Bala,praneelmorar@example.com,9.19E+11,"42/949
Dani Chowk, Raipur 625479",Karaikudi,251735,18-08-2023,New,18,1600.66
86483673,Ranveer Ranganathan,yatinthaker@example.org,9.19E+11,"58/697
Zacharia
Tinsukia 392234",Satara,979887,18-08-2023,Regular,17,682.78
42012717,Edhitha Sahota,georgesami@example.org,9.13E+11,"04/496
Kala Street, Ghaziabad-646233",Jabalpur,831378,18-08-2023,Regular,10,1030.12
5140660,Tripti Loke,anika70@example.com,9.16E+11,"25, Oommen Road, Gandhidham 607310",Akola,164050,18-08-2023,Inactive,17,908.68
40104482,George Toor,kdave@example.com,9.11E+11,"510
Ramakrishnan Chowk, Thiruvananthapuram 670909",Morbi,752996,19-08-2023,New,5,1632.94
8817168,Lajita Sharma,gaurang89@example.net,9.19E+11,"10/038
Subramanian Chowk
Begusarai 041864",Mehsana,294382,19-08-2023,Inactive,7,1382.39
15221182,Charles Munshi,yashodaanne@example.org,9.19E+11,"34/72
Ratta Ganj, Ramagundam-239302",Visakhapatnam,639677,19-08-2023,Inactive,11,1871.46
81822935,Dhruv Ganguly,balvansule@example.org,9.13E+11,"23/02
Mane
Bhind 848106",Nanded,425857,19-08-2023,Regular,18,1808.94
23984022,Liam Gupta,onveerdalal@example.org,9.19E+11,"55, Yohannan Ganj, Baranagar-705140",Nagaon,971471,19-08-2023,Regular,3,1519.51
59240916,Ronith Murthy,jgulati@example.com,9.15E+11,"H.No. 567, Mutti Road, Hajipur 158460",Faridabad,730723,19-08-2023,Inactive,6,1202.51
88202341,Jagrati Dubey,vasatika03@example.net,9.16E+11,"470, Kibe Zila, Tirupati-332036",Kottayam,174979,20-08-2023,Inactive,9,644.06
24581427,Yahvi Tiwari,yauvanibarad@example.net,9.17E+11,"43/477, Bath Marg, Panihati-316632",Ahmednagar,644558,20-08-2023,Premium,3,747.9
12755730,Indrajit Mahal,padmanabhanharshil@example.org,9.11E+11,"76
Ben Path, Thanjavur-431970",Howrah,473540,20-08-2023,Regular,8,748.43
85354059,Anamika Dugar,borahansh@example.net,9.12E+11,"H.No. 245
Vora Marg
Ambattur-417585",Begusarai,887933,20-08-2023,Premium,2,672.87
38613295,Sai Panchal,falan03@example.com,9.16E+11,"32, Ramaswamy Zila, Hapur-147704",Vadodara,254021,20-08-2023,New,17,544.45
47955004,Mohini Sidhu,wmitter@example.net,9.15E+11,"249, Krishnan Path, Bhubaneswar 211635",Kollam,204587,21-08-2023,Inactive,6,1681.52
67538982,Upma Salvi,farhanmishra@example.net,9.16E+11,"734
Shetty Circle
Amravati-970918",Shivpuri,230324,21-08-2023,Premium,6,1257.71
469006,Shivansh Loyal,darikaperi@example.net,9.10E+11,"49, Garg Ganj
Bhubaneswar-563425",Begusarai,814266,21-08-2023,Inactive,2,1393.2
77303171,Sneha Menon,vgopal@example.com,9.17E+11,"H.No. 24, Raman Road
Haldia 955041",Guna,876392,22-08-2023,Inactive,19,452.86
98088303,Neel Palan,tsethi@example.net,9.11E+11,"H.No. 836, Srinivasan Road, Hajipur 801503",Agartala,50491,22-08-2023,New,9,1765.46
50630016,Max Ranganathan,aaravkhosla@example.org,9.18E+11,"47
Ramesh Ganj, Lucknow-952273",Unnao,926172,22-08-2023,Inactive,17,1445.33
66269844,Harshil Edwin,pallabina@example.com,9.11E+11,"H.No. 831
Kade Circle, Dibrugarh 622053",Ghaziabad,818957,23-08-2023,Premium,4,1371.03
11470681,Yashawini Sunder,kdash@example.com,9.16E+11,"633
Dhar Zila
Bahraich 587394",Munger,928068,23-08-2023,New,2,570.88
13760839,Anvi Savant,yashvi72@example.org,9.14E+11,"H.No. 661, Dora Street
Surat 406513",Guwahati,412928,23-08-2023,Premium,17,444.89
30116949,Harshil Pathak,janakisaraf@example.com,9.16E+11,"09
Sha, Chinsurah 561052",Nadiad,981634,23-08-2023,Inactive,5,1535.47
45868300,Isha Sheth,revaatwal@example.net,9.16E+11,"H.No. 36
Doctor Path, Aurangabad 897507",Ratlam,406941,24-08-2023,Premium,7,584.9
59398136,Neelima Lanka,vasanadugar@example.org,9.12E+11,"738, Menon Chowk, Tezpur-908744",Machilipatnam,460348,24-08-2023,Regular,14,1205.76
6187807,Jairaj Tata,paivritti@example.net,9.14E+11,"H.No. 361, Sunder Chowk
Jalgaon 205509",Dindigul,921070,24-08-2023,New,10,1962.92
5135207,Xalak Mittal,libnikonda@example.com,9.12E+11,"H.No. 46, Thakur Street
Gurgaon 146541",Moradabad,383404,24-08-2023,Premium,3,1438.23
66427343,Forum Iyer,rajavarsha@example.net,9.12E+11,"25/98, Mallick Nagar
Gudivada 670706",Dewas,212034,25-08-2023,Premium,17,265.15
4394659,Xalak Goel,thakurmitali@example.org,9.15E+11,"69/41, Sen Nagar
Bhagalpur-361305",Pune,92392,25-08-2023,New,7,291.77
60319216,Lohit Narasimhan,bhavya01@example.com,9.16E+11,"22, Borah Circle, Buxar 569594",Ahmedabad,780127,25-08-2023,Premium,12,503.83
39959491,Damini Gandhi,xjayaraman@example.net,9.19E+11,"31
Sagar Nagar
New Delhi 077157",Purnia,734014,25-08-2023,Premium,2,622.87
52032226,Jagvi Choudhury,shivanimani@example.com,9.18E+11,"12/11, Kala Circle
Amroha 185767",Jodhpur,921195,26-08-2023,Premium,19,1551.39
8886587,Aishani Sura,neelima18@example.com,9.13E+11,"68, Sunder Marg
Tiruppur 470957",Moradabad,171879,27-08-2023,Regular,4,951.65
75892474,Baghyawati Ray,sameshissac@example.net,9.16E+11,"45, Lalla Ganj
Jammu 661842",Guntur,353826,27-08-2023,New,17,564.89
91024604,Manbir Devan,ishwarnagi@example.net,9.16E+11,"86/721
Sekhon
Rajkot 131436",Sambalpur,463411,27-08-2023,Inactive,2,1577.27
93127511,Warinder Chandran,reyansh94@example.com,9.12E+11,"H.No. 11, Mahajan Zila, Madhyamgram-787487",Bijapur,850740,27-08-2023,Inactive,7,453.17
37633848,Samuel Banerjee,shettyfaris@example.com,9.18E+11,"119
Seth Nagar
Mumbai 912897",Kharagpur,622019,27-08-2023,Premium,20,1237.57
5418547,Qushi Devi,swaminathanshaurya@example.org,9.17E+11,"132
Amble Ganj, Pimpri-Chinchwad-532902",Pune,122989,27-08-2023,Regular,20,1693.63
89472859,Ekaraj Dash,harirajeshri@example.org,9.14E+11,"70/52
Gokhale Marg, Machilipatnam-472393",Saharsa,209011,27-08-2023,Inactive,2,1181.99
5540556,Lakshit Balan,gunbirpillai@example.org,9.15E+11,"508, Dixit Zila
Nashik-521010",Gangtok,166077,28-08-2023,Regular,13,273.47
77559557,Akshay Varty,balendra63@example.com,9.18E+11,"44
Dube Path
Jammu-898608",Madurai,639717,28-08-2023,New,9,601.15
10019218,Elijah Brar,ikbalshukla@example.net,9.14E+11,"35
Chhabra Nagar, Singrauli 962731",Parbhani,700999,28-08-2023,New,7,560.14
55472026,Urishilla Bhatnagar,pwalia@example.org,9.11E+11,"518
Hegde Circle
Kishanganj-108379",Allahabad,925280,28-08-2023,New,2,730.33
20951294,Sathvik Dhar,atichoudhary@example.net,9.18E+11,"527, Choudhury Zila
Khammam-116209",Anantapur,766714,29-08-2023,Premium,4,223.45
54680459,Fariq Kala,danielbanerjee@example.com,9.13E+11,"97/611, Modi Ganj
Allahabad-554472",Vijayanagaram,319468,29-08-2023,Regular,8,585.9
8791577,Warda Kohli,madhavigandhi@example.com,9.10E+11,"H.No. 19
Dass Street
Gopalpur 195262",Madhyamgram,999631,29-08-2023,Regular,1,1031.07
15345667,Lila Chanda,manneparth@example.net,9.17E+11,"H.No. 293
Singhal Street, Bijapur 471714",Durg,750467,29-08-2023,Premium,6,1574.77
72287157,Ekbal Kaur,mangaldalaja@example.com,9.19E+11,"81
Choudhary Street, New Delhi-303095",Machilipatnam,289225,29-08-2023,New,20,1706.71
92123198,Diya Munshi,garimadutt@example.com,9.16E+11,"H.No. 86
Rastogi Road
Tiruchirappalli 971518",Bidar,505894,30-08-2023,Regular,8,224.01
97286925,Omkaar Bedi,girindra67@example.com,9.13E+11,"H.No. 44
Sarma Chowk
Bettiah 917609",Vellore,106555,30-08-2023,Inactive,20,617.71
62742797,Tanvi Dhar,xbaral@example.org,9.14E+11,"53
Bakshi Chowk
Tirunelveli 714052",Fatehpur,407022,30-08-2023,Premium,13,979.11
90586443,Baljiwan Pandey,vmitra@example.org,9.11E+11,"72/14
Palla Path
Haldia 455745",Ambala,46985,30-08-2023,New,2,1637.32
55007963,Darika Borah,dominic54@example.com,9.16E+11,"87/449
Kothari, Haridwar 669084",Chennai,52382,30-08-2023,New,10,1809.98
33544355,Aarnav Nayak,oscar01@example.com,9.15E+11,"015, Pandey Ganj
Karawal Nagar-700071",Sri Ganganagar,737494,30-08-2023,Premium,2,1083.95
79607319,Tanay Prabhakar,loyalluke@example.net,9.15E+11,"H.No. 565
Sura Ganj
Jaunpur-709356",Indore,988411,31-08-2023,New,6,942.14
91602727,Rayaan Palla,yatin72@example.org,9.20E+11,"H.No. 82, Sridhar Nagar
Pali 461261",Indore,798247,31-08-2023,Inactive,5,1156.54
4862761,Maya Chatterjee,quincyacharya@example.net,9.17E+11,"45, Sachar Ganj, Imphal 709402",Eluru,153679,31-08-2023,Premium,20,477.19
52075070,Vedika Muni,kdate@example.com,9.15E+11,"62/746
Banik Nagar
Thiruvananthapuram 557615",Kadapa,761787,31-08-2023,Regular,8,638.6
23976957,Ryan Sawhney,advikram@example.com,9.18E+11,"225
Dara Marg
Gudivada-433963",Visakhapatnam,928742,31-08-2023,New,6,755.84
,,,,,,,,,,
,,,,,,,,,,
,,,,,,,,,,
,,,,,,,,,,
,,,,,,,,,,
,,,,,,,,,,
,,,,,,,,,,
,,,,,,,,,,
,,,,,,,,,,
,,,,,,,,,,
,,,,,,,,,,
,,,,,,,,,,
,,,,,,,,,,
,,,,,,,,,,
,,,,,,,,,,
,,,,,,,,,,
,,,,,,,,,,
,,,,,,,,,,
,,,,,,,,,,
,,,,,,,,,,
,,,,,,,,,,
,,,,,,,,,,
,,,,,,,,,,
,,,,,,,,,,
,,,,,,,,,,
,,,,,,,,,,
,,,,,,,,,,
,,,,,,,,,,
,,,,,,,,,,
,,,,,,,,,,
,,,,,,,,,,
,,,,,,,,,,
,,,,,,,,,,
,,,,,,,,,,
,,,,,,,,,,
,,,,,,,,,,
,,,,,,,,,,
,,,,,,,,,,
,,,,,,,,,,
,,,,,,,,,,
,,,,,,,,,,
,,,,,,,,,,
,,,,,,,,,,
,,,,,,,,,,
,,,,,,,,,,
,,,,,,,,,,
,,,,,,,,,,
,,,,,,,,,,
,,,,,,,,,,
,,,,,,,,,,
,,,,,,,,,,
,,,,,,,,,,
,,,,,,,,,,
,,,,,,,,,,
,,,,,,,,,,
,,,,,,,,,,
,,,,,,,,,,
,,,,,,,,,,
,,,,,,,,,,
,,,,,,,,,,
,,,,,,,,,,
,,,,,,,,,,
,,,,,,,,,,
,,,,,,,,,,
,,,,,,,,,,
,,,,,,,,,,
,,,,,,,,,,
,,,,,,,,,,
,,,,,,,,,,
,,,,,,,,,,
,,,,,,,,,,
,,,,,,,,,,
,,,,,,,,,,
,,,,,,,,,,
,,,,,,,,,,
,,,,,,,,,,
,,,,,,,,,,
,,,,,,,,,,
,,,,,,,,,,
,,,,,,,,,,
,,,,,,,,,,
,,,,,,,,,,
,,,,,,,,,,
,,,,,,,,,,
,,,,,,,,,,
,,,,,,,,,,
,,,,,,,,,,
,,,,,,,,,,
,,,,,,,,,,
,,,,,,,,,,
,,,,,,,,,,
,,,,,,,,,,
,,,,,,,,,,
,,,,,,,,,,
,,,,,,,,,,
,,,,,,,,,,
,,,,,,,,,,
,,,,,,,,,,
,,,,,,,,,,
,,,,,,,,,,
,,,,,,,,,,
,,,,,,,,,,
,,,,,,,,,,
,,,,,,,,,,
,,,,,,,,,,
,,,,,,,,,,
,,,,,,,,,,
,,,,,,,,,,
,,,,,,,,,,
,,,,,,,,,,
,,,,,,,,,,
,,,,,,,,,,
,,,,,,,,,,
,,,,,,,,,,
,,,,,,,,,,
,,,,,,,,,,
,,,,,,,,,,
,,,,,,,,,,
,,,,,,,,,,
,,,,,,,,,,
,,,,,,,,,,
,,,,,,,,,,
,,,,,,,,,,
,,,,,,,,,,
,,,,,,,,,,
,,,,,,,,,,
,,,,,,,,,,
,,,,,,,,,,
,,,,,,,,,,
,,,,,,,,,,
,,,,,,,,,,
,,,,,,,,,,
,,,,,,,,,,
,,,,,,,,,,
,,,,,,,,,,
,,,,,,,,,,
,,,,,,,,,,
,,,,,,,,,,
,,,,,,,,,,
,,,,,,,,,,
,,,,,,,,,,
,,,,,,,,,,
,,,,,,,,,,
,,,,,,,,,,
,,,,,,,,,,
,,,,,,,,,,
,,,,,,,,,,
,,,,,,,,,,
,,,,,,,,,,
,,,,,,,,,,
,,,,,,,,,,
,,,,,,,,,,
,,,,,,,,,,
,,,,,,,,,,
,,,,,,,,,,
,,,,,,,,,,
,,,,,,,,,,
,,,,,,,,,,
,,,,,,,,,,
,,,,,,,,,,
,,,,,,,,,,
,,,,,,,,,,
,,,,,,,,,,
,,,,,,,,,,
,,,,,,,,,,
,,,,,,,,,,
,,,,,,,,,,
,,,,,,,,,,
,,,,,,,,,,
,,,,,,,,,,
,,,,,,,,,,
,,,,,,,,,,
,,,,,,,,,,
,,,,,,,,,,
,,,,,,,,,,
,,,,,,,,,,
,,,,,,,,,,
,,,,,,,,,,
,,,,,,,,,,
,,,,,,,,,,
,,,,,,,,,,
,,,,,,,,,,
,,,,,,,,,,
,,,,,,,,,,
,,,,,,,,,,
,,,,,,,,,,
,,,,,,,,,,
,,,,,,,,,,
,,,,,,,,,,
,,,,,,,,,,
,,,,,,,,,,
,,,,,,,,,,
,,,,,,,,,,
,,,,,,,,,,
,,,,,,,,,,
,,,,,,,,,,
,,,,,,,,,,
,,,,,,,,,,
,,,,,,,,,,
,,,,,,,,,,
,,,,,,,,,,
,,,,,,,,,,
,,,,,,,,,,
,,,,,,,,,,
,,,,,,,,,,
,,,,,,,,,,
,,,,,,,,,,
,,,,,,,,,,
,,,,,,,,,,
,,,,,,,,,,
,,,,,,,,,,
,,,,,,,,,,
,,,,,,,,,,
,,,,,,,,,,
,,,,,,,,,,
,,,,,,,,,,
,,,,,,,,,,
,,,,,,,,,,
,,,,,,,,,,
,,,,,,,,,,
,,,,,,,,,,
,,,,,,,,,,
,,,,,,,,,,
,,,,,,,,,,
,,,,,,,,,,
,,,,,,,,,,
,,,,,,,,,,
,,,,,,,,,,
,,,,,,,,,,
,,,,,,,,,,
,,,,,,,,,,
,,,,,,,,,,
,,,,,,,,,,
,,,,,,,,,,
,,,,,,,,,,
,,,,,,,,,,
,,,,,,,,,,
,,,,,,,,,,
,,,,,,,,,,
,,,,,,,,,,
,,,,,,,,,,
,,,,,,,,,,
,,,,,,,,,,
,,,,,,,,,,
,,,,,,,,,,
,,,,,,,,,,
,,,,,,,,,,
,,,,,,,,,,
,,,,,,,,,,
,,,,,,,,,,
,,,,,,,,,,
,,,,,,,,,,
,,,,,,,,,,
,,,,,,,,,,
,,,,,,,,,,
,,,,,,,,,,
,,,,,,,,,,
,,,,,,,,,,
,,,,,,,,,,
,,,,,,,,,,
,,,,,,,,,,
,,,,,,,,,,
,,,,,,,,,,
,,,,,,,,,,
,,,,,,,,,,
,,,,,,,,,,
,,,,,,,,,,
,,,,,,,,,,
,,,,,,,,,,
,,,,,,,,,,
,,,,,,,,,,
,,,,,,,,,,
,,,,,,,,,,
,,,,,,,,,,
,,,,,,,,,,
,,,,,,,,,,
,,,,,,,,,,
,,,,,,,,,,
,,,,,,,,,,
,,,,,,,,,,
,,,,,,,,,,
,,,,,,,,,,
,,,,,,,,,,
,,,,,,,,,,
,,,,,,,,,,
,,,,,,,,,,
,,,,,,,,,,
,,,,,,,,,,
,,,,,,,,,,
,,,,,,,,,,
,,,,,,,,,,
,,,,,,,,,,
,,,,,,,,,,
,,,,,,,,,,
,,,,,,,,,,
,,,,,,,,,,
,,,,,,,,,,
,,,,,,,,,,
,,,,,,,,,,
,,,,,,,,,,
,,,,,,,,,,
,,,,,,,,,,
,,,,,,,,,,
,,,,,,,,,,
,,,,,,,,,,
,,,,,,,,,,
,,,,,,,,,,
,,,,,,,,,,
,,,,,,,,,,
,,,,,,,,,,
,,,,,,,,,,
,,,,,,,,,,
,,,,,,,,,,
,,,,,,,,,,
,,,,,,,,,,
,,,,,,,,,,
,,,,,,,,,,
,,,,,,,,,,
,,,,,,,,,,
,,,,,,,,,,
,,,,,,,,,,
,,,,,,,,,,
,,,,,,,,,,
,,,,,,,,,,
,,,,,,,,,,
,,,,,,,,,,
,,,,,,,,,,
,,,,,,,,,,
,,,,,,,,,,
,,,,,,,,,,
,,,,,,,,,,
,,,,,,,,,,
,,,,,,,,,,
,,,,,,,,,,
,,,,,,,,,,
,,,,,,,,,,
,,,,,,,,,,
,,,,,,,,,,
,,,,,,,,,,
,,,,,,,,,,
,,,,,,,,,,
,,,,,,,,,,
,,,,,,,,,,
,,,,,,,,,,
,,,,,,,,,,
,,,,,,,,,,
,,,,,,,,,,
,,,,,,,,,,
,,,,,,,,,,
,,,,,,,,,,
,,,,,,,,,,
,,,,,,,,,,
,,,,,,,,,,
,,,,,,,,,,
,,,,,,,,,,
,,,,,,,,,,
,,,,,,,,,,
,,,,,,,,,,
,,,,,,,,,,
,,,,,,,,,,
,,,,,,,,,,
,,,,,,,,,,
,,,,,,,,,,
,,,,,,,,,,
,,,,,,,,,,
,,,,,,,,,,
,,,,,,,,,,
,,,,,,,,,,
,,,,,,,,,,
,,,,,,,,,,
,,,,,,,,,,
,,,,,,,,,,
,,,,,,,,,,
,,,,,,,,,,
,,,,,,,,,,
,,,,,,,,,,
,,,,,,,,,,
,,,,,,,,,,
,,,,,,,,,,
,,,,,,,,,,
,,,,,,,,,,
,,,,,,,,,,
,,,,,,,,,,
,,,,,,,,,,
,,,,,,,,,,
,,,,,,,,,,
,,,,,,,,,,
,,,,,,,,,,
,,,,,,,,,,
,,,,,,,,,,
,,,,,,,,,,
,,,,,,,,,,
,,,,,,,,,,
,,,,,,,,,,
,,,,,,,,,,
,,,,,,,,,,
,,,,,,,,,,
,,,,,,,,,,
,,,,,,,,,,
,,,,,,,,,,
,,,,,,,,,,
,,,,,,,,,,
,,,,,,,,,,
,,,,,,,,,,
,,,,,,,,,,
,,,,,,,,,,
,,,,,,,,,,
,,,,,,,,,,
,,,,,,,,,,
,,,,,,,,,,
,,,,,,,,,,
,,,,,,,,,,
,,,,,,,,,,
,,,,,,,,,,
,,,,,,,,,,
,,,,,,,,,,
,,,,,,,,,,
,,,,,,,,,,
,,,,,,,,,,
,,,,,,,,,,
,,,,,,,,,,
,,,,,,,,,,
,,,,,,,,,,
,,,,,,,,,,
,,,,,,,,,,
,,,,,,,,,,
,,,,,,,,,,
,,,,,,,,,,
,,,,,,,,,,
,,,,,,,,,,
,,,,,,,,,,
,,,,,,,,,,
,,,,,,,,,,
,,,,,,,,,,
,,,,,,,,,,
,,,,,,,,,,
,,,,,,,,,,
,,,,,,,,,,
,,,,,,,,,,
,,,,,,,,,,
,,,,,,,,,,
,,,,,,,,,,
,,,,,,,,,,
,,,,,,,,,,
,,,,,,,,,,
,,,,,,,,,,
,,,,,,,,,,
,,,,,,,,,,
,,,,,,,,,,
,,,,,,,,,,
,,,,,,,,,,
,,,,,,,,,,
,,,,,,,,,,
,,,,,,,,,,
,,,,,,,,,,
,,,,,,,,,,
,,,,,,,,,,
,,,,,,,,,,
,,,,,,,,,,
,,,,,,,,,,
,,,,,,,,,,
,,,,,,,,,,
,,,,,,,,,,
,,,,,,,,,,
,,,,,,,,,,
,,,,,,,,,,
,,,,,,,,,,
,,,,,,,,,,
,,,,,,,,,,
,,,,,,,,,,
,,,,,,,,,,
,,,,,,,,,,
,,,,,,,,,,
,,,,,,,,,,
,,,,,,,,,,
,,,,,,,,,,
,,,,,,,,,,
,,,,,,,,,,
,,,,,,,,,,
,,,,,,,,,,
,,,,,,,,,,
,,,,,,,,,,
,,,,,,,,,,
,,,,,,,,,,
,,,,,,,,,,
,,,,,,,,,,
,,,,,,,,,,
,,,,,,,,,,
,,,,,,,,,,
,,,,,,,,,,
,,,,,,,,,,
,,,,,,,,,,
,,,,,,,,,,
,,,,,,,,,,
,,,,,,,,,,
,,,,,,,,,,
,,,,,,,,,,
,,,,,,,,,,
,,,,,,,,,,
,,,,,,,,,,
,,,,,,,,,,
,,,,,,,,,,
,,,,,,,,,,
,,,,,,,,,,
,,,,,,,,,,
,,,,,,,,,,
,,,,,,,,,,
,,,,,,,,,,
,,,,,,,,,,
,,,,,,,,,,
,,,,,,,,,,
,,,,,,,,,,
,,,,,,,,,,
,,,,,,,,,,
,,,,,,,,,,
,,,,,,,,,,
,,,,,,,,,,
,,,,,,,,,,
,,,,,,,,,,
,,,,,,,,,,
,,,,,,,,,,
,,,,,,,,,,
,,,,,,,,,,
,,,,,,,,,,
,,,,,,,,,,
,,,,,,,,,,
,,,,,,,,,,
,,,,,,,,,,
,,,,,,,,,,
,,,,,,,,,,
,,,,,,,,,,
,,,,,,,,,,
,,,,,,,,,,
,,,,,,,,,,
,,,,,,,,,,
,,,,,,,,,,
,,,,,,,,,,
,,,,,,,,,,
,,,,,,,,,,
,,,,,,,,,,
,,,,,,,,,,
,,,,,,,,,,
,,,,,,,,,,
,,,,,,,,,,
,,,,,,,,,,
,,,,,,,,,,
,,,,,,,,,,
,,,,,,,,,,
,,,,,,,,,,
,,,,,,,,,,
,,,,,,,,,,
,,,,,,,,,,
,,,,,,,,,,
,,,,,,,,,,
,,,,,,,,,,
,,,,,,,,,,
,,,,,,,,,,
,,,,,,,,,,
,,,,,,,,,,
,,,,,,,,,,
,,,,,,,,,,
,,,,,,,,,,
,,,,,,,,,,
,,,,,,,,,,
,,,,,,,,,,
,,,,,,,,,,
,,,,,,,,,,
,,,,,,,,,,
,,,,,,,,,,
,,,,,,,,,,
,,,,,,,,,,
,,,,,,,,,,
,,,,,,,,,,
,,,,,,,,,,
,,,,,,,,,,
,,,,,,,,,,
,,,,,,,,,,
,,,,,,,,,,
,,,,,,,,,,
,,,,,,,,,,
,,,,,,,,,,
,,,,,,,,,,
,,,,,,,,,,
,,,,,,,,,,
,,,,,,,,,,
,,,,,,,,,,
,,,,,,,,,,
,,,,,,,,,,
,,,,,,,,,,
,,,,,,,,,,
,,,,,,,,,,
,,,,,,,,,,
,,,,,,,,,,
,,,,,,,,,,
,,,,,,,,,,
,,,,,,,,,,
,,,,,,,,,,
,,,,,,,,,,
,,,,,,,,,,
,,,,,,,,,,
,,,,,,,,,,
,,,,,,,,,,
,,,,,,,,,,
,,,,,,,,,,
,,,,,,,,,,
,,,,,,,,,,
,,,,,,,,,,
,,,,,,,,,,
,,,,,,,,,,
,,,,,,,,,,
,,,,,,,,,,
,,,,,,,,,,
,,,,,,,,,,
,,,,,,,,,,
,,,,,,,,,,
,,,,,,,,,,
,,,,,,,,,,
,,,,,,,,,,
,,,,,,,,,,
,,,,,,,,,,
,,,,,,,,,,
,,,,,,,,,,
,,,,,,,,,,
,,,,,,,,,,
,,,,,,,,,,
,,,,,,,,,,
,,,,,,,,,,
,,,,,,,,,,
,,,,,,,,,,
,,,,,,,,,,
,,,,,,,,,,
,,,,,,,,,,
,,,,,,,,,,
,,,,,,,,,,
,,,,,,,,,,
,,,,,,,,,,
,,,,,,,,,,
,,,,,,,,,,
,,,,,,,,,,
,,,,,,,,,,
,,,,,,,,,,
,,,,,,,,,,
,,,,,,,,,,
,,,,,,,,,,
,,,,,,,,,,
,,,,,,,,,,
,,,,,,,,,,
,,,,,,,,,,
,,,,,,,,,,
,,,,,,,,,,
,,,,,,,,,,
,,,,,,,,,,
,,,,,,,,,,
,,,,,,,,,,
,,,,,,,,,,
,,,,,,,,,,
,,,,,,,,,,
,,,,,,,,,,
,,,,,,,,,,
,,,,,,,,,,
,,,,,,,,,,
,,,,,,,,,,
,,,,,,,,,,
,,,,,,,,,,
,,,,,,,,,,
,,,,,,,,,,
,,,,,,,,,,
,,,,,,,,,,
,,,,,,,,,,
,,,,,,,,,,
,,,,,,,,,,
,,,,,,,,,,
,,,,,,,,,,
,,,,,,,,,,
,,,,,,,,,,
,,,,,,,,,,
,,,,,,,,,,
,,,,,,,,,,
,,,,,,,,,,
,,,,,,,,,,
,,,,,,,,,,
,,,,,,,,,,
,,,,,,,,,,
,,,,,,,,,,
,,,,,,,,,,
,,,,,,,,,,
,,,,,,,,,,
,,,,,,,,,,
,,,,,,,,,,
,,,,,,,,,,
,,,,,,,,,,
,,,,,,,,,,
,,,,,,,,,,
,,,,,,,,,,
,,,,,,,,,,
,,,,,,,,,,
,,,,,,,,,,
,,,,,,,,,,
,,,,,,,,,,
,,,,,,,,,,
,,,,,,,,,,
,,,,,,,,,,
,,,,,,,,,,
,,,,,,,,,,
,,,,,,,,,,
,,,,,,,,,,
,,,,,,,,,,
,,,,,,,,,,
,,,,,,,,,,
,,,,,,,,,,
,,,,,,,,,,
,,,,,,,,,,
,,,,,,,,,,
,,,,,,,,,,
,,,,,,,,,,
,,,,,,,,,,
,,,,,,,,,,
,,,,,,,,,,
,,,,,,,,,,
,,,,,,,,,,
,,,,,,,,,,
,,,,,,,,,,
,,,,,,,,,,
,,,,,,,,,,
,,,,,,,,,,
,,,,,,,,,,
,,,,,,,,,,
,,,,,,,,,,
,,,,,,,,,,
,,,,,,,,,,
,,,,,,,,,,
,,,,,,,,,,
,,,,,,,,,,
,,,,,,,,,,
,,,,,,,,,,
,,,,,,,,,,
,,,,,,,,,,
,,,,,,,,,,
,,,,,,,,,,
,,,,,,,,,,
,,,,,,,,,,
,,,,,,,,,,
,,,,,,,,,,
,,,,,,,,,,
,,,,,,,,,,
,,,,,,,,,,
,,,,,,,,,,
,,,,,,,,,,
,,,,,,,,,,
,,,,,,,,,,
,,,,,,,,,,
,,,,,,,,,,
,,,,,,,,,,
,,,,,,,,,,
,,,,,,,,,,
,,,,,,,,,,
,,,,,,,,,,
,,,,,,,,,,
,,,,,,,,,,
,,,,,,,,,,
,,,,,,,,,,
,,,,,,,,,,
,,,,,,,,,,
,,,,,,,,,,
,,,,,,,,,,
,,,,,,,,,,
,,,,,,,,,,
,,,,,,,,,,
,,,,,,,,,,
,,,,,,,,,,
,,,,,,,,,,
,,,,,,,,,,
,,,,,,,,,,
,,,,,,,,,,
,,,,,,,,,,
,,,,,,,,,,
,,,,,,,,,,
,,,,,,,,,,
,,,,,,,,,,
,,,,,,,,,,
,,,,,,,,,,
,,,,,,,,,,
,,,,,,,,,,
,,,,,,,,,,
,,,,,,,,,,
,,,,,,,,,,
,,,,,,,,,,
,,,,,,,,,,
,,,,,,,,,,
,,,,,,,,,,
,,,,,,,,,,
,,,,,,,,,,
,,,,,,,,,,
,,,,,,,,,,
,,,,,,,,,,
,,,,,,,,,,
,,,,,,,,,,
,,,,,,,,,,
,,,,,,,,,,
,,,,,,,,,,
,,,,,,,,,,
,,,,,,,,,,
,,,,,,,,,,
,,,,,,,,,,
,,,,,,,,,,
,,,,,,,,,,
,,,,,,,,,,
,,,,,,,,,,
,,,,,,,,,,
,,,,,,,,,,
,,,,,,,,,,
,,,,,,,,,,
,,,,,,,,,,
,,,,,,,,,,
,,,,,,,,,,
,,,,,,,,,,
,,,,,,,,,,
,,,,,,,,,,
,,,,,,,,,,
,,,,,,,,,,
,,,,,,,,,,
,,,,,,,,,,
,,,,,,,,,,
,,,,,,,,,,
,,,,,,,,,,
,,,,,,,,,,
,,,,,,,,,,
,,,,,,,,,,
,,,,,,,,,,
,,,,,,,,,,
,,,,,,,,,,
,,,,,,,,,,
,,,,,,,,,,
,,,,,,,,,,
,,,,,,,,,,
,,,,,,,,,,
,,,,,,,,,,
,,,,,,,,,,
,,,,,,,,,,
,,,,,,,,,,
,,,,,,,,,,
,,,,,,,,,,
,,,,,,,,,,
,,,,,,,,,,
,,,,,,,,,,
,,,,,,,,,,
,,,,,,,,,,
,,,,,,,,,,
,,,,,,,,,,
,,,,,,,,,,
,,,,,,,,,,
,,,,,,,,,,
,,,,,,,,,,
,,,,,,,,,,
,,,,,,,,,,
,,,,,,,,,,
,,,,,,,,,,
,,,,,,,,,,
,,,,,,,,,,
,,,,,,,,,,
,,,,,,,,,,
,,,,,,,,,,
,,,,,,,,,,
,,,,,,,,,,
,,,,,,,,,,
,,,,,,,,,,
,,,,,,,,,,
,,,,,,,,,,
,,,,,,,,,,
,,,,,,,,,,
,,,,,,,,,,
,,,,,,,,,,
,,,,,,,,,,
,,,,,,,,,,
,,,,,,,,,,
,,,,,,,,,,
,,,,,,,,,,
,,,,,,,,,,
,,,,,,,,,,
,,,,,,,,,,
,,,,,,,,,,
,,,,,,,,,,
,,,,,,,,,,
,,,,,,,,,,
,,,,,,,,,,
,,,,,,,,,,
,,,,,,,,,,
,,,,,,,,,,
,,,,,,,,,,
,,,,,,,,,,
,,,,,,,,,,
,,,,,,,,,,
,,,,,,,,,,
,,,,,,,,,,
,,,,,,,,,,
,,,,,,,,,,
,,,,,,,,,,
,,,,,,,,,,
,,,,,,,,,,
,,,,,,,,,,
,,,,,,,,,,
,,,,,,,,,,
,,,,,,,,,,
,,,,,,,,,,
,,,,,,,,,,
,,,,,,,,,,
,,,,,,,,,,
,,,,,,,,,,
,,,,,,,,,,
,,,,,,,,,,
,,,,,,,,,,
,,,,,,,,,,
,,,,,,,,,,
,,,,,,,,,,
,,,,,,,,,,
,,,,,,,,,,
,,,,,,,,,,
,,,,,,,,,,
,,,,,,,,,,
,,,,,,,,,,
,,,,,,,,,,
,,,,,,,,,,
,,,,,,,,,,
,,,,,,,,,,
,,,,,,,,,,
,,,,,,,,,,
,,,,,,,,,,
,,,,,,,,,,
,,,,,,,,,,
,,,,,,,,,,
,,,,,,,,,,
,,,,,,,,,,
,,,,,,,,,,
,,,,,,,,,,
,,,,,,,,,,
,,,,,,,,,,
,,,,,,,,,,
,,,,,,,,,,
,,,,,,,,,,
,,,,,,,,,,
,,,,,,,,,,
,,,,,,,,,,
,,,,,,,,,,
,,,,,,,,,,
,,,,,,,,,,
,,,,,,,,,,
,,,,,,,,,,
,,,,,,,,,,
,,,,,,,,,,
,,,,,,,,,,
,,,,,,,,,,
,,,,,,,,,,
,,,,,,,,,,
,,,,,,,,,,
,,,,,,,,,,
,,,,,,,,,,
,,,,,,,,,,
,,,,,,,,,,
,,,,,,,,,,
,,,,,,,,,,
,,,,,,,,,,
,,,,,,,,,,
,,,,,,,,,,
,,,,,,,,,,
,,,,,,,,,,
,,,,,,,,,,
,,,,,,,,,,
,,,,,,,,,,
,,,,,,,,,,
,,,,,,,,,,
,,,,,,,,,,
,,,,,,,,,,
,,,,,,,,,,
,,,,,,,,,,
,,,,,,,,,,
,,,,,,,,,,
,,,,,,,,,,
,,,,,,,,,,
,,,,,,,,,,
,,,,,,,,,,
,,,,,,,,,,
,,,,,,,,,,
,,,,,,,,,,
,,,,,,,,,,
,,,,,,,,,,
,,,,,,,,,,
,,,,,,,,,,
,,,,,,,,,,
,,,,,,,,,,
,,,,,,,,,,
,,,,,,,,,,
,,,,,,,,,,
,,,,,,,,,,
,,,,,,,,,,
,,,,,,,,,,
,,,,,,,,,,
,,,,,,,,,,
,,,,,,,,,,
,,,,,,,,,,
,,,,,,,,,,
,,,,,,,,,,
,,,,,,,,,,
,,,,,,,,,,
,,,,,,,,,,
,,,,,,,,,,
,,,,,,,,,,
,,,,,,,,,,
,,,,,,,,,,
,,,,,,,,,,
,,,,,,,,,,
,,,,,,,,,,
,,,,,,,,,,
,,,,,,,,,,
,,,,,,,,,,
,,,,,,,,,,
,,,,,,,,,,
,,,,,,,,,,
,,,,,,,,,,
,,,,,,,,,,
,,,,,,,,,,
,,,,,,,,,,
,,,,,,,,,,
,,,,,,,,,,
,,,,,,,,,,
,,,,,,,,,,
,,,,,,,,,,
,,,,,,,,,,
,,,,,,,,,,
,,,,,,,,,,
,,,,,,,,,,
,,,,,,,,,,
,,,,,,,,,,
,,,,,,,,,,
,,,,,,,,,,
,,,,,,,,,,
,,,,,,,,,,
,,,,,,,,,,
,,,,,,,,,,
,,,,,,,,,,
,,,,,,,,,,
,,,,,,,,,,
,,,,,,,,,,
,,,,,,,,,,
,,,,,,,,,,
,,,,,,,,,,
,,,,,,,,,,
,,,,,,,,,,
,,,,,,,,,,
,,,,,,,,,,
,,,,,,,,,,
,,,,,,,,,,
,,,,,,,,,,
,,,,,,,,,,
,,,,,,,,,,
,,,,,,,,,,
,,,,,,,,,,
,,,,,,,,,,
,,,,,,,,,,
,,,,,,,,,,
,,,,,,,,,,
,,,,,,,,,,
,,,,,,,,,,
,,,,,,,,,,
,,,,,,,,,,
,,,,,,,,,,
,,,,,,,,,,
,,,,,,,,,,
,,,,,,,,,,
,,,,,,,,,,
,,,,,,,,,,
,,,,,,,,,,
,,,,,,,,,,
,,,,,,,,,,
,,,,,,,,,,
,,,,,,,,,,
,,,,,,,,,,
,,,,,,,,,,
,,,,,,,,,,
,,,,,,,,,,
,,,,,,,,,,
,,,,,,,,,,
,,,,,,,,,,
,,,,,,,,,,
,,,,,,,,,,
,,,,,,,,,,
,,,,,,,,,,
,,,,,,,,,,
,,,,,,,,,,
,,,,,,,,,,
,,,,,,,,,,
,,,,,,,,,,
,,,,,,,,,,
,,,,,,,,,,
,,,,,,,,,,
,,,,,,,,,,
,,,,,,,,,,
,,,,,,,,,,
,,,,,,,,,,
,,,,,,,,,,
,,,,,,,,,,
,,,,,,,,,,
,,,,,,,,,,
,,,,,,,,,,
,,,,,,,,,,
,,,,,,,,,,
,,,,,,,,,,
,,,,,,,,,,
,,,,,,,,,,
,,,,,,,,,,
,,,,,,,,,,
,,,,,,,,,,
,,,,,,,,,,
,,,,,,,,,,
,,,,,,,,,,
,,,,,,,,,,
,,,,,,,,,,
,,,,,,,,,,
,,,,,,,,,,
,,,,,,,,,,
,,,,,,,,,,
,,,,,,,,,,
,,,,,,,,,,
,,,,,,,,,,
,,,,,,,,,,
,,,,,,,,,,
,,,,,,,,,,
,,,,,,,,,,
,,,,,,,,,,
,,,,,,,,,,
,,,,,,,,,,
,,,,,,,,,,
,,,,,,,,,,
,,,,,,,,,,
,,,,,,,,,,
,,,,,,,,,,
,,,,,,,,,,
,,,,,,,,,,
,,,,,,,,,,
,,,,,,,,,,
,,,,,,,,,,
,,,,,,,,,,
,,,,,,,,,,
,,,,,,,,,,
,,,,,,,,,,
,,,,,,,,,,
,,,,,,,,,,
,,,,,,,,,,
,,,,,,,,,,
,,,,,,,,,,
,,,,,,,,,,
,,,,,,,,,,
,,,,,,,,,,
,,,,,,,,,,
,,,,,,,,,,
,,,,,,,,,,
,,,,,,,,,,
,,,,,,,,,,
,,,,,,,,,,
,,,,,,,,,,
,,,,,,,,,,
,,,,,,,,,,
,,,,,,,,,,
,,,,,,,,,,
,,,,,,,,,,
,,,,,,,,,,
,,,,,,,,,,
,,,,,,,,,,
,,,,,,,,,,
,,,,,,,,,,
,,,,,,,,,,
,,,,,,,,,,
,,,,,,,,,,
,,,,,,,,,,
,,,,,,,,,,
,,,,,,,,,,
,,,,,,,,,,
,,,,,,,,,,
,,,,,,,,,,
,,,,,,,,,,
,,,,,,,,,,
,,,,,,,,,,
,,,,,,,,,,
,,,,,,,,,,
,,,,,,,,,,
,,,,,,,,,,
,,,,,,,,,,
,,,,,,,,,,
,,,,,,,,,,
,,,,,,,,,,
,,,,,,,,,,
,,,,,,,,,,
,,,,,,,,,,
,,,,,,,,,,
,,,,,,,,,,
,,,,,,,,,,
,,,,,,,,,,
,,,,,,,,,,
,,,,,,,,,,
,,,,,,,,,,
,,,,,,,,,,
,,,,,,,,,,
,,,,,,,,,,
,,,,,,,,,,
,,,,,,,,,,
,,,,,,,,,,
,,,,,,,,,,
,,,,,,,,,,
,,,,,,,,,,
,,,,,,,,,,
,,,,,,,,,,
,,,,,,,,,,
,,,,,,,,,,
,,,,,,,,,,
,,,,,,,,,,
,,,,,,,,,,
,,,,,,,,,,
,,,,,,,,,,
,,,,,,,,,,
,,,,,,,,,,
,,,,,,,,,,
,,,,,,,,,,
,,,,,,,,,,
,,,,,,,,,,
,,,,,,,,,,
,,,,,,,,,,
,,,,,,,,,,
,,,,,,,,,,
,,,,,,,,,,
,,,,,,,,,,
,,,,,,,,,,
,,,,,,,,,,
,,,,,,,,,,
,,,,,,,,,,
,,,,,,,,,,
,,,,,,,,,,
,,,,,,,,,,
,,,,,,,,,,
,,,,,,,,,,
,,,,,,,,,,
,,,,,,,,,,
,,,,,,,,,,
,,,,,,,,,,
,,,,,,,,,,
,,,,,,,,,,
,,,,,,,,,,
,,,,,,,,,,
,,,,,,,,,,
,,,,,,,,,,
,,,,,,,,,,
,,,,,,,,,,
,,,,,,,,,,
,,,,,,,,,,
,,,,,,,,,,
,,,,,,,,,,
,,,,,,,,,,
,,,,,,,,,,
,,,,,,,,,,
,,,,,,,,,,
,,,,,,,,,,
,,,,,,,,,,
,,,,,,,,,,
,,,,,,,,,,
,,,,,,,,,,
,,,,,,,,,,
,,,,,,,,,,
,,,,,,,,,,
,,,,,,,,,,
,,,,,,,,,,
,,,,,,,,,,
,,,,,,,,,,
,,,,,,,,,,
,,,,,,,,,,
,,,,,,,,,,
,,,,,,,,,,
,,,,,,,,,,
,,,,,,,,,,
,,,,,,,,,,
,,,,,,,,,,
,,,,,,,,,,
,,,,,,,,,,
,,,,,,,,,,
,,,,,,,,,,
,,,,,,,,,,
,,,,,,,,,,
,,,,,,,,,,
,,,,,,,,,,
,,,,,,,,,,
,,,,,,,,,,
,,,,,,,,,,
,,,,,,,,,,
,,,,,,,,,,
,,,,,,,,,,
,,,,,,,,,,
,,,,,,,,,,
,,,,,,,,,,
,,,,,,,,,,
,,,,,,,,,,
,,,,,,,,,,
,,,,,,,,,,
,,,,,,,,,,
,,,,,,,,,,
,,,,,,,,,,
,,,,,,,,,,
,,,,,,,,,,
,,,,,,,,,,
,,,,,,,,,,
,,,,,,,,,,
,,,,,,,,,,
,,,,,,,,,,
,,,,,,,,,,
,,,,,,,,,,
,,,,,,,,,,
,,,,,,,,,,
,,,,,,,,,,
,,,,,,,,,,
,,,,,,,,,,
,,,,,,,,,,
,,,,,,,,,,
,,,,,,,,,,
,,,,,,,,,,
,,,,,,,,,,
,,,,,,,,,,
,,,,,,,,,,
,,,,,,,,,,
,,,,,,,,,,
,,,,,,,,,,
,,,,,,,,,,
,,,,,,,,,,
,,,,,,,,,,
,,,,,,,,,,
,,,,,,,,,,
,,,,,,,,,,
,,,,,,,,,,
,,,,,,,,,,
,,,,,,,,,,
,,,,,,,,,,
,,,,,,,,,,
,,,,,,,,,,
,,,,,,,,,,
,,,,,,,,,,
,,,,,,,,,,
,,,,,,,,,,
,,,,,,,,,,
,,,,,,,,,,
,,,,,,,,,,
,,,,,,,,,,
,,,,,,,,,,
,,,,,,,,,,
,,,,,,,,,,
,,,,,,,,,,
,,,,,,,,,,
,,,,,,,,,,
,,,,,,,,,,
,,,,,,,,,,
,,,,,,,,,,
,,,,,,,,,,
,,,,,,,,,,
,,,,,,,,,,
,,,,,,,,,,
,,,,,,,,,,
,,,,,,,,,,
,,,,,,,,,,
,,,,,,,,,,
,,,,,,,,,,
,,,,,,,,,,
,,,,,,,,,,
,,,,,,,,,,
,,,,,,,,,,
,,,,,,,,,,
,,,,,,,,,,
,,,,,,,,,,
,,,,,,,,,,
,,,,,,,,,,
,,,,,,,,,,
,,,,,,,,,,
,,,,,,,,,,
,,,,,,,,,,
,,,,,,,,,,
,,,,,,,,,,
,,,,,,,,,,
,,,,,,,,,,
,,,,,,,,,,
,,,,,,,,,,
,,,,,,,,,,
,,,,,,,,,,
,,,,,,,,,,
,,,,,,,,,,
,,,,,,,,,,
,,,,,,,,,,
,,,,,,,,,,
,,,,,,,,,,
,,,,,,,,,,
,,,,,,,,,,
,,,,,,,,,,
,,,,,,,,,,
,,,,,,,,,,
,,,,,,,,,,
,,,,,,,,,,
,,,,,,,,,,
,,,,,,,,,,
,,,,,,,,,,
,,,,,,,,,,
,,,,,,,,,,
,,,,,,,,,,
,,,,,,,,,,
,,,,,,,,,,
,,,,,,,,,,
,,,,,,,,,,
,,,,,,,,,,
,,,,,,,,,,
,,,,,,,,,,
,,,,,,,,,,
,,,,,,,,,,
,,,,,,,,,,
,,,,,,,,,,
,,,,,,,,,,
,,,,,,,,,,
,,,,,,,,,,
,,,,,,,,,,
,,,,,,,,,,
,,,,,,,,,,
,,,,,,,,,,
,,,,,,,,,,
,,,,,,,,,,
,,,,,,,,,,
,,,,,,,,,,
,,,,,,,,,,
,,,,,,,,,,
,,,,,,,,,,
,,,,,,,,,,
,,,,,,,,,,
,,,,,,,,,,
,,,,,,,,,,
,,,,,,,,,,
,,,,,,,,,,
,,,,,,,,,,
,,,,,,,,,,
,,,,,,,,,,
,,,,,,,,,,
,,,,,,,,,,
,,,,,,,,,,
,,,,,,,,,,
,,,,,,,,,,
,,,,,,,,,,
,,,,,,,,,,
,,,,,,,,,,
,,,,,,,,,,
,,,,,,,,,,
,,,,,,,,,,
,,,,,,,,,,
,,,,,,,,,,
,,,,,,,,,,
,,,,,,,,,,
,,,,,,,,,,
,,,,,,,,,,
,,,,,,,,,,
,,,,,,,,,,
,,,,,,,,,,
,,,,,,,,,,
,,,,,,,,,,
,,,,,,,,,,
,,,,,,,,,,
,,,,,,,,,,
,,,,,,,,,,
,,,,,,,,,,
,,,,,,,,,,
,,,,,,,,,,
,,,,,,,,,,
,,,,,,,,,,
,,,,,,,,,,
,,,,,,,,,,
,,,,,,,,,,
,,,,,,,,,,
,,,,,,,,,,
,,,,,,,,,,
,,,,,,,,,,
,,,,,,,,,,
,,,,,,,,,,
,,,,,,,,,,
,,,,,,,,,,
,,,,,,,,,,
,,,,,,,,,,
,,,,,,,,,,
,,,,,,,,,,
,,,,,,,,,,
,,,,,,,,,,
,,,,,,,,,,
,,,,,,,,,,
,,,,,,,,,,
,,,,,,,,,,
,,,,,,,,,,
,,,,,,,,,,
,,,,,,,,,,
,,,,,,,,,,
,,,,,,,,,,
,,,,,,,,,,
,,,,,,,,,,
,,,,,,,,,,
,,,,,,,,,,
,,,,,,,,,,
,,,,,,,,,,
,,,,,,,,,,
,,,,,,,,,,
,,,,,,,,,,
,,,,,,,,,,
,,,,,,,,,,
,,,,,,,,,,
,,,,,,,,,,
,,,,,,,,,,
,,,,,,,,,,
,,,,,,,,,,
,,,,,,,,,,
,,,,,,,,,,
,,,,,,,,,,
,,,,,,,,,,
,,,,,,,,,,
,,,,,,,,,,
,,,,,,,,,,
,,,,,,,,,,
,,,,,,,,,,
,,,,,,,,,,
,,,,,,,,,,
,,,,,,,,,,
,,,,,,,,,,
,,,,,,,,,,
,,,,,,,,,,
,,,,,,,,,,
,,,,,,,,,,
,,,,,,,,,,
,,,,,,,,,,
,,,,,,,,,,
,,,,,,,,,,
,,,,,,,,,,
,,,,,,,,,,
,,,,,,,,,,
,,,,,,,,,,
,,,,,,,,,,
,,,,,,,,,,
,,,,,,,,,,
,,,,,,,,,,
,,,,,,,,,,
,,,,,,,,,,
,,,,,,,,,,
,,,,,,,,,,
,,,,,,,,,,
,,,,,,,,,,
,,,,,,,,,,
,,,,,,,,,,
,,,,,,,,,,
,,,,,,,,,,
,,,,,,,,,,
,,,,,,,,,,
,,,,,,,,,,
,,,,,,,,,,
,,,,,,,,,,
,,,,,,,,,,
,,,,,,,,,,
,,,,,,,,,,
,,,,,,,,,,
,,,,,,,,,,
,,,,,,,,,,
,,,,,,,,,,
,,,,,,,,,,
,,,,,,,,,,
,,,,,,,,,,
,,,,,,,,,,
,,,,,,,,,,
,,,,,,,,,,
,,,,,,,,,,
,,,,,,,,,,
,,,,,,,,,,
,,,,,,,,,,
,,,,,,,,,,
,,,,,,,,,,
,,,,,,,,,,
,,,,,,,,,,
,,,,,,,,,,
,,,,,,,,,,
,,,,,,,,,,
,,,,,,,,,,
,,,,,,,,,,
,,,,,,,,,,
,,,,,,,,,,
,,,,,,,,,,
,,,,,,,,,,
,,,,,,,,,,
,,,,,,,,,,
,,,,,,,,,,
,,,,,,,,,,
,,,,,,,,,,
,,,,,,,,,,
,,,,,,,,,,
,,,,,,,,,,
,,,,,,,,,,
,,,,,,,,,,
,,,,,,,,,,
,,,,,,,,,,
,,,,,,,,,,
,,,,,,,,,,
,,,,,,,,,,
,,,,,,,,,,
,,,,,,,,,,
,,,,,,,,,,
,,,,,,,,,,
,,,,,,,,,,
,,,,,,,,,,
,,,,,,,,,,
,,,,,,,,,,
,,,,,,,,,,
,,,,,,,,,,
,,,,,,,,,,
,,,,,,,,,,
,,,,,,,,,,
,,,,,,,,,,
,,,,,,,,,,
,,,,,,,,,,
,,,,,,,,,,
,,,,,,,,,,
,,,,,,,,,,
,,,,,,,,,,
,,,,,,,,,,
,,,,,,,,,,
,,,,,,,,,,
,,,,,,,,,,
,,,,,,,,,,
,,,,,,,,,,
,,,,,,,,,,
,,,,,,,,,,
,,,,,,,,,,
,,,,,,,,,,
,,,,,,,,,,
,,,,,,,,,,
,,,,,,,,,,
,,,,,,,,,,
,,,,,,,,,,
,,,,,,,,,,
,,,,,,,,,,
,,,,,,,,,,
,,,,,,,,,,
,,,,,,,,,,
,,,,,,,,,,
,,,,,,,,,,
,,,,,,,,,,
,,,,,,,,,,
,,,,,,,,,,
,,,,,,,,,,
,,,,,,,,,,
,,,,,,,,,,
,,,,,,,,,,
,,,,,,,,,,
,,,,,,,,,,
,,,,,,,,,,
,,,,,,,,,,
,,,,,,,,,,
,,,,,,,,,,
,,,,,,,,,,
,,,,,,,,,,
,,,,,,,,,,
,,,,,,,,,,
,,,,,,,,,,
,,,,,,,,,,
,,,,,,,,,,
,,,,,,,,,,
,,,,,,,,,,
,,,,,,,,,,
,,,,,,,,,,
,,,,,,,,,,
,,,,,,,,,,
,,,,,,,,,,
,,,,,,,,,,
,,,,,,,,,,
,,,,,,,,,,
,,,,,,,,,,
,,,,,,,,,,
,,,,,,,,,,
,,,,,,,,,,
,,,,,,,,,,
,,,,,,,,,,
,,,,,,,,,,
,,,,,,,,,,
,,,,,,,,,,
,,,,,,,,,,
,,,,,,,,,,
,,,,,,,,,,
,,,,,,,,,,
,,,,,,,,,,
,,,,,,,,,,
,,,,,,,,,,
,,,,,,,,,,
,,,,,,,,,,
,,,,,,,,,,
,,,,,,,,,,
,,,,,,,,,,
,,,,,,,,,,
,,,,,,,,,,
,,,,,,,,,,
,,,,,,,,,,
,,,,,,,,,,
,,,,,,,,,,
,,,,,,,,,,
,,,,,,,,,,
,,,,,,,,,,
,,,,,,,,,,
,,,,,,,,,,
,,,,,,,,,,
,,,,,,,,,,
,,,,,,,,,,
,,,,,,,,,,
,,,,,,,,,,
,,,,,,,,,,
,,,,,,,,,,
,,,,,,,,,,
,,,,,,,,,,
,,,,,,,,,,
,,,,,,,,,,
,,,,,,,,,,
,,,,,,,,,,
,,,,,,,,,,
,,,,,,,,,,
,,,,,,,,,,
,,,,,,,,,,
,,,,,,,,,,
,,,,,,,,,,
,,,,,,,,,,
,,,,,,,,,,
,,,,,,,,,,
,,,,,,,,,,
,,,,,,,,,,
,,,,,,,,,,
,,,,,,,,,,
,,,,,,,,,,
,,,,,,,,,,
,,,,,,,,,,
,,,,,,,,,,
,,,,,,,,,,
,,,,,,,,,,
,,,,,,,,,,
,,,,,,,,,,
,,,,,,,,,,
,,,,,,,,,,
,,,,,,,,,,
,,,,,,,,,,
,,,,,,,,,,
,,,,,,,,,,
,,,,,,,,,,
,,,,,,,,,,
,,,,,,,,,,
,,,,,,,,,,
,,,,,,,,,,
,,,,,,,,,,
,,,,,,,,,,
,,,,,,,,,,
,,,,,,,,,,
,,,,,,,,,,
,,,,,,,,,,
,,,,,,,,,,
,,,,,,,,,,
,,,,,,,,,,
,,,,,,,,,,
,,,,,,,,,,
,,,,,,,,,,
,,,,,,,,,,
,,,,,,,,,,
,,,,,,,,,,
,,,,,,,,,,
,,,,,,,,,,
,,,,,,,,,,
,,,,,,,,,,
,,,,,,,,,,
,,,,,,,,,,
,,,,,,,,,,
,,,,,,,,,,
,,,,,,,,,,
,,,,,,,,,,
,,,,,,,,,,
,,,,,,,,,,
,,,,,,,,,,
,,,,,,,,,,
,,,,,,,,,,
,,,,,,,,,,
,,,,,,,,,,
,,,,,,,,,,
,,,,,,,,,,
,,,,,,,,,,
,,,,,,,,,,
,,,,,,,,,,
,,,,,,,,,,
,,,,,,,,,,
,,,,,,,,,,
,,,,,,,,,,
,,,,,,,,,,
,,,,,,,,,,
,,,,,,,,,,
,,,,,,,,,,
,,,,,,,,,,
,,,,,,,,,,
,,,,,,,,,,
,,,,,,,,,,
,,,,,,,,,,
,,,,,,,,,,
,,,,,,,,,,
,,,,,,,,,,
,,,,,,,,,,
,,,,,,,,,,
,,,,,,,,,,
,,,,,,,,,,
,,,,,,,,,,
,,,,,,,,,,
,,,,,,,,,,
,,,,,,,,,,
,,,,,,,,,,
,,,,,,,,,,
,,,,,,,,,,
,,,,,,,,,,
,,,,,,,,,,
,,,,,,,,,,
,,,,,,,,,,
,,,,,,,,,,
,,,,,,,,,,
,,,,,,,,,,
,,,,,,,,,,
,,,,,,,,,,
,,,,,,,,,,
,,,,,,,,,,
,,,,,,,,,,
,,,,,,,,,,
,,,,,,,,,,
,,,,,,,,,,
,,,,,,,,,,
,,,,,,,,,,
,,,,,,,,,,
,,,,,,,,,,
