campaign_id,campaign_name,date,target_audience,channel,impressions,clicks,conversions,spend,revenue_generated,roas
618257,New User Discount,01-01-2024,Premium,Social Media,1032,375,31,1112.6,8935.66,2.51
832518,Weekend Special,01-01-2024,New Users,Social Media,3978,771,56,2417.18,6432.03,1.93
550199,Festival Offer,01-01-2024,New Users,Social Media,5161,166,78,3217.29,8821.81,2.52
558674,Flash Sale,01-01-2024,Inactive,Social Media,3918,207,31,3308.92,6660.71,2.1
44051,Membership Drive,01-01-2024,All,App,1592,229,93,3678.47,7387.45,1.52
360798,Category Promotion,01-01-2024,Inactive,Email,1301,553,11,3686.46,4347.27,2.08
172026,App Push Notification,01-01-2024,All,Social Media,6136,246,98,1393.72,4009.31,1.69
967101,Email Campaign,01-01-2024,New Users,Email,8076,262,32,1191.64,5283.69,2.08
406101,Referral Program,01-01-2024,Inactive,App,1411,166,17,1980.18,4767.67,2.68
143826,New User Discount,02-01-2024,Inactive,Social Media,2625,526,90,1721.76,4876.46,3.42
278905,Weekend Special,02-01-2024,Premium,Email,7932,318,64,3528.86,6951.94,2.4
622100,Festival Offer,02-01-2024,All,Social Media,2933,716,63,3389.02,6573.57,2.13
999371,Flash Sale,02-01-2024,All,Email,8809,139,83,4272.45,7206.68,2.46
200302,Membership Drive,02-01-2024,Premium,Social Media,4972,400,34,3664.76,4329.35,2.21
413863,Category Promotion,02-01-2024,Premium,Email,5846,293,37,2628.26,2143.92,3.59
86408,App Push Notification,02-01-2024,All,App,3339,961,70,2724.52,6289.95,2.42
123130,Email Campaign,02-01-2024,Premium,Social Media,6254,133,38,4809.77,2055.27,3.46
98542,Referral Program,02-01-2024,All,SMS,9575,784,36,2989.16,9439.46,2.7
83011,New User Discount,03-01-2024,All,Social Media,9975,206,11,4614.63,4522.82,2.93
900420,Weekend Special,03-01-2024,Premium,SMS,8409,441,29,1061.51,3493.54,2.58
153041,Festival Offer,03-01-2024,All,App,7594,148,66,1012.35,3175.29,2.19
250530,Flash Sale,03-01-2024,New Users,Email,2212,267,96,3401.14,5041.08,3.33
904757,Membership Drive,03-01-2024,Inactive,Social Media,2617,442,94,1643.99,6545.12,3.33
838753,Category Promotion,03-01-2024,Premium,Social Media,7658,271,57,4709.86,4842.85,1.89
965694,App Push Notification,03-01-2024,All,SMS,7131,854,57,3485.89,3251.54,2.54
132692,Email Campaign,03-01-2024,New Users,SMS,6085,248,25,1689.83,2465.95,3.47
516024,Referral Program,03-01-2024,All,SMS,4253,748,72,4412.96,3230.86,2.36
574823,New User Discount,04-01-2024,Inactive,Email,8540,148,27,3498.87,4227.69,3.25
207011,Weekend Special,04-01-2024,Premium,SMS,3841,389,98,4848.66,5918.23,3.35
131357,Festival Offer,04-01-2024,All,Social Media,3322,244,27,3424,2855.59,3.54
501651,Flash Sale,04-01-2024,All,App,4671,346,66,4395.49,7656.24,1.67
974303,Membership Drive,04-01-2024,New Users,Email,1331,396,49,3411.51,2277.8,2.34
281943,Category Promotion,04-01-2024,All,Social Media,6146,277,63,2005.42,4961.34,1.65
600143,App Push Notification,04-01-2024,All,App,5320,417,64,2912.93,2117.06,3.79
198302,Email Campaign,04-01-2024,New Users,SMS,8223,382,72,1307.97,3665.13,2.6
782574,Referral Program,04-01-2024,New Users,SMS,8052,333,80,3357.57,8042.29,3.61
573627,New User Discount,05-01-2024,New Users,SMS,3475,300,100,3927.42,9820.65,1.59
168394,Weekend Special,05-01-2024,New Users,Social Media,3243,732,28,1548.02,3635.64,3.77
840300,Festival Offer,05-01-2024,All,App,5447,243,76,2623.48,3409.45,2.65
466430,Flash Sale,05-01-2024,New Users,SMS,1933,743,80,3073.09,5348.34,1.99
352001,Membership Drive,05-01-2024,Premium,App,2692,753,27,2796.51,3305.01,2.64
179831,Category Promotion,05-01-2024,Premium,SMS,7654,899,74,1960.11,8611.94,3.02
781963,App Push Notification,05-01-2024,Premium,App,2360,615,84,2401.54,8749.45,1.66
19099,Email Campaign,05-01-2024,Premium,App,5257,619,29,3597.16,7778.16,3.47
581816,Referral Program,05-01-2024,Premium,SMS,2033,652,45,4225.84,2348.98,1.95
396960,New User Discount,06-01-2024,Premium,App,6306,733,63,2035.91,9527.95,3.21
309714,Weekend Special,06-01-2024,Premium,App,1034,467,41,2209.12,2445.67,1.69
403530,Festival Offer,06-01-2024,All,App,9845,735,49,3503.85,8850.87,1.51
465804,Flash Sale,06-01-2024,New Users,Social Media,6628,346,77,2418.62,3591.11,1.77
318200,Membership Drive,06-01-2024,New Users,SMS,8225,404,45,4561.73,7726.56,2.79
352736,Category Promotion,06-01-2024,Inactive,App,7538,159,63,1135.21,6872.38,3.31
15274,App Push Notification,06-01-2024,Inactive,Social Media,6352,106,23,2355.63,5374.33,2.77
738748,Email Campaign,06-01-2024,Inactive,SMS,6854,700,70,1715.19,8419.27,2.38
767570,Referral Program,06-01-2024,Premium,Social Media,4963,313,44,2476.22,2533.2,2.29
66016,New User Discount,07-01-2024,New Users,Social Media,3114,145,40,3548.01,2065.71,3.75
627863,Weekend Special,07-01-2024,Premium,App,1467,969,27,2726.89,6698.39,3.48
152369,Festival Offer,07-01-2024,Premium,Social Media,7811,862,77,2589.32,7710.36,2.32
430194,Flash Sale,07-01-2024,New Users,App,3777,840,89,1496.57,2241.58,3.59
434732,Membership Drive,07-01-2024,All,App,5932,419,89,4320.6,4126.88,3.66
59157,Category Promotion,07-01-2024,All,App,6797,587,97,3058.87,2304.46,3.04
951586,App Push Notification,07-01-2024,All,SMS,6959,720,20,3369.11,3604.87,2.21
636480,Email Campaign,07-01-2024,Inactive,SMS,6623,649,30,3997.94,8797.88,2.53
54353,Referral Program,07-01-2024,All,Social Media,2788,233,75,2217.59,7554.83,2.72
586559,New User Discount,08-01-2024,All,App,1147,445,38,3395.67,7007.7,1.8
238012,Weekend Special,08-01-2024,New Users,Social Media,5475,903,15,3458.33,8524.98,2
343938,Festival Offer,08-01-2024,All,App,9741,501,16,4204.28,3376.62,2.88
233812,Flash Sale,08-01-2024,Premium,Social Media,3047,615,31,1271.59,3204.38,2.84
845702,Membership Drive,08-01-2024,Inactive,Social Media,2281,320,35,2061.99,3994.19,1.81
299375,Category Promotion,08-01-2024,Premium,App,9049,928,59,3500.7,5723.33,3.59
509948,App Push Notification,08-01-2024,Premium,Social Media,2811,269,56,4101.46,7448.05,2.37
633839,Email Campaign,08-01-2024,All,SMS,2877,231,52,4293.35,3378.49,3.57
666791,Referral Program,08-01-2024,New Users,SMS,9125,939,96,2145.45,7722.57,3.5
156487,New User Discount,09-01-2024,Inactive,Email,7131,875,58,3953.57,7849.28,3.75
11880,Weekend Special,09-01-2024,All,Email,3636,928,11,2470.75,4370.14,1.91
688485,Festival Offer,09-01-2024,All,App,5281,813,53,4381.33,4480.57,3
541350,Flash Sale,09-01-2024,Premium,SMS,2203,537,49,4260.69,3319.63,2.46
788073,Membership Drive,09-01-2024,New Users,SMS,3206,966,18,1761,9793.61,1.73
575835,Category Promotion,09-01-2024,All,SMS,5362,574,62,2139.28,6182.96,3.18
747767,App Push Notification,09-01-2024,Premium,SMS,4988,380,36,4806.84,5281.03,2.24
358975,Email Campaign,09-01-2024,New Users,App,1834,145,53,2638.64,9436.54,3.17
192859,Referral Program,09-01-2024,All,Email,2207,429,37,2387.57,8605.8,2.93
502983,New User Discount,10-01-2024,Premium,SMS,7561,705,53,4855.26,3785.19,2.92
523873,Weekend Special,10-01-2024,All,Social Media,7517,987,36,1103.93,9178.13,3.58
404103,Festival Offer,10-01-2024,New Users,SMS,1581,156,74,1592.22,7511.57,1.61
670150,Flash Sale,10-01-2024,All,Social Media,4446,715,79,3601.41,4563.55,2.28
157866,Membership Drive,10-01-2024,New Users,App,3538,940,75,2515.83,2474.8,1.79
281799,Category Promotion,10-01-2024,Premium,Email,5565,826,50,3425.01,2359.65,2.32
382622,App Push Notification,10-01-2024,Inactive,App,3799,124,32,3938.6,4018.14,3.07
81600,Email Campaign,10-01-2024,New Users,SMS,1146,912,12,1156.31,3865.04,2.38
984295,Referral Program,10-01-2024,Inactive,App,5875,862,93,4067.05,2316.31,3.25
449505,New User Discount,11-01-2024,New Users,Email,3360,755,35,4270.82,3158.53,2.5
619450,Weekend Special,11-01-2024,Premium,App,2205,527,68,4274.75,6006.35,3.1
409830,Festival Offer,11-01-2024,All,Social Media,8916,261,67,4814.17,3469.35,1.98
162569,Flash Sale,11-01-2024,All,Email,1558,727,44,4378.59,3603.04,1.51
220343,Membership Drive,11-01-2024,New Users,Social Media,9777,994,81,2607.38,2976.85,1.52
655868,Category Promotion,11-01-2024,New Users,Email,4756,670,61,3510.33,8818.44,1.84
834878,App Push Notification,11-01-2024,Inactive,Social Media,8843,119,66,3009.34,6421.91,3.59
666226,Email Campaign,11-01-2024,Inactive,SMS,8860,652,56,1130.97,7607.6,2.3
122657,Referral Program,11-01-2024,Premium,Email,9941,581,23,2706.39,6117.85,2.18
44995,New User Discount,12-01-2024,New Users,App,8492,555,44,4186.96,9300.46,3.94
294232,Weekend Special,12-01-2024,Inactive,SMS,4619,591,61,1647.83,2626.4,2.59
781860,Festival Offer,12-01-2024,Inactive,SMS,7724,806,27,2636.78,5763.29,3.26
173686,Flash Sale,12-01-2024,New Users,SMS,4450,537,64,4525.12,6089.65,3.66
437253,Membership Drive,12-01-2024,All,SMS,2852,691,30,1172.03,6635.22,1.88
948324,Category Promotion,12-01-2024,All,App,2897,304,62,4474.2,2266.26,3.44
659873,App Push Notification,12-01-2024,Premium,Email,6239,748,31,1932.46,6033.74,2.85
159637,Email Campaign,12-01-2024,New Users,Social Media,8523,144,15,1325.84,2892.64,3.28
575395,Referral Program,12-01-2024,All,SMS,8578,186,47,3093.53,6806.45,2.93
76427,New User Discount,13-01-2024,Premium,Email,7880,481,100,2961.8,8880.71,2.33
818893,Weekend Special,13-01-2024,New Users,Social Media,9192,793,83,2186.96,8027.68,3.88
701915,Festival Offer,13-01-2024,New Users,App,8480,852,42,4513.72,4785.34,3.53
614369,Flash Sale,13-01-2024,Inactive,Email,1970,719,13,4339.37,5347.82,3.93
272335,Membership Drive,13-01-2024,Inactive,SMS,4043,795,31,2511.57,6726.25,3.8
978223,Category Promotion,13-01-2024,Inactive,SMS,8307,482,20,2702.15,6900.92,3.84
224613,App Push Notification,13-01-2024,Inactive,Email,4425,916,77,4954.62,3670.38,2.33
51032,Email Campaign,13-01-2024,Premium,App,6681,764,64,2166.84,4162.17,1.96
128196,Referral Program,13-01-2024,All,SMS,3562,670,85,3034.11,2549.48,1.6
248007,New User Discount,14-01-2024,Premium,App,4452,727,74,2163.57,5532.55,2.88
812711,Weekend Special,14-01-2024,New Users,App,8527,629,33,1485.25,6754.76,3.66
861338,Festival Offer,14-01-2024,Premium,Social Media,1085,638,48,4352.75,6022.57,3.81
143075,Flash Sale,14-01-2024,All,App,3921,251,99,4676.31,5020.39,3.08
267079,Membership Drive,14-01-2024,New Users,Email,1147,800,99,4727.2,9748.57,3.59
757376,Category Promotion,14-01-2024,All,App,6406,459,52,4317.64,4416.16,1.83
44684,App Push Notification,14-01-2024,Premium,SMS,2745,236,84,1456.71,7139.62,3.95
858661,Email Campaign,14-01-2024,New Users,App,3348,694,87,4341.3,9213.32,3.36
518410,Referral Program,14-01-2024,All,Social Media,1991,967,80,2373.01,3215.78,3.49
206956,New User Discount,15-01-2024,All,App,6097,896,34,4494.18,9745.84,2.49
518663,Weekend Special,15-01-2024,Inactive,Email,5560,161,34,2575.73,7750.67,3.82
852534,Festival Offer,15-01-2024,Premium,App,3810,500,48,2032.86,4901.26,3.01
274268,Flash Sale,15-01-2024,Premium,App,7052,783,49,1934.25,3134.36,1.82
886791,Membership Drive,15-01-2024,Premium,Social Media,4608,680,23,4207.51,9354.21,3.16
935956,Category Promotion,15-01-2024,New Users,App,1197,646,57,3431.85,6518.24,1.71
534114,App Push Notification,15-01-2024,Inactive,SMS,5579,637,48,3748.5,9011.59,1.94
226117,Email Campaign,15-01-2024,Premium,Email,3658,340,58,1583.43,2837.99,3
775591,Referral Program,15-01-2024,Inactive,SMS,2277,804,82,1871.36,7015.18,3.93
148234,New User Discount,16-01-2024,New Users,SMS,2054,550,39,4818.36,4395.44,3.09
222915,Weekend Special,16-01-2024,New Users,SMS,6411,720,25,3504.42,5283.15,3.77
88903,Festival Offer,16-01-2024,All,Social Media,1951,673,37,2232.42,2087.52,1.77
832031,Flash Sale,16-01-2024,Premium,Email,3638,158,14,2944.18,7561.4,3.3
665953,Membership Drive,16-01-2024,Premium,Social Media,9972,955,22,3567.81,3200.42,3.46
490812,Category Promotion,16-01-2024,All,Email,1918,308,57,3150.05,9714.45,3.52
447080,App Push Notification,16-01-2024,Inactive,SMS,5967,320,78,2173.06,7394.68,3.17
143947,Email Campaign,16-01-2024,Inactive,SMS,2929,907,65,4402.84,3449.92,2.13
855664,Referral Program,16-01-2024,All,Email,7546,128,17,1950.4,7012.29,3.76
932966,New User Discount,17-01-2024,All,App,7828,830,41,3179.42,5070.31,3.58
854453,Weekend Special,17-01-2024,Premium,Social Media,9700,894,84,3820.86,3129.44,3.94
43278,Festival Offer,17-01-2024,Inactive,App,8266,805,59,3810.12,8723.62,2.25
765753,Flash Sale,17-01-2024,Premium,App,2938,793,13,1616.2,4148.32,1.81
93593,Membership Drive,17-01-2024,All,Social Media,2271,303,28,1583.49,7333.4,3.24
951717,Category Promotion,17-01-2024,New Users,App,2396,725,25,3537.65,8547.07,3.31
105853,App Push Notification,17-01-2024,All,Email,4132,183,59,3234.9,7372.54,3.91
687004,Email Campaign,17-01-2024,All,App,7989,719,49,3518.56,8986.91,2.29
242958,Referral Program,17-01-2024,New Users,Email,8371,759,73,2316.8,3182.6,2.98
741266,New User Discount,18-01-2024,New Users,SMS,6589,160,48,2490.98,9719.69,3.46
250629,Weekend Special,18-01-2024,New Users,SMS,4571,829,94,1837.23,3839.93,2.21
238928,Festival Offer,18-01-2024,Inactive,App,6696,477,86,2991.02,8294.33,3.85
197296,Flash Sale,18-01-2024,Inactive,Email,2875,606,28,3536.31,5894.97,2.87
416285,Membership Drive,18-01-2024,Premium,App,8269,212,39,3252.6,8254.13,1.77
501490,Category Promotion,18-01-2024,Inactive,SMS,4065,765,38,2928.03,6464.15,3.75
833561,App Push Notification,18-01-2024,All,SMS,1452,521,61,1017.16,3521.31,2.46
721672,Email Campaign,18-01-2024,New Users,SMS,5960,297,95,3195.01,5159.67,3.93
630017,Referral Program,18-01-2024,Premium,SMS,6879,310,45,4306.27,3149,2.71
79110,New User Discount,19-01-2024,All,Email,6797,933,82,1481.47,7297.06,1.62
61001,Weekend Special,19-01-2024,All,SMS,1823,393,38,2446.83,8409.55,2.18
326662,Festival Offer,19-01-2024,All,Email,5456,563,30,4521.5,6368.59,1.66
127093,Flash Sale,19-01-2024,Premium,Email,5560,821,20,4933.56,5928.46,1.67
350227,Membership Drive,19-01-2024,Premium,SMS,3893,407,42,3110.13,2248.77,2.51
856112,Category Promotion,19-01-2024,Premium,Email,3541,203,92,1535.59,7574.02,3.35
894649,App Push Notification,19-01-2024,New Users,App,2282,636,42,4331.98,5993.75,3.82
284835,Email Campaign,19-01-2024,New Users,Email,8116,784,78,1403.75,7632.99,2.54
71078,Referral Program,19-01-2024,Inactive,Social Media,7034,297,38,1826.24,3322.4,2.61
449822,New User Discount,20-01-2024,Inactive,App,3016,649,98,1709.46,5833.62,1.87
312110,Weekend Special,20-01-2024,Inactive,SMS,5496,526,99,3221.52,7884.88,2.7
722136,Festival Offer,20-01-2024,Premium,Email,2822,925,55,1823.31,6615.58,3.97
844551,Flash Sale,20-01-2024,Premium,Email,4808,208,18,4854.56,3271.21,2.21
484254,Membership Drive,20-01-2024,All,App,5901,585,74,4356.5,2753.63,2.94
117816,Category Promotion,20-01-2024,Premium,Email,5633,876,82,4289.46,4461.97,3.5
175472,App Push Notification,20-01-2024,New Users,SMS,2906,596,89,4577.3,4359.12,3.78
610198,Email Campaign,20-01-2024,New Users,App,7758,931,53,4293.73,5883.83,2.25
544595,Referral Program,20-01-2024,Inactive,Social Media,8117,646,79,1727.52,9404.79,2.13
702015,New User Discount,21-01-2024,Premium,Social Media,4073,698,44,4239.44,3164.85,3.12
396622,Weekend Special,21-01-2024,New Users,Email,5611,901,83,4659.83,9418.14,2.92
424066,Festival Offer,21-01-2024,All,App,3230,749,37,2002.95,6803.4,2.92
756332,Flash Sale,21-01-2024,Premium,Social Media,1711,853,57,1441.64,7532.42,3.03
799847,Membership Drive,21-01-2024,Inactive,Social Media,8518,351,48,4671.6,8530.4,2.42
822582,Category Promotion,21-01-2024,Inactive,SMS,7045,623,94,1595.55,9828.14,3.9
841684,App Push Notification,21-01-2024,Premium,App,1543,908,16,1729.1,6688.51,2.55
775086,Email Campaign,21-01-2024,Premium,App,4183,993,68,3528.84,3913.31,3.29
754300,Referral Program,21-01-2024,Inactive,SMS,8576,122,66,2062.71,3777.19,1.85
76407,New User Discount,22-01-2024,New Users,Email,2288,705,22,4923.25,2398.11,2.11
126544,Weekend Special,22-01-2024,Inactive,SMS,7749,489,92,3966.18,7440.33,2.93
193975,Festival Offer,22-01-2024,Premium,SMS,1293,211,14,3056.63,5321.67,2.22
779336,Flash Sale,22-01-2024,Inactive,App,9958,941,17,4860.58,2280.41,3.11
57325,Membership Drive,22-01-2024,Inactive,Social Media,7439,173,30,1089.39,9691.22,2.73
981064,Category Promotion,22-01-2024,New Users,Social Media,7112,231,92,1103.41,7178.46,2.94
58459,App Push Notification,22-01-2024,All,App,5070,203,88,4098.57,5500.96,3.76
746951,Email Campaign,22-01-2024,All,Email,6888,798,66,2490.68,8226.59,3.14
274731,Referral Program,22-01-2024,Inactive,SMS,6414,565,83,4303.44,6179.95,2.66
144186,New User Discount,23-01-2024,New Users,Email,2467,372,88,3584.36,5519.34,3.88
911657,Weekend Special,23-01-2024,Premium,Email,1429,352,36,1141.99,9029.82,1.94
685193,Festival Offer,23-01-2024,New Users,SMS,5627,455,24,1870.2,5724.79,2.83
150268,Flash Sale,23-01-2024,All,SMS,6844,221,48,1468.16,4959.62,3.19
668474,Membership Drive,23-01-2024,Inactive,SMS,5088,712,74,2677.92,3455.4,3.55
324412,Category Promotion,23-01-2024,New Users,Social Media,3108,536,82,1999.66,2766.71,2.37
904936,App Push Notification,23-01-2024,Premium,Email,3233,254,56,1140.7,5280.02,2.71
146007,Email Campaign,23-01-2024,New Users,App,8836,421,57,1589,7130.13,2.1
434842,Referral Program,23-01-2024,New Users,SMS,7127,674,96,4215.54,7881.17,3.98
22970,New User Discount,24-01-2024,New Users,Social Media,7294,677,20,1030.24,5705.55,2.68
754604,Weekend Special,24-01-2024,Inactive,App,3475,461,44,4364.65,7451.5,2.48
771743,Festival Offer,24-01-2024,New Users,Email,1882,217,98,1743.58,2541.18,2.57
149502,Flash Sale,24-01-2024,All,SMS,1119,151,91,3540.21,3172.87,2.44
39416,Membership Drive,24-01-2024,Premium,SMS,1867,823,72,1922.26,4140.24,1.85
195934,Category Promotion,24-01-2024,New Users,Email,7985,411,64,3685.87,4196.61,3.6
30242,App Push Notification,24-01-2024,New Users,Social Media,3303,571,58,1456.14,7310.01,3.71
234195,Email Campaign,24-01-2024,All,App,4528,992,94,2890.44,6643.35,2.18
775294,Referral Program,24-01-2024,Inactive,SMS,4672,675,22,1475.71,8973.73,2.83
989545,New User Discount,25-01-2024,New Users,Social Media,3848,422,55,3188.79,5705.68,3.73
92014,Weekend Special,25-01-2024,Inactive,App,2090,305,37,4579.67,5863.75,2.31
67208,Festival Offer,25-01-2024,Inactive,App,6898,665,36,4333.08,8167.11,3.86
481401,Flash Sale,25-01-2024,All,App,2124,327,47,2662.49,7003.86,2.12
171569,Membership Drive,25-01-2024,All,App,2045,150,55,4628.94,2793.4,1.88
123320,Category Promotion,25-01-2024,Premium,SMS,6254,466,36,3782.4,8349.81,3.09
831284,App Push Notification,25-01-2024,New Users,Email,4259,794,24,1877.1,5013.21,2.37
489333,Email Campaign,25-01-2024,New Users,Social Media,3501,997,88,3639.02,3107.34,3.48
748477,Referral Program,25-01-2024,All,Social Media,2610,766,56,4622.33,5973.15,3.73
983545,New User Discount,26-01-2024,Inactive,App,2027,321,41,2286.03,4200.9,2.58
814923,Weekend Special,26-01-2024,All,Email,5084,622,30,1340.59,6128.43,3.57
798547,Festival Offer,26-01-2024,Inactive,SMS,4215,360,77,3810.19,3270.37,3.44
537485,Flash Sale,26-01-2024,Premium,SMS,8625,378,12,3617.16,7283.86,3.44
181056,Membership Drive,26-01-2024,New Users,SMS,3807,506,56,2131.66,4020.78,2.12
527224,Category Promotion,26-01-2024,Premium,Social Media,3837,951,65,2905.54,8309.5,3.69
480513,App Push Notification,26-01-2024,Premium,Email,8006,613,23,1764.14,9034.27,2.19
519640,Email Campaign,26-01-2024,New Users,App,2693,472,56,4224.12,3039.56,3.34
952220,Referral Program,26-01-2024,Premium,SMS,4145,212,69,1642.93,8374.55,2.87
519276,New User Discount,27-01-2024,Inactive,Social Media,2388,767,15,3251.25,9317.81,1.96
338845,Weekend Special,27-01-2024,Premium,SMS,2430,667,97,2509.83,6977.65,1.73
511002,Festival Offer,27-01-2024,All,App,9687,648,93,4592.76,8431.15,2.13
308799,Flash Sale,27-01-2024,Premium,SMS,2440,178,80,4527.05,2217.52,1.65
982855,Membership Drive,27-01-2024,Inactive,Social Media,2427,592,67,2170.23,2769.67,1.61
219590,Category Promotion,27-01-2024,Inactive,Email,7262,761,97,1123.52,2145.33,3.18
566022,App Push Notification,27-01-2024,Inactive,Social Media,3609,632,39,4827.3,2746.65,2.04
427696,Email Campaign,27-01-2024,Inactive,SMS,9788,370,52,1782.74,2287.25,2.45
701056,Referral Program,27-01-2024,New Users,App,6381,366,55,4303.32,4554.14,2.08
823389,New User Discount,28-01-2024,Premium,Email,6791,324,39,2506.68,3872.1,3.84
147727,Weekend Special,28-01-2024,New Users,Social Media,4971,262,30,3338.79,5867.08,2.48
952231,Festival Offer,28-01-2024,Inactive,Email,4758,640,41,1699.36,2765.41,2.39
650676,Flash Sale,28-01-2024,All,SMS,1459,587,26,1863.35,3684.43,2.12
422615,Membership Drive,28-01-2024,All,SMS,6429,626,25,1819.32,3636.35,3.3
133692,Category Promotion,28-01-2024,New Users,Social Media,2248,891,91,1791.34,3550.14,1.63
907493,App Push Notification,28-01-2024,Premium,App,1650,518,75,4815.24,6718.68,3.09
640488,Email Campaign,28-01-2024,Premium,SMS,7790,981,49,3360.95,7718.86,1.72
56597,Referral Program,28-01-2024,Premium,SMS,4946,416,80,2868.11,4311.14,2.39
632134,New User Discount,29-01-2024,Premium,Social Media,7199,276,64,2569.44,4358.1,3.35
484219,Weekend Special,29-01-2024,New Users,SMS,9620,586,61,2333.17,6587.38,2.57
443256,Festival Offer,29-01-2024,Premium,Social Media,8062,621,51,3503.02,5100.34,3.58
712998,Flash Sale,29-01-2024,New Users,App,5649,579,25,1215.83,4660.14,2.63
82236,Membership Drive,29-01-2024,All,Email,4659,995,80,4483.58,8309.98,1.78
101448,Category Promotion,29-01-2024,Inactive,SMS,3358,528,27,1294.04,4264.3,2.01
43531,App Push Notification,29-01-2024,New Users,App,8040,513,59,2721.11,5736.21,1.99
490117,Email Campaign,29-01-2024,Premium,Email,7312,676,55,4393.26,5675.83,2.58
165375,Referral Program,29-01-2024,New Users,Social Media,7580,825,41,1300.37,9699.51,2.13
514235,New User Discount,30-01-2024,New Users,SMS,3100,168,64,2067.92,9501.86,3.23
463287,Weekend Special,30-01-2024,New Users,Email,9682,851,68,2819.2,3798.08,2.62
520029,Festival Offer,30-01-2024,All,Email,9077,102,81,3068.93,6961.2,3.65
668197,Flash Sale,30-01-2024,Inactive,SMS,3441,871,79,3648.86,3795.51,3.37
575245,Membership Drive,30-01-2024,Inactive,App,5258,169,40,4053.44,4516.01,3.09
651159,Category Promotion,30-01-2024,Premium,SMS,9218,592,39,1991.13,3485.67,3.99
847682,App Push Notification,30-01-2024,New Users,Social Media,4643,509,55,2169.74,9742.35,2.79
397099,Email Campaign,30-01-2024,New Users,SMS,1288,911,78,4152.54,3123.54,3.51
676217,Referral Program,30-01-2024,Inactive,Social Media,4135,346,79,4930.93,9575.27,3.39
661983,New User Discount,31-01-2024,Premium,App,5637,306,23,4011.03,9507.32,2.29
571618,Weekend Special,31-01-2024,Inactive,Email,4773,972,80,2786.99,8795.33,2.18
866265,Festival Offer,31-01-2024,All,Social Media,4189,292,15,2767.17,3593.81,3.84
718238,Flash Sale,31-01-2024,New Users,Social Media,2841,489,35,3286.25,4120.72,2.29
87648,Membership Drive,31-01-2024,All,Email,7404,383,31,4060.89,5647.77,1.94
50840,Category Promotion,31-01-2024,All,App,2846,132,29,1576.42,9130.17,3.87
310731,App Push Notification,31-01-2024,Premium,App,8335,358,67,4475.74,2299.61,2.1
573283,Email Campaign,31-01-2024,All,Social Media,5463,903,83,1424.37,7611.28,3.9
998954,Referral Program,31-01-2024,Inactive,App,2088,160,54,1610.06,6302.15,3.89
268057,New User Discount,01-02-2024,Premium,Social Media,1793,480,34,3831.38,6711.92,3.96
727511,Weekend Special,01-02-2024,Inactive,Email,2114,694,89,3524.33,9190.98,1.91
380831,Festival Offer,01-02-2024,All,Email,7422,850,35,3522.68,4145,2.96
392154,Flash Sale,01-02-2024,New Users,Social Media,4317,621,24,4149.66,8031.67,2.46
430047,Membership Drive,01-02-2024,Premium,App,1610,934,12,1183.09,8356.91,1.75
428461,Category Promotion,01-02-2024,New Users,App,7819,875,17,3344.6,9394.36,2.25
770860,App Push Notification,01-02-2024,All,App,4481,895,30,1417.55,3331.12,2.16
727614,Email Campaign,01-02-2024,New Users,SMS,1090,226,75,2254.51,3728.33,2.44
870966,Referral Program,01-02-2024,Premium,Email,7498,509,78,4755.23,2119.9,3.94
821056,New User Discount,02-02-2024,New Users,Social Media,7157,233,68,1005.23,7465.65,1.88
256875,Weekend Special,02-02-2024,Inactive,App,4080,302,93,1810.32,9236.31,3.82
284324,Festival Offer,02-02-2024,New Users,SMS,9645,792,78,4873.1,2880.42,3.86
51639,Flash Sale,02-02-2024,All,Email,1542,346,95,2065.86,8298.23,1.84
744196,Membership Drive,02-02-2024,All,Email,4172,477,65,2430.33,8414.56,1.78
795171,Category Promotion,02-02-2024,All,Email,8545,692,26,3098.49,2176.08,3.8
628065,App Push Notification,02-02-2024,Premium,Social Media,6200,346,40,4837.34,3600.84,1.73
6116,Email Campaign,02-02-2024,Inactive,App,5924,837,33,1894.16,3095.61,1.97
248921,Referral Program,02-02-2024,Premium,Email,3048,156,90,4358.09,5344.89,3.42
257666,New User Discount,03-02-2024,All,Email,2011,256,57,4869.06,6622.63,2.91
255343,Weekend Special,03-02-2024,New Users,Social Media,3376,1000,76,2802.04,9258.1,2.13
815304,Festival Offer,03-02-2024,New Users,Social Media,5576,799,55,4452.21,2553.47,2.75
156392,Flash Sale,03-02-2024,Premium,SMS,1642,372,30,1793.48,9832.31,3.96
917704,Membership Drive,03-02-2024,New Users,SMS,8859,961,53,1497.98,9415.62,2.55
376291,Category Promotion,03-02-2024,Premium,App,1786,883,27,1919.98,4961.39,2.87
696082,App Push Notification,03-02-2024,All,Email,4746,631,58,3498.12,5415.96,3.09
879636,Email Campaign,03-02-2024,New Users,App,5772,709,19,1602.09,9150.17,1.63
141009,Referral Program,03-02-2024,Premium,App,8935,198,79,2070.02,4893.72,3.87
215823,New User Discount,04-02-2024,Premium,SMS,4657,736,94,1341.58,4044.92,3.01
185268,Weekend Special,04-02-2024,All,Email,9562,881,93,2007.62,6934.65,3.89
715807,Festival Offer,04-02-2024,Inactive,App,2171,465,19,2084.11,9400.47,2.61
385198,Flash Sale,04-02-2024,New Users,Email,8610,877,93,4217.88,2720.84,1.8
791713,Membership Drive,04-02-2024,Premium,SMS,2840,396,81,3345.54,4037.54,2.75
349776,Category Promotion,04-02-2024,All,Social Media,3184,636,81,3219.79,4161.19,3.23
710286,App Push Notification,04-02-2024,All,App,9913,677,15,3678.35,4072.89,3.33
158988,Email Campaign,04-02-2024,Premium,Social Media,7751,780,44,2113.77,6012.06,2.88
549778,Referral Program,04-02-2024,Premium,SMS,9678,248,52,2143.44,9972.95,3.15
288880,New User Discount,05-02-2024,Premium,Social Media,5846,665,31,1315.12,7760.38,1.97
380901,Weekend Special,05-02-2024,Premium,App,4565,569,36,4630.21,6206.79,1.81
913385,Festival Offer,05-02-2024,Premium,App,9182,752,18,1054.3,3110.95,2.18
186544,Flash Sale,05-02-2024,All,App,4647,449,11,3554.73,5152.28,2.78
476911,Membership Drive,05-02-2024,All,Email,6364,164,65,4108.66,5285.59,3.64
788001,Category Promotion,05-02-2024,All,App,1966,851,56,3525.18,8224.17,3.91
561353,App Push Notification,05-02-2024,All,Email,8657,843,72,2442.36,8669.66,2.23
280581,Email Campaign,05-02-2024,Premium,Email,8666,740,95,2495.45,3971.69,2.5
840541,Referral Program,05-02-2024,Premium,Social Media,1932,454,88,3978.55,7397.89,2.33
71320,New User Discount,06-02-2024,Premium,SMS,3618,573,67,1784.75,5049.29,3.91
212759,Weekend Special,06-02-2024,New Users,Email,9421,933,44,3372.53,7641.4,2.43
652574,Festival Offer,06-02-2024,Premium,Social Media,9908,663,57,3160.43,6679.25,3.27
152682,Flash Sale,06-02-2024,Premium,Social Media,6302,961,67,1501.58,6017.53,2.15
239444,Membership Drive,06-02-2024,All,Social Media,4359,724,55,3081.79,7400.23,3.73
603068,Category Promotion,06-02-2024,New Users,Social Media,4653,531,49,1370.09,7525.75,2.33
317486,App Push Notification,06-02-2024,Premium,App,7645,990,13,1277.74,9932.91,3.38
666472,Email Campaign,06-02-2024,New Users,Email,4485,899,46,2335.85,2902.47,2.57
822630,Referral Program,06-02-2024,New Users,Social Media,6746,417,57,2237.44,6629.42,1.62
952072,New User Discount,07-02-2024,Premium,App,6326,329,20,2477.25,4434.61,4
457471,Weekend Special,07-02-2024,All,Social Media,6583,663,18,4755.62,3096.53,2.68
684718,Festival Offer,07-02-2024,Inactive,SMS,1535,489,86,3590.36,5897.36,2.71
465629,Flash Sale,07-02-2024,New Users,Email,1247,869,57,2702.94,8394.26,1.95
791173,Membership Drive,07-02-2024,New Users,SMS,1009,634,98,2572.38,3157.19,3.61
927550,Category Promotion,07-02-2024,New Users,SMS,7177,284,88,1973.5,6671.14,3.53
39386,App Push Notification,07-02-2024,New Users,Social Media,7171,142,92,2292.93,2477.85,3.07
950342,Email Campaign,07-02-2024,Inactive,App,1078,142,10,3125.22,7051.83,2.38
951888,Referral Program,07-02-2024,All,Social Media,7761,500,73,1514.56,3569.29,2.85
199888,New User Discount,08-02-2024,Inactive,App,5367,458,64,3615.63,3592.19,3.01
386930,Weekend Special,08-02-2024,All,Social Media,9406,611,53,2441.45,6922.84,3.79
129426,Festival Offer,08-02-2024,Inactive,Social Media,2632,824,21,4248.01,4984.15,3.07
34599,Flash Sale,08-02-2024,All,Email,2801,171,54,1360.63,5629.26,2.62
934324,Membership Drive,08-02-2024,All,Social Media,9519,940,61,3688.77,9841.53,1.72
802454,Category Promotion,08-02-2024,Inactive,SMS,5140,256,33,2503.83,9827.21,2.86
828961,App Push Notification,08-02-2024,Premium,Email,6453,678,72,4243.84,3513.21,2.94
165387,Email Campaign,08-02-2024,New Users,App,5393,747,99,4650.71,5070.35,2.46
521328,Referral Program,08-02-2024,All,SMS,8618,539,97,3614.14,9768.38,3.9
991753,New User Discount,09-02-2024,New Users,SMS,5853,907,90,2326.79,7625.66,1.93
489155,Weekend Special,09-02-2024,Premium,App,1940,943,77,3433.51,4119.79,1.74
167955,Festival Offer,09-02-2024,Premium,App,4545,418,19,1485.68,5519.82,3.24
760297,Flash Sale,09-02-2024,New Users,App,1946,381,41,3602.14,8773.32,3.9
865385,Membership Drive,09-02-2024,New Users,Social Media,2858,726,74,1753.74,2068.88,3.32
701730,Category Promotion,09-02-2024,All,Email,1583,305,71,2940.64,8325.66,3.91
967030,App Push Notification,09-02-2024,Inactive,App,6180,389,13,4015.1,2903.03,2.96
611398,Email Campaign,09-02-2024,New Users,SMS,9619,899,16,1598.64,8914.28,2.37
766713,Referral Program,09-02-2024,Inactive,Social Media,1386,467,29,1528.7,8776.21,1.57
260104,New User Discount,10-02-2024,All,Social Media,1217,558,44,4641.27,5679.49,2.99
299739,Weekend Special,10-02-2024,All,App,2934,135,32,3414,4020.88,3.63
911228,Festival Offer,10-02-2024,All,App,5164,994,83,1891.55,5715.13,3.93
352007,Flash Sale,10-02-2024,Inactive,SMS,5521,396,51,4035.3,7435.43,1.57
459371,Membership Drive,10-02-2024,New Users,App,5453,934,67,1980.26,8425.95,1.61
456390,Category Promotion,10-02-2024,Inactive,SMS,8561,196,66,1839.8,2427.61,3.55
458463,App Push Notification,10-02-2024,New Users,SMS,2968,520,14,4438.01,9058.71,3.16
226900,Email Campaign,10-02-2024,New Users,App,3742,890,74,2043.25,4816.4,2.29
340905,Referral Program,10-02-2024,Premium,Social Media,2956,949,41,4878.01,9060.87,2.66
559470,New User Discount,11-02-2024,New Users,App,5285,103,67,4453.24,8408.24,2.67
156146,Weekend Special,11-02-2024,All,App,6193,516,48,1584.15,2354.4,2.91
458719,Festival Offer,11-02-2024,Inactive,Email,5236,762,73,1574.26,5418.52,2.46
933370,Flash Sale,11-02-2024,Inactive,SMS,2057,156,63,4657.35,5467.69,3.26
150363,Membership Drive,11-02-2024,Premium,Social Media,6609,239,18,3273.48,5955.17,1.95
269345,Category Promotion,11-02-2024,All,SMS,3169,453,63,1958.26,8435.62,3.65
833241,App Push Notification,11-02-2024,Premium,Social Media,9264,394,74,2267.87,6680.68,3.45
762397,Email Campaign,11-02-2024,New Users,SMS,9186,373,11,4476.46,7234.38,3.93
253478,Referral Program,11-02-2024,All,Email,1317,494,77,2371.75,8168.56,2.2
49107,New User Discount,12-02-2024,New Users,SMS,2036,780,44,1727.02,5449.99,2.64
270031,Weekend Special,12-02-2024,All,App,1476,290,36,3186.21,6756.41,2.21
245137,Festival Offer,12-02-2024,New Users,SMS,2072,154,78,2206.57,4369.8,3.1
326388,Flash Sale,12-02-2024,New Users,Social Media,8869,538,81,1019.55,8538.88,1.87
754740,Membership Drive,12-02-2024,Inactive,SMS,4109,261,55,4700.48,8382.4,3.41
453747,Category Promotion,12-02-2024,New Users,SMS,8606,323,71,2345.45,8908.45,1.72
639737,App Push Notification,12-02-2024,New Users,SMS,6316,868,61,1455.9,4715.67,1.57
489372,Email Campaign,12-02-2024,Inactive,SMS,1351,150,85,1048.58,2684.65,3.37
993367,Referral Program,12-02-2024,Premium,Social Media,4129,152,53,2673.11,3524.68,2.73
168936,New User Discount,13-02-2024,Inactive,Email,3452,511,41,2103.5,6440.26,3.6
263758,Weekend Special,13-02-2024,All,Email,8049,812,30,3087.55,3041.5,3.96
811537,Festival Offer,13-02-2024,All,SMS,4205,932,100,1636.28,6087.02,2.39
474641,Flash Sale,13-02-2024,Premium,App,2224,290,58,3194.45,4646.73,1.79
96526,Membership Drive,13-02-2024,All,SMS,5764,696,62,4914.33,5460.72,2.84
59928,Category Promotion,13-02-2024,Premium,Social Media,6732,232,83,2894.85,4069.94,3.46
966482,App Push Notification,13-02-2024,Inactive,SMS,4171,552,64,1753.79,9531.45,2.27
142575,Email Campaign,13-02-2024,All,SMS,5636,284,65,1545.72,4210.05,1.51
427214,Referral Program,13-02-2024,Inactive,Social Media,7486,502,81,1718.92,6432.26,2.64
404515,New User Discount,14-02-2024,All,Email,3240,630,48,1503.28,2429.95,2.48
364324,Weekend Special,14-02-2024,New Users,Email,1154,585,55,3970.2,4930.39,2.56
669920,Festival Offer,14-02-2024,Inactive,Email,8954,599,99,2510.29,2120.29,3.87
673790,Flash Sale,14-02-2024,Inactive,SMS,1608,820,51,4749.94,3789.9,2.33
707984,Membership Drive,14-02-2024,All,App,1113,274,52,4945.45,3409.44,2.83
982984,Category Promotion,14-02-2024,Inactive,Social Media,1757,337,15,2197.37,9911.16,2.22
861025,App Push Notification,14-02-2024,Premium,App,4720,391,31,1644.63,2687.01,1.95
821428,Email Campaign,14-02-2024,Inactive,SMS,9648,826,73,2761.54,4603.44,1.68
578874,Referral Program,14-02-2024,All,SMS,7395,296,20,1891.11,6570.1,1.78
63274,New User Discount,15-02-2024,New Users,App,7181,884,91,2822.59,8390.19,1.57
3703,Weekend Special,15-02-2024,All,SMS,9050,949,10,1971.95,3783.17,2.5
571011,Festival Offer,15-02-2024,New Users,SMS,8122,217,84,1338.34,2493.62,2.83
135759,Flash Sale,15-02-2024,All,Social Media,1454,134,28,2617.6,2589.83,2.78
326425,Membership Drive,15-02-2024,All,Social Media,8377,688,91,2580.44,5170.87,1.63
37283,Category Promotion,15-02-2024,Premium,Email,5911,963,81,4538.43,4404.72,1.69
485208,App Push Notification,15-02-2024,New Users,SMS,1191,165,27,3463.61,8349.32,3.39
537092,Email Campaign,15-02-2024,New Users,SMS,8629,197,10,4594.21,6740.74,1.86
45116,Referral Program,15-02-2024,All,App,6942,294,68,3067.05,9737.26,3.54
876134,New User Discount,16-02-2024,New Users,Social Media,4927,159,93,1989.93,2246.1,3.13
174517,Weekend Special,16-02-2024,New Users,SMS,6518,639,11,3056.96,9530.6,3.77
23915,Festival Offer,16-02-2024,Inactive,Email,8430,128,42,1478.19,5756.36,2.77
226277,Flash Sale,16-02-2024,Premium,App,5372,532,24,1158.1,6201.6,1.66
375989,Membership Drive,16-02-2024,New Users,Social Media,4371,109,43,2116.82,8937.53,3.45
168573,Category Promotion,16-02-2024,All,Email,8720,523,15,4508.09,6723.48,2.41
575186,App Push Notification,16-02-2024,Premium,App,4608,551,33,3311.6,8090.78,3.6
38495,Email Campaign,16-02-2024,Inactive,Email,4014,396,66,3527.15,7139.79,2.07
928014,Referral Program,16-02-2024,Premium,App,1103,902,40,2827.19,3033.56,2.55
872374,New User Discount,17-02-2024,Premium,Social Media,2877,413,17,1427.16,8282.02,2.05
539039,Weekend Special,17-02-2024,All,App,7617,837,37,4400.3,4380.95,1.65
674340,Festival Offer,17-02-2024,New Users,SMS,2879,560,26,1159.76,7101.05,1.91
512522,Flash Sale,17-02-2024,New Users,Social Media,1804,254,52,1539.93,4570.06,1.63
511881,Membership Drive,17-02-2024,Inactive,Email,1579,926,68,2181.96,9241.89,3.3
482417,Category Promotion,17-02-2024,All,Social Media,4629,963,68,4988.24,2115.72,2.37
718186,App Push Notification,17-02-2024,Premium,Social Media,6800,122,88,4327.97,5645.5,2.89
165013,Email Campaign,17-02-2024,All,Social Media,4574,145,62,4133.55,9645.07,1.66
867965,Referral Program,17-02-2024,Inactive,App,4382,350,69,4168.34,7368.48,2.19
195911,New User Discount,18-02-2024,Premium,App,1276,904,100,2357.11,8718.11,2.3
510031,Weekend Special,18-02-2024,Inactive,App,5587,464,25,1538.17,7917.89,2.13
805438,Festival Offer,18-02-2024,Premium,SMS,3032,780,46,4982.72,7799.25,3.53
220582,Flash Sale,18-02-2024,Premium,SMS,6497,489,76,4793.47,8327.46,1.68
805803,Membership Drive,18-02-2024,New Users,App,7243,951,18,3805.65,2164.51,2.76
205135,Category Promotion,18-02-2024,Inactive,Email,7416,937,84,1536.33,8572.43,3.12
994906,App Push Notification,18-02-2024,New Users,App,5342,184,82,1653.48,5282.98,2.24
654178,Email Campaign,18-02-2024,Premium,SMS,6904,578,43,3891.58,5980.96,3.58
333338,Referral Program,18-02-2024,Inactive,Social Media,3157,454,70,4033.43,3470.53,2.49
736607,New User Discount,19-02-2024,New Users,Social Media,8837,750,35,1204.62,8976.17,2.4
22032,Weekend Special,19-02-2024,Premium,App,1505,711,86,3742.63,9624.84,2.17
111220,Festival Offer,19-02-2024,New Users,Email,2878,279,28,2993.24,2143.27,2.11
982228,Flash Sale,19-02-2024,Premium,App,8812,497,65,2797.34,5066.46,2.36
991793,Membership Drive,19-02-2024,New Users,Social Media,2971,640,78,3611.45,8684.07,1.81
51194,Category Promotion,19-02-2024,All,Email,7154,116,80,2565.35,4523.49,3.7
910671,App Push Notification,19-02-2024,Premium,SMS,5605,472,14,3707.94,8691.95,3.29
986053,Email Campaign,19-02-2024,Premium,Social Media,4710,700,65,3821.21,5360.95,1.99
237396,Referral Program,19-02-2024,New Users,App,5014,249,41,3242.59,9934.24,2.02
253770,New User Discount,20-02-2024,All,App,4975,161,36,4814.62,4219.2,2.37
463037,Weekend Special,20-02-2024,Premium,Email,1726,400,33,4775.27,7903.94,3.63
715213,Festival Offer,20-02-2024,New Users,Social Media,2869,934,82,2325.99,4082.07,3.43
423517,Flash Sale,20-02-2024,New Users,Social Media,8557,641,64,1238.17,9051.14,2.49
767952,Membership Drive,20-02-2024,Premium,SMS,5402,944,80,4634.11,7512.24,2.11
417740,Category Promotion,20-02-2024,New Users,App,1623,966,48,3275.09,3112.22,1.82
51598,App Push Notification,20-02-2024,All,Social Media,8113,471,100,4989.51,6583.31,2.92
175990,Email Campaign,20-02-2024,Premium,SMS,4745,146,93,3483.7,2295.22,3.62
497376,Referral Program,20-02-2024,Inactive,Social Media,1292,896,28,3310.94,7851.11,3.84
76704,New User Discount,21-02-2024,All,Email,3386,117,53,1357.95,3215.39,2.49
513451,Weekend Special,21-02-2024,Inactive,App,2580,238,76,1248.06,4534.83,2.75
723660,Festival Offer,21-02-2024,Inactive,SMS,9774,237,52,1937.13,4772.09,1.58
222388,Flash Sale,21-02-2024,Premium,SMS,6192,621,79,1353.85,7900.48,3.23
613453,Membership Drive,21-02-2024,Inactive,SMS,3893,438,32,2211.93,7052.88,1.55
281093,Category Promotion,21-02-2024,Premium,Email,8403,143,26,2918.53,6977.77,3.85
869401,App Push Notification,21-02-2024,Premium,Email,7586,963,46,3564.37,9855.76,3.71
609693,Email Campaign,21-02-2024,Inactive,Social Media,2382,688,75,1303.08,5687.18,3.22
526116,Referral Program,21-02-2024,Premium,Email,3319,979,62,1451.48,9766.5,1.53
829033,New User Discount,22-02-2024,All,Social Media,3786,272,52,2916.59,5707.56,3.93
425677,Weekend Special,22-02-2024,New Users,App,7918,715,90,4918.34,6855.19,3.77
813967,Festival Offer,22-02-2024,New Users,Email,4008,137,59,2518.73,5752.22,1.64
655740,Flash Sale,22-02-2024,All,Email,2262,496,46,4278.39,4837.19,3.2
602442,Membership Drive,22-02-2024,Premium,Email,8807,634,82,4279.64,9683.21,2.79
480278,Category Promotion,22-02-2024,New Users,SMS,6277,850,92,4954.1,2399.68,2.33
328427,App Push Notification,22-02-2024,Inactive,Social Media,8342,237,82,3559.09,3050.78,2.92
298455,Email Campaign,22-02-2024,Inactive,App,3568,387,41,1262.41,9644.91,2.44
407771,Referral Program,22-02-2024,Premium,Email,4251,109,28,2742.1,8839.95,3.26
477804,New User Discount,23-02-2024,New Users,Email,9471,410,68,1835.79,4825.94,2.53
559650,Weekend Special,23-02-2024,All,Social Media,2332,512,77,3632.33,7956.22,3.25
285195,Festival Offer,23-02-2024,New Users,Email,2080,271,26,3076.49,8918.89,3.21
629710,Flash Sale,23-02-2024,New Users,SMS,2730,585,99,4072.13,9460.65,2.65
202246,Membership Drive,23-02-2024,Inactive,Social Media,3269,691,32,3133.68,2813.17,3.2
934573,Category Promotion,23-02-2024,Premium,App,6259,394,62,1345.3,9582.62,2.27
918248,App Push Notification,23-02-2024,All,SMS,4370,333,63,2700.7,4156.82,3.62
711201,Email Campaign,23-02-2024,Premium,App,5825,974,39,1896.5,8440.25,1.82
566545,Referral Program,23-02-2024,All,Email,8813,777,90,1016.29,6861.97,2.88
808747,New User Discount,24-02-2024,Inactive,App,5262,370,44,1209.96,7507.52,3.13
902698,Weekend Special,24-02-2024,New Users,Email,4157,228,53,4953.25,4460.75,3.72
500036,Festival Offer,24-02-2024,Premium,Social Media,1344,471,16,4132.1,8662.44,2.1
634868,Flash Sale,24-02-2024,All,Email,7309,590,89,3180.79,7452.11,2.81
332730,Membership Drive,24-02-2024,New Users,App,5176,698,73,4909.64,8832.05,1.84
137341,Category Promotion,24-02-2024,New Users,App,9797,189,88,3160.22,3947.84,2.4
174580,App Push Notification,24-02-2024,Inactive,SMS,6261,138,19,2310.85,5280.85,2.87
673417,Email Campaign,24-02-2024,Premium,SMS,4444,632,57,3759.3,3412.86,2.56
738249,Referral Program,24-02-2024,New Users,App,1135,451,73,1649.09,6562.98,1.72
800479,New User Discount,25-02-2024,New Users,Social Media,9263,861,71,2491.66,3991.03,3.29
202225,Weekend Special,25-02-2024,Premium,Email,3139,172,30,3360.09,2871.2,3.86
531965,Festival Offer,25-02-2024,New Users,SMS,5760,861,14,3297.56,5683.89,3.27
685577,Flash Sale,25-02-2024,New Users,Email,8671,834,83,3678.07,8867.25,1.85
424533,Membership Drive,25-02-2024,Inactive,SMS,7078,897,86,3454.09,2756.82,2.81
953439,Category Promotion,25-02-2024,New Users,App,6148,320,84,4982.21,9378.37,2.1
984163,App Push Notification,25-02-2024,Inactive,App,8394,185,24,2350.96,7267.18,2.99
425779,Email Campaign,25-02-2024,All,App,1035,368,63,3386.5,9557.96,2.88
78425,Referral Program,25-02-2024,Premium,Email,8930,994,56,4798.03,4466.82,3.31
638620,New User Discount,26-02-2024,Premium,Email,9612,918,37,4836.36,5909.37,3.48
172129,Weekend Special,26-02-2024,New Users,Social Media,3732,641,13,4628.44,6518.93,3.84
794677,Festival Offer,26-02-2024,All,Social Media,7983,376,53,3069.32,9497.35,1.54
553680,Flash Sale,26-02-2024,New Users,Email,9025,292,24,2252.52,3926.14,3.03
98553,Membership Drive,26-02-2024,New Users,Social Media,1394,132,20,2156.66,2996.69,2.49
884042,Category Promotion,26-02-2024,New Users,Email,8471,261,51,4485.07,6871.79,3.75
437596,App Push Notification,26-02-2024,All,Email,4100,662,79,4759.21,3976.85,2.01
958791,Email Campaign,26-02-2024,New Users,Email,3511,794,72,2094.33,9954.72,3.85
23268,Referral Program,26-02-2024,All,SMS,1047,981,92,2280.38,8026.94,3.34
858121,New User Discount,27-02-2024,Premium,Social Media,6804,256,100,1496.49,7144.9,3.19
962466,Weekend Special,27-02-2024,Premium,Social Media,8112,917,81,1920.23,8996.6,2.62
805693,Festival Offer,27-02-2024,Inactive,SMS,3486,326,37,4154.24,8107.27,2.03
929588,Flash Sale,27-02-2024,Inactive,Social Media,9306,481,19,4886.48,3327.02,3.51
745320,Membership Drive,27-02-2024,All,Email,1481,549,72,1172.84,2294.15,3.98
222313,Category Promotion,27-02-2024,All,Social Media,6397,143,44,3524.6,5808.56,1.52
642607,App Push Notification,27-02-2024,All,Social Media,6009,850,64,3168.61,9652.32,2.13
783828,Email Campaign,27-02-2024,New Users,Email,9781,484,65,2427.9,3449.89,3.44
815270,Referral Program,27-02-2024,Inactive,SMS,4192,747,71,3084.85,3851.73,1.76
140497,New User Discount,28-02-2024,All,Email,6519,372,92,3323.24,2385.54,1.98
781273,Weekend Special,28-02-2024,New Users,App,3782,534,54,3500.2,3219.96,3.47
531774,Festival Offer,28-02-2024,New Users,SMS,1961,310,35,4159.94,8058.7,3.93
724346,Flash Sale,28-02-2024,Inactive,SMS,4928,553,93,2923.81,6840.59,3.82
221563,Membership Drive,28-02-2024,New Users,App,1973,467,83,1749.56,2413.08,2.49
588079,Category Promotion,28-02-2024,Inactive,App,2975,816,72,4891.95,8602.31,3.61
918240,App Push Notification,28-02-2024,New Users,SMS,1776,959,79,2006.36,5866.91,2.97
522712,Email Campaign,28-02-2024,New Users,SMS,2880,319,63,4708.64,8753.95,3.16
156216,Referral Program,28-02-2024,Inactive,SMS,1197,889,79,3709.75,3528.88,3.45
43467,New User Discount,29-02-2024,New Users,Email,7316,104,64,3465.52,5375.64,2.86
143548,Weekend Special,29-02-2024,All,Email,6967,196,69,3091.8,4986.59,2.84
457174,Festival Offer,29-02-2024,New Users,Email,2216,167,67,3620.47,4904.13,1.73
321811,Flash Sale,29-02-2024,Premium,Social Media,2689,645,89,2878.49,7604.76,2.38
551837,Membership Drive,29-02-2024,Premium,App,7969,978,25,1251.88,2658.27,3.69
225577,Category Promotion,29-02-2024,Inactive,App,3826,296,57,4628.33,4963.16,3.04
876048,App Push Notification,29-02-2024,All,Social Media,5090,618,26,1666.03,2996.54,1.9
702634,Email Campaign,29-02-2024,All,App,4640,376,63,3136.53,2167.48,2.44
892667,Referral Program,29-02-2024,All,Social Media,3707,544,97,3045.95,6386.71,3.5
754576,New User Discount,01-03-2024,New Users,App,4561,133,92,3405.29,7165.56,3.4
102659,Weekend Special,01-03-2024,Inactive,Email,6076,114,63,2480.67,5174.57,2.58
752510,Festival Offer,01-03-2024,Inactive,Email,4707,968,11,1150.33,8096.02,3.16
43642,Flash Sale,01-03-2024,Inactive,Social Media,1500,570,56,3318.46,5605.21,1.5
608586,Membership Drive,01-03-2024,Inactive,App,8770,365,48,2432.4,9561.27,2.9
474850,Category Promotion,01-03-2024,New Users,App,4710,566,27,4846.93,8794.9,1.87
86556,App Push Notification,01-03-2024,New Users,Email,7199,695,71,4503.02,4207.51,3.14
113928,Email Campaign,01-03-2024,Inactive,App,6944,706,69,2924.18,8642.95,3.85
184611,Referral Program,01-03-2024,All,SMS,5980,872,61,4618.56,9891.07,2.53
79393,New User Discount,02-03-2024,Inactive,Email,4653,192,100,4915.55,7798.99,2.47
251911,Weekend Special,02-03-2024,New Users,App,6717,954,76,1225.46,8219.73,2.49
650301,Festival Offer,02-03-2024,Inactive,App,7959,803,19,3832.65,3341.81,1.63
514372,Flash Sale,02-03-2024,Inactive,Email,6818,499,15,3581.64,3353.6,3.62
787538,Membership Drive,02-03-2024,Inactive,SMS,4434,944,85,3861.63,6044.9,2.53
742672,Category Promotion,02-03-2024,All,Email,2863,566,15,4193.66,2317.1,3.31
39447,App Push Notification,02-03-2024,Premium,SMS,2090,841,38,2510.46,6998.9,1.92
983532,Email Campaign,02-03-2024,Premium,Social Media,5275,742,10,1803.24,8282.53,1.78
833829,Referral Program,02-03-2024,New Users,Email,3668,741,30,4906.12,2838.45,3.85
129510,New User Discount,03-03-2024,All,Social Media,9020,143,33,4428.7,5900.99,3.84
202249,Weekend Special,03-03-2024,Premium,Social Media,2264,595,19,3156.38,8638.2,2.27
486644,Festival Offer,03-03-2024,Inactive,Social Media,5925,579,64,3978.39,8774.49,2.35
950792,Flash Sale,03-03-2024,Inactive,Social Media,1679,971,50,4424.73,3629.33,3.11
792259,Membership Drive,03-03-2024,Premium,Social Media,3834,220,63,1256.57,4471.89,3.11
822275,Category Promotion,03-03-2024,Premium,SMS,3635,884,55,4499.89,8043.1,3.83
10502,App Push Notification,03-03-2024,New Users,Email,2115,449,75,3543.62,9807.18,2.04
36422,Email Campaign,03-03-2024,New Users,App,7580,819,98,3602.13,2330.65,3.06
708738,Referral Program,03-03-2024,Premium,Email,1232,376,59,1791.35,2274.25,2.67
69760,New User Discount,04-03-2024,New Users,SMS,3537,131,91,1202.8,9377.14,3.68
599016,Weekend Special,04-03-2024,Inactive,App,6517,886,44,3796.38,7523.7,1.8
402445,Festival Offer,04-03-2024,Inactive,Social Media,2915,622,11,4990.92,4719.56,3.34
959105,Flash Sale,04-03-2024,All,Email,5885,919,24,1604.55,9654.92,4
943988,Membership Drive,04-03-2024,All,Email,6879,451,70,4419.69,8218.24,1.96
484945,Category Promotion,04-03-2024,New Users,Email,3199,585,86,1137.8,9165.48,2.73
658832,App Push Notification,04-03-2024,Premium,Social Media,3891,710,42,1120.78,8629.15,3.13
797519,Email Campaign,04-03-2024,Inactive,App,6790,236,76,2300.24,9153.69,3.67
494260,Referral Program,04-03-2024,All,App,8222,586,20,4828.36,3839.77,2.82
734593,New User Discount,05-03-2024,Premium,App,1039,543,40,3280.08,5679.3,3.42
592600,Weekend Special,05-03-2024,New Users,Social Media,2823,741,68,2073.59,7566.97,2.27
426480,Festival Offer,05-03-2024,New Users,SMS,6554,735,46,4317.33,5962.84,1.95
765291,Flash Sale,05-03-2024,All,App,9078,721,34,3515.24,6387.18,2.75
378958,Membership Drive,05-03-2024,All,Social Media,4572,339,64,2584.31,9137.6,3.5
841308,Category Promotion,05-03-2024,Premium,SMS,7955,727,19,4683.69,4171.4,2.19
274702,App Push Notification,05-03-2024,Premium,Email,8415,894,17,4450.57,9045.85,2.09
652615,Email Campaign,05-03-2024,Inactive,Email,1061,234,47,2219.8,9557.58,2.68
154480,Referral Program,05-03-2024,All,App,2578,991,54,4010.7,7047.85,2.9
777445,New User Discount,06-03-2024,New Users,Social Media,7544,857,26,1173.06,9523.47,3.45
119836,Weekend Special,06-03-2024,Premium,Email,7945,840,88,4335.85,2977.36,3.91
513196,Festival Offer,06-03-2024,All,SMS,7723,570,91,1327.46,3243.37,3.95
131818,Flash Sale,06-03-2024,New Users,App,4591,501,28,3228.33,7505.28,1.77
758065,Membership Drive,06-03-2024,New Users,App,5597,625,77,1784.61,6829.9,3.38
545625,Category Promotion,06-03-2024,Inactive,Social Media,8917,405,25,3876.64,6615.64,2.13
654713,App Push Notification,06-03-2024,Premium,App,7788,345,20,4935.87,3271.1,2.02
212002,Email Campaign,06-03-2024,Inactive,App,1410,614,69,1543.53,2013.97,2.01
771929,Referral Program,06-03-2024,All,Social Media,9125,612,42,3523.93,8209.9,1.61
813630,New User Discount,07-03-2024,New Users,App,3192,243,35,4696.13,3620.02,2.34
174070,Weekend Special,07-03-2024,New Users,Social Media,9580,573,72,4307.3,9512.07,2.68
449624,Festival Offer,07-03-2024,Inactive,App,5643,341,72,2692.79,6083.63,2.6
578745,Flash Sale,07-03-2024,Premium,SMS,7538,325,63,4894.66,8779.62,2.93
365015,Membership Drive,07-03-2024,Premium,Email,3691,656,25,1017.87,9009.81,3.16
436730,Category Promotion,07-03-2024,New Users,App,5026,805,44,1213.33,4361.29,2.28
744662,App Push Notification,07-03-2024,Premium,App,7509,430,29,4546.24,6419.55,3.44
837486,Email Campaign,07-03-2024,Premium,Social Media,6704,329,43,2124.88,8993.65,2.57
974253,Referral Program,07-03-2024,Inactive,Email,7239,753,55,2507.52,7716.18,3.14
843128,New User Discount,08-03-2024,New Users,App,4696,503,25,3143.04,2285.83,3.33
247519,Weekend Special,08-03-2024,Inactive,Email,9068,402,60,3073.38,5849.12,2.98
259725,Festival Offer,08-03-2024,New Users,Social Media,4488,931,71,2935.19,9276.91,1.68
214821,Flash Sale,08-03-2024,Inactive,SMS,9891,1000,13,1473.14,8473.82,3.23
613617,Membership Drive,08-03-2024,Premium,Social Media,7542,770,26,3375.29,9514.86,3.33
741704,Category Promotion,08-03-2024,New Users,Email,5323,636,69,3436.98,3699.66,3.3
441650,App Push Notification,08-03-2024,All,SMS,7467,408,94,2408.69,2629.15,3.71
92354,Email Campaign,08-03-2024,New Users,Email,7327,695,45,4550.85,3360.15,1.9
503333,Referral Program,08-03-2024,All,Email,4604,439,19,3350.09,9910.92,3.96
525361,New User Discount,09-03-2024,Inactive,Email,9436,799,57,4872.77,7498.33,1.52
486379,Weekend Special,09-03-2024,Inactive,SMS,4771,786,52,4744.12,2079.61,3.04
157257,Festival Offer,09-03-2024,All,Email,7755,820,13,4293.32,8973.84,1.58
743218,Flash Sale,09-03-2024,Premium,App,9791,943,89,4234.28,4946.05,2.88
275662,Membership Drive,09-03-2024,Premium,SMS,8994,103,69,2021.37,5701.5,2.82
591744,Category Promotion,09-03-2024,All,App,9048,235,80,4637.6,2165.87,2.75
573637,App Push Notification,09-03-2024,Premium,SMS,9112,571,44,2846.82,5104.19,3.49
798031,Email Campaign,09-03-2024,All,SMS,2569,487,98,1847.17,8706.56,3.86
532617,Referral Program,09-03-2024,Premium,Social Media,4456,958,41,4045.24,9905.61,3.79
200252,New User Discount,10-03-2024,New Users,SMS,5646,155,60,3885.79,8206.45,2.35
3150,Weekend Special,10-03-2024,Inactive,SMS,5161,567,59,4543.32,6666.36,3.53
712731,Festival Offer,10-03-2024,New Users,SMS,2605,102,44,4049.95,5521.79,3.99
307151,Flash Sale,10-03-2024,Premium,Social Media,1057,325,31,1154.77,6488.55,2.34
516987,Membership Drive,10-03-2024,Premium,Email,5226,164,30,1382.59,2452.79,1.62
868614,Category Promotion,10-03-2024,Inactive,Email,3592,399,73,3158.22,5524.82,3.04
165974,App Push Notification,10-03-2024,Inactive,App,1717,236,63,1465.3,5645.18,2.42
39018,Email Campaign,10-03-2024,Premium,Social Media,1647,760,10,4785.12,9106.99,3.03
956088,Referral Program,10-03-2024,All,Email,7724,146,41,1227.5,5103.58,2.27
794791,New User Discount,11-03-2024,All,Email,4447,188,100,2819.8,6868.98,3.94
422123,Weekend Special,11-03-2024,Inactive,Email,9610,122,66,2737.36,9434.29,2.27
114729,Festival Offer,11-03-2024,All,App,6866,632,78,1635.02,3510,3.83
526159,Flash Sale,11-03-2024,Inactive,Email,7023,241,79,3837.53,7509.16,2.15
231907,Membership Drive,11-03-2024,Inactive,SMS,3545,841,23,2402.72,3252.91,3.91
705620,Category Promotion,11-03-2024,Premium,App,3451,288,47,3988.62,4172.21,2.28
145252,App Push Notification,11-03-2024,New Users,App,1243,150,93,2712.62,9106.36,3.65
490363,Email Campaign,11-03-2024,New Users,App,9379,677,47,3070.48,2785.88,1.99
683689,Referral Program,11-03-2024,New Users,App,4751,576,53,2824.48,6219.47,2.49
937487,New User Discount,12-03-2024,Premium,Social Media,5363,580,78,3129.09,7697.48,3.79
417513,Weekend Special,12-03-2024,Premium,App,8111,718,22,3046.05,4911.12,2.67
324114,Festival Offer,12-03-2024,New Users,SMS,9634,972,40,1902.96,9042.31,1.59
673536,Flash Sale,12-03-2024,Inactive,SMS,6997,939,67,1368.64,2353.05,2.59
12695,Membership Drive,12-03-2024,New Users,Email,2355,127,40,3706.77,3900.23,3.58
827353,Category Promotion,12-03-2024,Premium,Social Media,9405,597,83,3808.29,5823.49,1.59
317173,App Push Notification,12-03-2024,Inactive,Email,3476,990,88,1234.44,6061.31,2.16
841238,Email Campaign,12-03-2024,All,Email,2261,792,12,3941.71,7485.64,3.35
351472,Referral Program,12-03-2024,Inactive,SMS,4437,231,49,4390.95,2272.89,1.77
916532,New User Discount,13-03-2024,All,Social Media,6082,267,83,3480.71,8641.83,2.34
894145,Weekend Special,13-03-2024,Inactive,App,7301,340,68,4052.07,5530.66,2.28
77413,Festival Offer,13-03-2024,New Users,SMS,1435,247,72,3257.92,6781.99,3.68
512576,Flash Sale,13-03-2024,All,Email,5832,685,13,1719.06,6200.13,1.79
12188,Membership Drive,13-03-2024,All,Email,3946,823,97,1367.61,2995.36,2.62
565330,Category Promotion,13-03-2024,All,Social Media,6899,423,34,4207.54,3852.69,1.93
662758,App Push Notification,13-03-2024,Premium,Email,1525,995,39,4490.35,3136.61,1.94
424253,Email Campaign,13-03-2024,New Users,Email,4749,496,97,4375.28,5372.09,2.09
448004,Referral Program,13-03-2024,Premium,Email,2159,382,75,2388.84,2231.23,1.61
849840,New User Discount,14-03-2024,Premium,App,9956,522,19,2187.45,4806.09,1.76
204027,Weekend Special,14-03-2024,New Users,SMS,2715,568,89,4657.15,3768.93,3.22
866260,Festival Offer,14-03-2024,New Users,Social Media,6688,101,40,4601.1,7895.09,2
135884,Flash Sale,14-03-2024,All,App,9855,565,60,2749.42,3199.97,2.28
561147,Membership Drive,14-03-2024,Premium,SMS,8400,346,56,4874.31,9677.5,3.89
867075,Category Promotion,14-03-2024,Inactive,Email,2543,818,65,4015.45,5083.81,2.81
267540,App Push Notification,14-03-2024,All,Email,1295,859,76,1451.85,4795.73,3.54
313369,Email Campaign,14-03-2024,New Users,Social Media,3923,720,46,2959.96,3220.59,2.49
236134,Referral Program,14-03-2024,New Users,App,4718,177,79,2369.8,3029.96,2.48
850144,New User Discount,15-03-2024,All,App,1741,654,53,2732.94,3525.89,1.84
550961,Weekend Special,15-03-2024,All,Email,9666,232,94,2945.26,4051.92,2.73
817297,Festival Offer,15-03-2024,All,App,8577,997,80,4836.63,2881.32,1.65
42413,Flash Sale,15-03-2024,Premium,App,4998,512,42,4436.58,3213.25,2.64
348048,Membership Drive,15-03-2024,All,App,9515,585,37,3637.61,2319.59,3.06
2160,Category Promotion,15-03-2024,Premium,App,1020,679,50,3036.79,2364.06,3.75
748154,App Push Notification,15-03-2024,New Users,SMS,2935,337,50,4319.2,8080.02,2.69
829478,Email Campaign,15-03-2024,All,Social Media,8535,260,100,2000.22,4218.16,3.31
807552,Referral Program,15-03-2024,Premium,Social Media,4678,464,88,4022.87,4534.37,1.76
579876,New User Discount,16-03-2024,Inactive,App,1138,446,56,1319.59,3569.7,3.86
510307,Weekend Special,16-03-2024,Premium,App,5731,423,61,1716.16,4228.37,1.75
591422,Festival Offer,16-03-2024,All,Social Media,1235,895,92,3485.59,5891.55,1.62
270543,Flash Sale,16-03-2024,All,App,5933,144,86,2996.43,9355.24,1.57
746538,Membership Drive,16-03-2024,Inactive,Email,7185,822,13,2230.63,6235.43,3.26
44489,Category Promotion,16-03-2024,All,SMS,6667,138,78,1790.29,8926.84,2.03
745972,App Push Notification,16-03-2024,New Users,App,7777,664,35,2471.22,7683.54,3.51
641544,Email Campaign,16-03-2024,All,Social Media,2446,764,41,2355.08,8951.39,2.05
599023,Referral Program,16-03-2024,Premium,Email,6355,151,66,2002.28,2814.77,2.03
841363,New User Discount,17-03-2024,All,SMS,8690,229,81,3569.72,6958.56,3.52
673065,Weekend Special,17-03-2024,Inactive,SMS,2244,558,73,3373.86,7705.63,3.75
951796,Festival Offer,17-03-2024,Premium,Email,3869,842,54,4168.65,6522.81,3.21
664932,Flash Sale,17-03-2024,Inactive,SMS,9273,610,14,3069.41,3812.98,3.95
157297,Membership Drive,17-03-2024,New Users,Email,7363,320,84,4658.28,2730.62,3.81
164801,Category Promotion,17-03-2024,All,SMS,4767,787,45,2545.12,5262.99,2.43
313052,App Push Notification,17-03-2024,All,Email,6498,301,31,3609.64,5966.57,2.57
571580,Email Campaign,17-03-2024,All,Social Media,5169,586,55,3175.83,7319.27,3.02
873529,Referral Program,17-03-2024,Inactive,Social Media,2208,758,19,4888.46,4754.87,2.2
904981,New User Discount,18-03-2024,All,App,8856,624,50,4809.1,7618.15,2.83
775865,Weekend Special,18-03-2024,New Users,Social Media,4799,215,35,4829.48,9478.46,2.54
943871,Festival Offer,18-03-2024,All,Social Media,3583,677,79,4930.41,6335.02,3.64
575160,Flash Sale,18-03-2024,Premium,Social Media,1080,268,88,1166.62,9934.29,2.26
764055,Membership Drive,18-03-2024,Premium,App,9129,559,85,3853.18,2146.19,2.79
160497,Category Promotion,18-03-2024,Inactive,Social Media,6403,364,81,4086.05,5726.96,2.55
518398,App Push Notification,18-03-2024,All,Social Media,2894,165,30,2701.94,2464.14,2.38
949672,Email Campaign,18-03-2024,All,Social Media,5638,224,47,4446.59,9028.29,3.01
748860,Referral Program,18-03-2024,Inactive,SMS,2000,250,70,3960.95,3973.5,1.95
374455,New User Discount,19-03-2024,Inactive,App,8771,503,33,3316.29,6152.35,2.91
752177,Weekend Special,19-03-2024,Inactive,Social Media,8640,913,18,1975.76,3535.63,3.15
270761,Festival Offer,19-03-2024,New Users,Social Media,2626,355,44,4095.33,8028.15,3.9
486620,Flash Sale,19-03-2024,Premium,App,1522,956,90,4510.68,7902.93,2.83
539620,Membership Drive,19-03-2024,New Users,Email,8202,243,27,3321.52,7560.76,2.06
436295,Category Promotion,19-03-2024,New Users,App,1894,601,83,2611.81,4164.06,2.48
103601,App Push Notification,19-03-2024,New Users,Email,4920,549,85,4019.69,4253.31,3.39
768487,Email Campaign,19-03-2024,All,Social Media,4674,673,26,2386.97,6244.16,2.23
481810,Referral Program,19-03-2024,All,App,9717,151,93,3297.1,4659.47,3.93
220016,New User Discount,20-03-2024,Premium,SMS,6215,617,83,3293.65,7007.84,2.65
304235,Weekend Special,20-03-2024,Inactive,Email,4087,464,87,3608.03,3746.11,2.65
495308,Festival Offer,20-03-2024,New Users,Email,3426,637,47,3865.72,7015.8,3.31
39894,Flash Sale,20-03-2024,Premium,Email,5559,987,80,3334.39,3608.22,2.62
82548,Membership Drive,20-03-2024,Premium,Email,9360,846,42,4633.27,8996.5,2.19
959986,Category Promotion,20-03-2024,All,Email,9349,680,42,3953.12,9492.35,3.86
171869,App Push Notification,20-03-2024,Inactive,SMS,9764,934,26,1118.46,9686.32,1.67
666701,Email Campaign,20-03-2024,Premium,Social Media,7128,767,30,3485.45,8650.34,2.45
622127,Referral Program,20-03-2024,New Users,Email,9195,904,33,4167.29,8796.73,3.78
967975,New User Discount,21-03-2024,New Users,SMS,8668,486,73,4317.76,3415.1,2.01
731517,Weekend Special,21-03-2024,New Users,Social Media,5020,604,25,4799.5,7544.47,1.91
381919,Festival Offer,21-03-2024,Premium,Email,3502,329,70,2827.64,7409.71,2.39
243538,Flash Sale,21-03-2024,Inactive,SMS,7904,223,83,4769.06,3244.6,2.08
914343,Membership Drive,21-03-2024,All,Email,2005,722,46,2094.66,7978.4,2.47
809322,Category Promotion,21-03-2024,Inactive,Social Media,4777,811,99,1196.88,7198.13,3.12
182422,App Push Notification,21-03-2024,New Users,Email,2109,937,18,2351.5,8164.92,2.15
571373,Email Campaign,21-03-2024,New Users,Email,2971,442,20,1289.51,2641.87,3.19
632679,Referral Program,21-03-2024,New Users,Email,9931,560,77,3929.23,8476.79,2.69
65468,New User Discount,22-03-2024,New Users,SMS,6566,617,67,3180.92,4394.76,3.52
166794,Weekend Special,22-03-2024,All,App,4118,727,71,3802.91,2787.33,2.39
629004,Festival Offer,22-03-2024,All,Social Media,6895,969,14,1032.29,2720.77,3.68
46863,Flash Sale,22-03-2024,All,SMS,6698,887,53,4771.62,6089.03,2.52
729324,Membership Drive,22-03-2024,All,Social Media,8498,509,28,1764.3,6930.76,1.77
170674,Category Promotion,22-03-2024,New Users,Social Media,7241,254,41,4224.48,2876.98,2.17
752197,App Push Notification,22-03-2024,Premium,Email,2570,279,91,2777.74,9048.38,2.76
244348,Email Campaign,22-03-2024,All,SMS,1362,937,46,4380.99,9341.48,1.83
451804,Referral Program,22-03-2024,Premium,Social Media,8259,555,25,4768.81,8200.17,3.07
558344,New User Discount,23-03-2024,Premium,Social Media,5575,158,35,3758.85,5741.52,3.61
26716,Weekend Special,23-03-2024,Inactive,Social Media,1632,668,83,2733.1,8441.65,2.59
582106,Festival Offer,23-03-2024,Inactive,Social Media,1533,339,73,1720.96,4321.16,1.73
43680,Flash Sale,23-03-2024,New Users,Email,2410,953,98,1468.31,9219.99,3.91
18616,Membership Drive,23-03-2024,Premium,SMS,5483,174,56,1713.38,4795.15,2.5
993106,Category Promotion,23-03-2024,New Users,Email,9844,119,100,4427.22,3238.31,3.21
147387,App Push Notification,23-03-2024,Premium,App,1508,653,73,3629.17,3447.31,2.46
234282,Email Campaign,23-03-2024,New Users,Email,1512,686,51,2458.92,9792.05,3.94
177706,Referral Program,23-03-2024,All,Email,6742,558,68,1729.06,9872.92,2.47
196863,New User Discount,24-03-2024,Premium,Email,4450,442,69,4336.01,2222.39,3.68
776458,Weekend Special,24-03-2024,Inactive,App,1399,999,45,4826.6,7276.64,2.31
259144,Festival Offer,24-03-2024,Inactive,App,5555,187,96,3832.19,6495.92,3.12
517328,Flash Sale,24-03-2024,Premium,Email,1424,367,45,2384.97,2171.8,1.83
73962,Membership Drive,24-03-2024,Premium,Email,5615,633,50,4676.65,2678.89,2.99
294729,Category Promotion,24-03-2024,New Users,SMS,2026,476,65,4032.92,9828.4,2.12
495970,App Push Notification,24-03-2024,Inactive,Social Media,6868,845,32,3844.36,7566.56,3.92
507330,Email Campaign,24-03-2024,New Users,SMS,8744,588,48,1417.98,7441.58,3.94
576493,Referral Program,24-03-2024,New Users,Social Media,8042,930,67,4062.45,6111.86,1.83
921820,New User Discount,25-03-2024,Inactive,Social Media,7959,208,56,3676.43,4008.43,1.79
338641,Weekend Special,25-03-2024,All,SMS,1235,906,31,2206.57,2902.95,3.01
490836,Festival Offer,25-03-2024,Premium,Social Media,8648,844,39,4735.08,2710.45,3.17
425282,Flash Sale,25-03-2024,Inactive,SMS,1120,399,32,1030.3,4298.01,3.13
283840,Membership Drive,25-03-2024,New Users,Social Media,5645,383,47,3391.22,2038.2,1.53
935100,Category Promotion,25-03-2024,New Users,Email,5720,403,80,4432.67,3579.21,3.79
490580,App Push Notification,25-03-2024,Premium,App,8382,426,65,4561.83,3639.58,3.87
468081,Email Campaign,25-03-2024,New Users,Email,7219,470,40,1036.96,5590.68,2.38
303217,Referral Program,25-03-2024,All,SMS,4058,425,16,4007.24,6718.79,1.63
409294,New User Discount,26-03-2024,All,Social Media,8049,180,56,1652.06,6398.53,1.7
26622,Weekend Special,26-03-2024,Inactive,Social Media,2245,819,88,3905.88,9876.04,1.62
411777,Festival Offer,26-03-2024,All,SMS,5113,250,67,1410.51,5775.58,3.38
417415,Flash Sale,26-03-2024,New Users,Email,6483,502,24,1161.23,2350.27,3.38
830348,Membership Drive,26-03-2024,Inactive,Email,1442,398,61,4396,7176.23,2.18
550041,Category Promotion,26-03-2024,Inactive,App,8263,663,31,4539.81,8148.18,2.79
436035,App Push Notification,26-03-2024,All,App,3980,254,76,2640.97,6511.7,1.93
179518,Email Campaign,26-03-2024,Inactive,SMS,8918,116,28,4857.56,3563.92,2.67
915655,Referral Program,26-03-2024,Premium,SMS,6409,547,38,3593.8,9735.93,2.3
328730,New User Discount,27-03-2024,All,Social Media,1193,482,55,1959.62,9576.12,1.75
171571,Weekend Special,27-03-2024,Premium,SMS,3972,699,62,3848.47,4772.15,2.66
51281,Festival Offer,27-03-2024,New Users,Email,8387,732,92,4988.66,4619.99,1.99
57219,Flash Sale,27-03-2024,Premium,Email,9351,445,74,3158.94,8779.02,3.4
933572,Membership Drive,27-03-2024,New Users,SMS,5668,833,89,4846.54,3920.06,2.64
730069,Category Promotion,27-03-2024,All,Email,5941,799,20,3699.9,3821.61,2.26
662344,App Push Notification,27-03-2024,All,SMS,5036,388,73,1793.06,4621.48,2.19
36917,Email Campaign,27-03-2024,All,App,9733,246,44,1675.77,2682.32,3.72
165491,Referral Program,27-03-2024,All,Social Media,7600,252,34,4675.36,5647.83,2.09
111010,New User Discount,28-03-2024,New Users,SMS,5893,262,80,3923.61,6947.31,3.23
233488,Weekend Special,28-03-2024,Inactive,App,6198,152,26,1013.03,3583.59,1.96
876984,Festival Offer,28-03-2024,New Users,App,7149,431,31,4194.82,4228.99,2.88
300232,Flash Sale,28-03-2024,New Users,Email,9717,296,15,1078.82,9747.82,2.89
985659,Membership Drive,28-03-2024,Inactive,SMS,9434,762,31,3524.13,9767.11,1.83
842494,Category Promotion,28-03-2024,New Users,Social Media,9687,749,16,2233.04,9962.06,1.61
23162,App Push Notification,28-03-2024,Inactive,Social Media,1821,631,88,2508.33,7230.66,1.85
394528,Email Campaign,28-03-2024,Premium,Social Media,7379,563,80,4417.7,9426.92,3.49
362901,Referral Program,28-03-2024,Inactive,App,4875,444,23,1196.79,4615.81,2.7
540343,New User Discount,29-03-2024,New Users,SMS,3745,768,22,4035.3,6452.21,2.28
17641,Weekend Special,29-03-2024,New Users,SMS,8099,674,64,4597.61,5540.33,3.68
629145,Festival Offer,29-03-2024,Premium,Email,5988,879,50,1284.69,7807.86,2.86
923842,Flash Sale,29-03-2024,Premium,App,7604,793,48,3017.08,4874.88,3.74
262063,Membership Drive,29-03-2024,Inactive,SMS,7850,664,65,1152.04,2894.01,2.62
506700,Category Promotion,29-03-2024,Inactive,Social Media,1789,653,15,4707.06,6662.8,3.4
413373,App Push Notification,29-03-2024,Inactive,App,6929,268,82,1970.09,5730.36,3.74
963433,Email Campaign,29-03-2024,Premium,Social Media,7464,734,57,2036.31,3866.16,2.74
849917,Referral Program,29-03-2024,All,App,8627,194,29,1822.32,5144.43,2.92
918979,New User Discount,30-03-2024,All,SMS,6749,615,64,2142.89,6912.39,1.59
975017,Weekend Special,30-03-2024,All,App,3734,221,62,3750.76,8216.2,2.78
240482,Festival Offer,30-03-2024,All,Email,7488,773,20,3308.74,2197.59,2.82
312796,Flash Sale,30-03-2024,Premium,Email,6977,413,73,1302.75,4966.35,2.08
888861,Membership Drive,30-03-2024,Premium,Email,8539,997,73,1448.16,3747.96,1.89
207330,Category Promotion,30-03-2024,All,Email,7177,345,80,1291.92,8301.93,1.7
837665,App Push Notification,30-03-2024,Premium,Social Media,8887,165,74,4383.41,8230.54,3.86
232119,Email Campaign,30-03-2024,Premium,Email,1699,666,25,3099.95,6431.8,3.24
431898,Referral Program,30-03-2024,All,Email,1185,800,59,1789.62,3237.07,2.65
355295,New User Discount,31-03-2024,All,App,2937,852,89,3872.53,7741.22,3.52
46335,Weekend Special,31-03-2024,Premium,App,4376,118,88,2452.93,3756.15,3.59
831926,Festival Offer,31-03-2024,Inactive,Email,6489,966,16,4405.44,5865.16,3.96
548235,Flash Sale,31-03-2024,New Users,SMS,3845,362,33,3910.98,6008.41,2.09
616611,Membership Drive,31-03-2024,All,Email,7664,764,85,2883.9,7410.05,2.68
172828,Category Promotion,31-03-2024,Inactive,Email,8250,932,89,1849.9,7766.43,3.6
591365,App Push Notification,31-03-2024,Inactive,Social Media,9219,708,60,3166.69,4103.08,2.78
1604,Email Campaign,31-03-2024,Premium,App,6379,502,89,3522.99,6315.41,3.53
481412,Referral Program,31-03-2024,Premium,App,8858,135,12,1032.94,8122.27,3.28
,,,,,,,,,,
,,,,,,,,,,
,,,,,,,,,,
,,,,,,,,,,
,,,,,,,,,,
,,,,,,,,,,
,,,,,,,,,,
,,,,,,,,,,
,,,,,,,,,,
,,,,,,,,,,
,,,,,,,,,,
,,,,,,,,,,
,,,,,,,,,,
,,,,,,,,,,
,,,,,,,,,,
,,,,,,,,,,
,,,,,,,,,,
,,,,,,,,,,
,,,,,,,,,,
,,,,,,,,,,
,,,,,,,,,,
,,,,,,,,,,
,,,,,,,,,,
,,,,,,,,,,
,,,,,,,,,,
,,,,,,,,,,
,,,,,,,,,,
,,,,,,,,,,
,,,,,,,,,,
,,,,,,,,,,
,,,,,,,,,,
,,,,,,,,,,
,,,,,,,,,,
,,,,,,,,,,
,,,,,,,,,,
,,,,,,,,,,
,,,,,,,,,,
,,,,,,,,,,
,,,,,,,,,,
,,,,,,,,,,
,,,,,,,,,,
,,,,,,,,,,
,,,,,,,,,,
,,,,,,,,,,
,,,,,,,,,,
,,,,,,,,,,
,,,,,,,,,,
,,,,,,,,,,
,,,,,,,,,,
,,,,,,,,,,
,,,,,,,,,,
,,,,,,,,,,
,,,,,,,,,,
,,,,,,,,,,
,,,,,,,,,,
,,,,,,,,,,
,,,,,,,,,,
,,,,,,,,,,
,,,,,,,,,,
,,,,,,,,,,
,,,,,,,,,,
,,,,,,,,,,
,,,,,,,,,,
,,,,,,,,,,
,,,,,,,,,,
,,,,,,,,,,
,,,,,,,,,,
,,,,,,,,,,
,,,,,,,,,,
,,,,,,,,,,
,,,,,,,,,,
,,,,,,,,,,
,,,,,,,,,,
,,,,,,,,,,
,,,,,,,,,,
,,,,,,,,,,
,,,,,,,,,,
,,,,,,,,,,
,,,,,,,,,,
,,,,,,,,,,
,,,,,,,,,,
,,,,,,,,,,
,,,,,,,,,,
,,,,,,,,,,
,,,,,,,,,,
,,,,,,,,,,
,,,,,,,,,,
,,,,,,,,,,
,,,,,,,,,,
,,,,,,,,,,
,,,,,,,,,,
,,,,,,,,,,
,,,,,,,,,,
,,,,,,,,,,
,,,,,,,,,,
,,,,,,,,,,
,,,,,,,,,,
,,,,,,,,,,
,,,,,,,,,,
,,,,,,,,,,
,,,,,,,,,,
,,,,,,,,,,
,,,,,,,,,,
,,,,,,,,,,
,,,,,,,,,,
,,,,,,,,,,
,,,,,,,,,,
,,,,,,,,,,
,,,,,,,,,,
,,,,,,,,,,
,,,,,,,,,,
,,,,,,,,,,
,,,,,,,,,,
,,,,,,,,,,
,,,,,,,,,,
,,,,,,,,,,
,,,,,,,,,,
,,,,,,,,,,
,,,,,,,,,,
,,,,,,,,,,
,,,,,,,,,,
,,,,,,,,,,
,,,,,,,,,,
,,,,,,,,,,
,,,,,,,,,,
,,,,,,,,,,
,,,,,,,,,,
,,,,,,,,,,
,,,,,,,,,,
,,,,,,,,,,
,,,,,,,,,,
,,,,,,,,,,
,,,,,,,,,,
,,,,,,,,,,
,,,,,,,,,,
,,,,,,,,,,
,,,,,,,,,,
,,,,,,,,,,
,,,,,,,,,,
,,,,,,,,,,
,,,,,,,,,,
,,,,,,,,,,
,,,,,,,,,,
,,,,,,,,,,
,,,,,,,,,,
,,,,,,,,,,
,,,,,,,,,,
,,,,,,,,,,
,,,,,,,,,,
,,,,,,,,,,
,,,,,,,,,,
,,,,,,,,,,
,,,,,,,,,,
,,,,,,,,,,
,,,,,,,,,,
,,,,,,,,,,
,,,,,,,,,,
,,,,,,,,,,
,,,,,,,,,,
,,,,,,,,,,
,,,,,,,,,,
,,,,,,,,,,
,,,,,,,,,,
,,,,,,,,,,
,,,,,,,,,,
,,,,,,,,,,
,,,,,,,,,,
,,,,,,,,,,
,,,,,,,,,,
,,,,,,,,,,
,,,,,,,,,,
,,,,,,,,,,
,,,,,,,,,,
,,,,,,,,,,
,,,,,,,,,,
,,,,,,,,,,
,,,,,,,,,,
,,,,,,,,,,
,,,,,,,,,,
,,,,,,,,,,
,,,,,,,,,,
,,,,,,,,,,
,,,,,,,,,,
,,,,,,,,,,
,,,,,,,,,,
,,,,,,,,,,
,,,,,,,,,,
,,,,,,,,,,
,,,,,,,,,,
,,,,,,,,,,
,,,,,,,,,,
,,,,,,,,,,
,,,,,,,,,,
,,,,,,,,,,
,,,,,,,,,,
,,,,,,,,,,
,,,,,,,,,,
,,,,,,,,,,
,,,,,,,,,,
,,,,,,,,,,
,,,,,,,,,,
,,,,,,,,,,
,,,,,,,,,,
,,,,,,,,,,
,,,,,,,,,,
,,,,,,,,,,
,,,,,,,,,,
,,,,,,,,,,
,,,,,,,,,,
,,,,,,,,,,
,,,,,,,,,,
,,,,,,,,,,
,,,,,,,,,,
,,,,,,,,,,
,,,,,,,,,,
,,,,,,,,,,
,,,,,,,,,,
,,,,,,,,,,
,,,,,,,,,,
,,,,,,,,,,
,,,,,,,,,,
,,,,,,,,,,
,,,,,,,,,,
,,,,,,,,,,
,,,,,,,,,,
,,,,,,,,,,
,,,,,,,,,,
,,,,,,,,,,
,,,,,,,,,,
,,,,,,,,,,
,,,,,,,,,,
,,,,,,,,,,
,,,,,,,,,,
,,,,,,,,,,
,,,,,,,,,,
,,,,,,,,,,
,,,,,,,,,,
,,,,,,,,,,
,,,,,,,,,,
,,,,,,,,,,
,,,,,,,,,,
,,,,,,,,,,
,,,,,,,,,,
,,,,,,,,,,
,,,,,,,,,,
,,,,,,,,,,
,,,,,,,,,,
,,,,,,,,,,
,,,,,,,,,,
,,,,,,,,,,
,,,,,,,,,,
,,,,,,,,,,
,,,,,,,,,,
,,,,,,,,,,
,,,,,,,,,,
,,,,,,,,,,
,,,,,,,,,,
,,,,,,,,,,
,,,,,,,,,,
,,,,,,,,,,
,,,,,,,,,,
,,,,,,,,,,
,,,,,,,,,,
,,,,,,,,,,
,,,,,,,,,,
,,,,,,,,,,
,,,,,,,,,,
,,,,,,,,,,
,,,,,,,,,,
,,,,,,,,,,
,,,,,,,,,,
,,,,,,,,,,
,,,,,,,,,,
,,,,,,,,,,
,,,,,,,,,,
,,,,,,,,,,
,,,,,,,,,,
,,,,,,,,,,
,,,,,,,,,,
,,,,,,,,,,
,,,,,,,,,,
,,,,,,,,,,
,,,,,,,,,,
,,,,,,,,,,
,,,,,,,,,,
,,,,,,,,,,
,,,,,,,,,,
,,,,,,,,,,
,,,,,,,,,,
,,,,,,,,,,
,,,,,,,,,,
,,,,,,,,,,
,,,,,,,,,,
,,,,,,,,,,
,,,,,,,,,,
,,,,,,,,,,
,,,,,,,,,,
,,,,,,,,,,
,,,,,,,,,,
,,,,,,,,,,
,,,,,,,,,,
,,,,,,,,,,
,,,,,,,,,,
,,,,,,,,,,
,,,,,,,,,,
,,,,,,,,,,
,,,,,,,,,,
,,,,,,,,,,
,,,,,,,,,,
,,,,,,,,,,
,,,,,,,,,,
,,,,,,,,,,
,,,,,,,,,,
,,,,,,,,,,
,,,,,,,,,,
,,,,,,,,,,
,,,,,,,,,,
,,,,,,,,,,
,,,,,,,,,,
,,,,,,,,,,
,,,,,,,,,,
,,,,,,,,,,
,,,,,,,,,,
,,,,,,,,,,
,,,,,,,,,,
,,,,,,,,,,
,,,,,,,,,,
,,,,,,,,,,
,,,,,,,,,,
,,,,,,,,,,
,,,,,,,,,,
,,,,,,,,,,
,,,,,,,,,,
,,,,,,,,,,
,,,,,,,,,,
,,,,,,,,,,
,,,,,,,,,,
,,,,,,,,,,
,,,,,,,,,,
,,,,,,,,,,
,,,,,,,,,,
,,,,,,,,,,
,,,,,,,,,,
,,,,,,,,,,
,,,,,,,,,,
,,,,,,,,,,
,,,,,,,,,,
,,,,,,,,,,
,,,,,,,,,,
,,,,,,,,,,
,,,,,,,,,,
,,,,,,,,,,
,,,,,,,,,,
,,,,,,,,,,
,,,,,,,,,,
,,,,,,,,,,
,,,,,,,,,,
,,,,,,,,,,
,,,,,,,,,,
,,,,,,,,,,
,,,,,,,,,,
,,,,,,,,,,
,,,,,,,,,,
,,,,,,,,,,
,,,,,,,,,,
,,,,,,,,,,
,,,,,,,,,,
,,,,,,,,,,
,,,,,,,,,,
,,,,,,,,,,
,,,,,,,,,,
,,,,,,,,,,
,,,,,,,,,,
,,,,,,,,,,
,,,,,,,,,,
,,,,,,,,,,
,,,,,,,,,,
,,,,,,,,,,
,,,,,,,,,,
,,,,,,,,,,
,,,,,,,,,,
,,,,,,,,,,
,,,,,,,,,,
,,,,,,,,,,
,,,,,,,,,,
,,,,,,,,,,
,,,,,,,,,,
,,,,,,,,,,
,,,,,,,,,,
,,,,,,,,,,
,,,,,,,,,,
,,,,,,,,,,
,,,,,,,,,,
,,,,,,,,,,
,,,,,,,,,,
,,,,,,,,,,
,,,,,,,,,,
,,,,,,,,,,
,,,,,,,,,,
,,,,,,,,,,
,,,,,,,,,,
,,,,,,,,,,
,,,,,,,,,,
,,,,,,,,,,
,,,,,,,,,,
,,,,,,,,,,
,,,,,,,,,,
,,,,,,,,,,
,,,,,,,,,,
,,,,,,,,,,
,,,,,,,,,,
,,,,,,,,,,
,,,,,,,,,,
,,,,,,,,,,
,,,,,,,,,,
,,,,,,,,,,
,,,,,,,,,,
,,,,,,,,,,
,,,,,,,,,,
,,,,,,,,,,
,,,,,,,,,,
,,,,,,,,,,
,,,,,,,,,,
,,,,,,,,,,
,,,,,,,,,,
,,,,,,,,,,
,,,,,,,,,,
,,,,,,,,,,
,,,,,,,,,,
,,,,,,,,,,
,,,,,,,,,,
,,,,,,,,,,
,,,,,,,,,,
,,,,,,,,,,
,,,,,,,,,,
,,,,,,,,,,
,,,,,,,,,,
,,,,,,,,,,
,,,,,,,,,,
,,,,,,,,,,
,,,,,,,,,,
,,,,,,,,,,
,,,,,,,,,,
,,,,,,,,,,
,,,,,,,,,,
,,,,,,,,,,
,,,,,,,,,,
,,,,,,,,,,
,,,,,,,,,,
,,,,,,,,,,
,,,,,,,,,,
,,,,,,,,,,
,,,,,,,,,,
,,,,,,,,,,
,,,,,,,,,,
,,,,,,,,,,
,,,,,,,,,,
,,,,,,,,,,
,,,,,,,,,,
,,,,,,,,,,
,,,,,,,,,,
,,,,,,,,,,
,,,,,,,,,,
,,,,,,,,,,
,,,,,,,,,,
,,,,,,,,,,
,,,,,,,,,,
,,,,,,,,,,
,,,,,,,,,,
,,,,,,,,,,
,,,,,,,,,,
,,,,,,,,,,
,,,,,,,,,,
,,,,,,,,,,
,,,,,,,,,,
,,,,,,,,,,
,,,,,,,,,,
,,,,,,,,,,
,,,,,,,,,,
,,,,,,,,,,
,,,,,,,,,,
,,,,,,,,,,
,,,,,,,,,,
,,,,,,,,,,
,,,,,,,,,,
,,,,,,,,,,
,,,,,,,,,,
,,,,,,,,,,
,,,,,,,,,,
,,,,,,,,,,
,,,,,,,,,,
,,,,,,,,,,
,,,,,,,,,,
,,,,,,,,,,
,,,,,,,,,,
,,,,,,,,,,
,,,,,,,,,,
,,,,,,,,,,
,,,,,,,,,,
,,,,,,,,,,
,,,,,,,,,,
,,,,,,,,,,
,,,,,,,,,,
,,,,,,,,,,
,,,,,,,,,,
,,,,,,,,,,
,,,,,,,,,,
,,,,,,,,,,
,,,,,,,,,,
,,,,,,,,,,
,,,,,,,,,,
,,,,,,,,,,
,,,,,,,,,,
,,,,,,,,,,
,,,,,,,,,,
,,,,,,,,,,
,,,,,,,,,,
,,,,,,,,,,
,,,,,,,,,,
,,,,,,,,,,
,,,,,,,,,,
,,,,,,,,,,
,,,,,,,,,,
,,,,,,,,,,
,,,,,,,,,,
,,,,,,,,,,
,,,,,,,,,,
,,,,,,,,,,
,,,,,,,,,,
,,,,,,,,,,
,,,,,,,,,,
,,,,,,,,,,
,,,,,,,,,,
,,,,,,,,,,
,,,,,,,,,,
,,,,,,,,,,
,,,,,,,,,,
,,,,,,,,,,
,,,,,,,,,,
,,,,,,,,,,
,,,,,,,,,,
,,,,,,,,,,
,,,,,,,,,,
,,,,,,,,,,
,,,,,,,,,,
,,,,,,,,,,
,,,,,,,,,,
,,,,,,,,,,
,,,,,,,,,,
,,,,,,,,,,
,,,,,,,,,,
,,,,,,,,,,
,,,,,,,,,,
,,,,,,,,,,
,,,,,,,,,,
,,,,,,,,,,
,,,,,,,,,,
,,,,,,,,,,
,,,,,,,,,,
,,,,,,,,,,
,,,,,,,,,,
,,,,,,,,,,
,,,,,,,,,,
,,,,,,,,,,
,,,,,,,,,,
,,,,,,,,,,
,,,,,,,,,,
,,,,,,,,,,
,,,,,,,,,,
,,,,,,,,,,
,,,,,,,,,,
,,,,,,,,,,
,,,,,,,,,,
,,,,,,,,,,
,,,,,,,,,,
,,,,,,,,,,
,,,,,,,,,,
,,,,,,,,,,
,,,,,,,,,,
,,,,,,,,,,
,,,,,,,,,,
,,,,,,,,,,
,,,,,,,,,,
,,,,,,,,,,
,,,,,,,,,,
,,,,,,,,,,
,,,,,,,,,,
,,,,,,,,,,
,,,,,,,,,,
,,,,,,,,,,
,,,,,,,,,,
,,,,,,,,,,
,,,,,,,,,,
,,,,,,,,,,
,,,,,,,,,,
,,,,,,,,,,
,,,,,,,,,,
,,,,,,,,,,
,,,,,,,,,,
,,,,,,,,,,
,,,,,,,,,,
,,,,,,,,,,
,,,,,,,,,,
,,,,,,,,,,
,,,,,,,,,,
,,,,,,,,,,
,,,,,,,,,,
,,,,,,,,,,
,,,,,,,,,,
,,,,,,,,,,
,,,,,,,,,,
,,,,,,,,,,
,,,,,,,,,,
,,,,,,,,,,
,,,,,,,,,,
,,,,,,,,,,
,,,,,,,,,,
,,,,,,,,,,
,,,,,,,,,,
,,,,,,,,,,
,,,,,,,,,,
,,,,,,,,,,
,,,,,,,,,,
,,,,,,,,,,
,,,,,,,,,,
,,,,,,,,,,
,,,,,,,,,,
,,,,,,,,,,
,,,,,,,,,,
,,,,,,,,,,
,,,,,,,,,,
,,,,,,,,,,
,,,,,,,,,,
,,,,,,,,,,
,,,,,,,,,,
,,,,,,,,,,
,,,,,,,,,,
,,,,,,,,,,
,,,,,,,,,,
,,,,,,,,,,
,,,,,,,,,,
,,,,,,,,,,
,,,,,,,,,,
,,,,,,,,,,
,,,,,,,,,,
,,,,,,,,,,
,,,,,,,,,,
,,,,,,,,,,
,,,,,,,,,,
,,,,,,,,,,
,,,,,,,,,,
,,,,,,,,,,
,,,,,,,,,,
,,,,,,,,,,
,,,,,,,,,,
,,,,,,,,,,
,,,,,,,,,,
,,,,,,,,,,
,,,,,,,,,,
,,,,,,,,,,
,,,,,,,,,,
,,,,,,,,,,
,,,,,,,,,,
,,,,,,,,,,
,,,,,,,,,,
,,,,,,,,,,
,,,,,,,,,,
,,,,,,,,,,
,,,,,,,,,,
,,,,,,,,,,
,,,,,,,,,,
,,,,,,,,,,
,,,,,,,,,,
,,,,,,,,,,
,,,,,,,,,,
,,,,,,,,,,
,,,,,,,,,,
,,,,,,,,,,
,,,,,,,,,,
,,,,,,,,,,
,,,,,,,,,,
,,,,,,,,,,
,,,,,,,,,,
,,,,,,,,,,
,,,,,,,,,,
,,,,,,,,,,
,,,,,,,,,,
,,,,,,,,,,
,,,,,,,,,,
,,,,,,,,,,
,,,,,,,,,,
,,,,,,,,,,
,,,,,,,,,,
,,,,,,,,,,
,,,,,,,,,,
,,,,,,,,,,
,,,,,,,,,,
,,,,,,,,,,
,,,,,,,,,,
,,,,,,,,,,
,,,,,,,,,,
,,,,,,,,,,
,,,,,,,,,,
,,,,,,,,,,
,,,,,,,,,,
,,,,,,,,,,
,,,,,,,,,,
,,,,,,,,,,
,,,,,,,,,,
,,,,,,,,,,
,,,,,,,,,,
,,,,,,,,,,
,,,,,,,,,,
,,,,,,,,,,
,,,,,,,,,,
,,,,,,,,,,
,,,,,,,,,,
,,,,,,,,,,
,,,,,,,,,,
,,,,,,,,,,
,,,,,,,,,,
,,,,,,,,,,
,,,,,,,,,,
,,,,,,,,,,
,,,,,,,,,,
,,,,,,,,,,
,,,,,,,,,,
,,,,,,,,,,
,,,,,,,,,,
,,,,,,,,,,
,,,,,,,,,,
,,,,,,,,,,
,,,,,,,,,,
,,,,,,,,,,
,,,,,,,,,,
,,,,,,,,,,
,,,,,,,,,,
,,,,,,,,,,
,,,,,,,,,,
,,,,,,,,,,
,,,,,,,,,,
,,,,,,,,,,
,,,,,,,,,,
,,,,,,,,,,
,,,,,,,,,,
,,,,,,,,,,
,,,,,,,,,,
,,,,,,,,,,
,,,,,,,,,,
,,,,,,,,,,
,,,,,,,,,,
,,,,,,,,,,
,,,,,,,,,,
,,,,,,,,,,
,,,,,,,,,,
,,,,,,,,,,
,,,,,,,,,,
,,,,,,,,,,
,,,,,,,,,,
,,,,,,,,,,
,,,,,,,,,,
,,,,,,,,,,
,,,,,,,,,,
,,,,,,,,,,
,,,,,,,,,,
,,,,,,,,,,
,,,,,,,,,,
,,,,,,,,,,
,,,,,,,,,,
,,,,,,,,,,
,,,,,,,,,,
,,,,,,,,,,
,,,,,,,,,,
,,,,,,,,,,
,,,,,,,,,,
,,,,,,,,,,
,,,,,,,,,,
,,,,,,,,,,
,,,,,,,,,,
,,,,,,,,,,
,,,,,,,,,,
,,,,,,,,,,
,,,,,,,,,,
,,,,,,,,,,
,,,,,,,,,,
,,,,,,,,,,
,,,,,,,,,,
,,,,,,,,,,
,,,,,,,,,,
,,,,,,,,,,
,,,,,,,,,,
,,,,,,,,,,
,,,,,,,,,,
,,,,,,,,,,
,,,,,,,,,,
,,,,,,,,,,
,,,,,,,,,,
,,,,,,,,,,
,,,,,,,,,,
,,,,,,,,,,
,,,,,,,,,,
,,,,,,,,,,
,,,,,,,,,,
,,,,,,,,,,
,,,,,,,,,,
,,,,,,,,,,
,,,,,,,,,,
,,,,,,,,,,
,,,,,,,,,,
,,,,,,,,,,
,,,,,,,,,,
,,,,,,,,,,
,,,,,,,,,,
,,,,,,,,,,
,,,,,,,,,,
,,,,,,,,,,
,,,,,,,,,,
,,,,,,,,,,
,,,,,,,,,,
,,,,,,,,,,
,,,,,,,,,,
,,,,,,,,,,
,,,,,,,,,,
,,,,,,,,,,
,,,,,,,,,,
,,,,,,,,,,
,,,,,,,,,,
,,,,,,,,,,
,,,,,,,,,,
,,,,,,,,,,
,,,,,,,,,,
,,,,,,,,,,
,,,,,,,,,,
,,,,,,,,,,
,,,,,,,,,,
,,,,,,,,,,
,,,,,,,,,,
,,,,,,,,,,
,,,,,,,,,,
,,,,,,,,,,
,,,,,,,,,,
,,,,,,,,,,
,,,,,,,,,,
,,,,,,,,,,
,,,,,,,,,,
,,,,,,,,,,
,,,,,,,,,,
,,,,,,,,,,
,,,,,,,,,,
,,,,,,,,,,
,,,,,,,,,,
,,,,,,,,,,
,,,,,,,,,,
,,,,,,,,,,
,,,,,,,,,,
,,,,,,,,,,
,,,,,,,,,,
,,,,,,,,,,
,,,,,,,,,,
,,,,,,,,,,
,,,,,,,,,,
,,,,,,,,,,
,,,,,,,,,,
,,,,,,,,,,
,,,,,,,,,,
,,,,,,,,,,
,,,,,,,,,,
,,,,,,,,,,
,,,,,,,,,,
,,,,,,,,,,
,,,,,,,,,,
,,,,,,,,,,
,,,,,,,,,,
,,,,,,,,,,
,,,,,,,,,,
,,,,,,,,,,
,,,,,,,,,,
,,,,,,,,,,
,,,,,,,,,,
,,,,,,,,,,
,,,,,,,,,,
,,,,,,,,,,
,,,,,,,,,,
,,,,,,,,,,
,,,,,,,,,,
,,,,,,,,,,
,,,,,,,,,,
,,,,,,,,,,
,,,,,,,,,,
,,,,,,,,,,
,,,,,,,,,,
,,,,,,,,,,
,,,,,,,,,,
,,,,,,,,,,
,,,,,,,,,,
,,,,,,,,,,
,,,,,,,,,,
,,,,,,,,,,
,,,,,,,,,,
,,,,,,,,,,
,,,,,,,,,,
,,,,,,,,,,
,,,,,,,,,,
,,,,,,,,,,
,,,,,,,,,,
,,,,,,,,,,
,,,,,,,,,,
,,,,,,,,,,
,,,,,,,,,,
,,,,,,,,,,
,,,,,,,,,,
,,,,,,,,,,
,,,,,,,,,,
,,,,,,,,,,
,,,,,,,,,,
,,,,,,,,,,
,,,,,,,,,,
,,,,,,,,,,
,,,,,,,,,,
,,,,,,,,,,
,,,,,,,,,,
,,,,,,,,,,
,,,,,,,,,,
,,,,,,,,,,
,,,,,,,,,,
,,,,,,,,,,
,,,,,,,,,,
,,,,,,,,,,
,,,,,,,,,,
,,,,,,,,,,
,,,,,,,,,,
,,,,,,,,,,
,,,,,,,,,,
,,,,,,,,,,
,,,,,,,,,,
,,,,,,,,,,
,,,,,,,,,,
,,,,,,,,,,
,,,,,,,,,,
,,,,,,,,,,
,,,,,,,,,,
,,,,,,,,,,
,,,,,,,,,,
,,,,,,,,,,
,,,,,,,,,,
,,,,,,,,,,
,,,,,,,,,,
,,,,,,,,,,
,,,,,,,,,,
,,,,,,,,,,
,,,,,,,,,,
,,,,,,,,,,
,,,,,,,,,,
,,,,,,,,,,
,,,,,,,,,,
,,,,,,,,,,
,,,,,,,,,,
,,,,,,,,,,
,,,,,,,,,,
,,,,,,,,,,
,,,,,,,,,,
,,,,,,,,,,
,,,,,,,,,,
,,,,,,,,,,
,,,,,,,,,,
,,,,,,,,,,
,,,,,,,,,,
,,,,,,,,,,
,,,,,,,,,,
,,,,,,,,,,
,,,,,,,,,,
,,,,,,,,,,
,,,,,,,,,,
,,,,,,,,,,
,,,,,,,,,,
,,,,,,,,,,
,,,,,,,,,,
,,,,,,,,,,
,,,,,,,,,,
,,,,,,,,,,
,,,,,,,,,,
,,,,,,,,,,
,,,,,,,,,,
,,,,,,,,,,
,,,,,,,,,,
,,,,,,,,,,
,,,,,,,,,,
,,,,,,,,,,
,,,,,,,,,,
,,,,,,,,,,
,,,,,,,,,,
,,,,,,,,,,
,,,,,,,,,,
,,,,,,,,,,
,,,,,,,,,,
,,,,,,,,,,
,,,,,,,,,,
,,,,,,,,,,
,,,,,,,,,,
,,,,,,,,,,
,,,,,,,,,,
,,,,,,,,,,
,,,,,,,,,,
,,,,,,,,,,
,,,,,,,,,,
,,,,,,,,,,
,,,,,,,,,,
,,,,,,,,,,
,,,,,,,,,,
,,,,,,,,,,
,,,,,,,,,,
,,,,,,,,,,
,,,,,,,,,,
,,,,,,,,,,
,,,,,,,,,,
,,,,,,,,,,
,,,,,,,,,,
,,,,,,,,,,
,,,,,,,,,,
,,,,,,,,,,
,,,,,,,,,,
,,,,,,,,,,
,,,,,,,,,,
,,,,,,,,,,
,,,,,,,,,,
,,,,,,,,,,
,,,,,,,,,,
,,,,,,,,,,
,,,,,,,,,,
,,,,,,,,,,
,,,,,,,,,,
,,,,,,,,,,
,,,,,,,,,,
,,,,,,,,,,
,,,,,,,,,,
,,,,,,,,,,
,,,,,,,,,,
,,,,,,,,,,
,,,,,,,,,,
,,,,,,,,,,
,,,,,,,,,,
,,,,,,,,,,
,,,,,,,,,,
,,,,,,,,,,
,,,,,,,,,,
,,,,,,,,,,
,,,,,,,,,,
,,,,,,,,,,
,,,,,,,,,,
,,,,,,,,,,
,,,,,,,,,,
,,,,,,,,,,
,,,,,,,,,,
,,,,,,,,,,
,,,,,,,,,,
,,,,,,,,,,
,,,,,,,,,,
,,,,,,,,,,
,,,,,,,,,,
,,,,,,,,,,
,,,,,,,,,,
,,,,,,,,,,
,,,,,,,,,,
,,,,,,,,,,
,,,,,,,,,,
,,,,,,,,,,
,,,,,,,,,,
,,,,,,,,,,
,,,,,,,,,,
,,,,,,,,,,
,,,,,,,,,,
,,,,,,,,,,
,,,,,,,,,,
,,,,,,,,,,
,,,,,,,,,,
,,,,,,,,,,
,,,,,,,,,,
,,,,,,,,,,
,,,,,,,,,,
,,,,,,,,,,
,,,,,,,,,,
,,,,,,,,,,
,,,,,,,,,,
,,,,,,,,,,
,,,,,,,,,,
,,,,,,,,,,
,,,,,,,,,,
,,,,,,,,,,
,,,,,,,,,,
,,,,,,,,,,
,,,,,,,,,,
,,,,,,,,,,
,,,,,,,,,,
,,,,,,,,,,
,,,,,,,,,,
,,,,,,,,,,
,,,,,,,,,,
,,,,,,,,,,
,,,,,,,,,,
,,,,,,,,,,
,,,,,,,,,,
,,,,,,,,,,
,,,,,,,,,,
,,,,,,,,,,
,,,,,,,,,,
,,,,,,,,,,
,,,,,,,,,,
,,,,,,,,,,
,,,,,,,,,,
,,,,,,,,,,
,,,,,,,,,,
,,,,,,,,,,
,,,,,,,,,,
,,,,,,,,,,
,,,,,,,,,,
,,,,,,,,,,
,,,,,,,,,,
,,,,,,,,,,
,,,,,,,,,,
,,,,,,,,,,
,,,,,,,,,,
,,,,,,,,,,
,,,,,,,,,,
,,,,,,,,,,
,,,,,,,,,,
,,,,,,,,,,
,,,,,,,,,,
,,,,,,,,,,
,,,,,,,,,,
,,,,,,,,,,
,,,,,,,,,,
,,,,,,,,,,
,,,,,,,,,,
,,,,,,,,,,
,,,,,,,,,,
,,,,,,,,,,
,,,,,,,,,,
,,,,,,,,,,
,,,,,,,,,,
,,,,,,,,,,
,,,,,,,,,,
,,,,,,,,,,
,,,,,,,,,,
,,,,,,,,,,
,,,,,,,,,,
,,,,,,,,,,
,,,,,,,,,,
,,,,,,,,,,
,,,,,,,,,,
,,,,,,,,,,
,,,,,,,,,,
,,,,,,,,,,
,,,,,,,,,,
,,,,,,,,,,
,,,,,,,,,,
,,,,,,,,,,
,,,,,,,,,,
,,,,,,,,,,
,,,,,,,,,,
,,,,,,,,,,
,,,,,,,,,,
,,,,,,,,,,
,,,,,,,,,,
,,,,,,,,,,
,,,,,,,,,,
,,,,,,,,,,
,,,,,,,,,,
,,,,,,,,,,
,,,,,,,,,,
,,,,,,,,,,
,,,,,,,,,,
,,,,,,,,,,
,,,,,,,,,,
,,,,,,,,,,
,,,,,,,,,,
,,,,,,,,,,
,,,,,,,,,,
,,,,,,,,,,
,,,,,,,,,,
,,,,,,,,,,
,,,,,,,,,,
,,,,,,,,,,
,,,,,,,,,,
,,,,,,,,,,
,,,,,,,,,,
,,,,,,,,,,
,,,,,,,,,,
,,,,,,,,,,
,,,,,,,,,,
,,,,,,,,,,
,,,,,,,,,,
,,,,,,,,,,
,,,,,,,,,,
,,,,,,,,,,
,,,,,,,,,,
,,,,,,,,,,
,,,,,,,,,,
,,,,,,,,,,
,,,,,,,,,,
,,,,,,,,,,
,,,,,,,,,,
,,,,,,,,,,
,,,,,,,,,,
,,,,,,,,,,
,,,,,,,,,,
,,,,,,,,,,
,,,,,,,,,,
,,,,,,,,,,
,,,,,,,,,,
,,,,,,,,,,
,,,,,,,,,,
,,,,,,,,,,
,,,,,,,,,,
,,,,,,,,,,
,,,,,,,,,,
,,,,,,,,,,
,,,,,,,,,,
,,,,,,,,,,
,,,,,,,,,,
,,,,,,,,,,
,,,,,,,,,,
,,,,,,,,,,
,,,,,,,,,,
,,,,,,,,,,
,,,,,,,,,,
,,,,,,,,,,
,,,,,,,,,,
,,,,,,,,,,
,,,,,,,,,,
,,,,,,,,,,
,,,,,,,,,,
,,,,,,,,,,
,,,,,,,,,,
,,,,,,,,,,
,,,,,,,,,,
,,,,,,,,,,
,,,,,,,,,,
,,,,,,,,,,
,,,,,,,,,,
,,,,,,,,,,
,,,,,,,,,,
,,,,,,,,,,
,,,,,,,,,,
,,,,,,,,,,
,,,,,,,,,,
,,,,,,,,,,
,,,,,,,,,,
,,,,,,,,,,
,,,,,,,,,,
,,,,,,,,,,
,,,,,,,,,,
,,,,,,,,,,
,,,,,,,,,,
,,,,,,,,,,
,,,,,,,,,,
,,,,,,,,,,
,,,,,,,,,,
,,,,,,,,,,
,,,,,,,,,,
,,,,,,,,,,
,,,,,,,,,,
,,,,,,,,,,
,,,,,,,,,,
,,,,,,,,,,
,,,,,,,,,,
,,,,,,,,,,
,,,,,,,,,,
,,,,,,,,,,
,,,,,,,,,,
,,,,,,,,,,
,,,,,,,,,,
,,,,,,,,,,
,,,,,,,,,,
,,,,,,,,,,
,,,,,,,,,,
,,,,,,,,,,
,,,,,,,,,,
,,,,,,,,,,
,,,,,,,,,,
,,,,,,,,,,
,,,,,,,,,,
,,,,,,,,,,
,,,,,,,,,,
,,,,,,,,,,
,,,,,,,,,,
,,,,,,,,,,
,,,,,,,,,,
,,,,,,,,,,
,,,,,,,,,,
,,,,,,,,,,
,,,,,,,,,,
,,,,,,,,,,
,,,,,,,,,,
,,,,,,,,,,
,,,,,,,,,,
,,,,,,,,,,
,,,,,,,,,,
,,,,,,,,,,
,,,,,,,,,,
,,,,,,,,,,
,,,,,,,,,,
,,,,,,,,,,
,,,,,,,,,,
,,,,,,,,,,
,,,,,,,,,,
,,,,,,,,,,
,,,,,,,,,,
,,,,,,,,,,
,,,,,,,,,,
,,,,,,,,,,
,,,,,,,,,,
,,,,,,,,,,
,,,,,,,,,,
,,,,,,,,,,
,,,,,,,,,,
,,,,,,,,,,
,,,,,,,,,,
,,,,,,,,,,
,,,,,,,,,,
,,,,,,,,,,
,,,,,,,,,,
,,,,,,,,,,
,,,,,,,,,,
,,,,,,,,,,
,,,,,,,,,,
,,,,,,,,,,
,,,,,,,,,,
,,,,,,,,,,
,,,,,,,,,,
,,,,,,,,,,
,,,,,,,,,,
,,,,,,,,,,
,,,,,,,,,,
,,,,,,,,,,
,,,,,,,,,,
,,,,,,,,,,
,,,,,,,,,,
,,,,,,,,,,
,,,,,,,,,,
,,,,,,,,,,
,,,,,,,,,,
,,,,,,,,,,
,,,,,,,,,,
,,,,,,,,,,
,,,,,,,,,,
,,,,,,,,,,
,,,,,,,,,,
,,,,,,,,,,
,,,,,,,,,,
,,,,,,,,,,
,,,,,,,,,,
,,,,,,,,,,
,,,,,,,,,,
,,,,,,,,,,
,,,,,,,,,,
,,,,,,,,,,
,,,,,,,,,,
,,,,,,,,,,
,,,,,,,,,,
,,,,,,,,,,
,,,,,,,,,,
,,,,,,,,,,
,,,,,,,,,,
,,,,,,,,,,
,,,,,,,,,,
,,,,,,,,,,
,,,,,,,,,,
,,,,,,,,,,
,,,,,,,,,,
,,,,,,,,,,
,,,,,,,,,,
,,,,,,,,,,
,,,,,,,,,,
,,,,,,,,,,
,,,,,,,,,,
,,,,,,,,,,
,,,,,,,,,,
,,,,,,,,,,
,,,,,,,,,,
,,,,,,,,,,
,,,,,,,,,,
,,,,,,,,,,
,,,,,,,,,,
,,,,,,,,,,
,,,,,,,,,,
,,,,,,,,,,
,,,,,,,,,,
,,,,,,,,,,
,,,,,,,,,,
,,,,,,,,,,
,,,,,,,,,,
,,,,,,,,,,
,,,,,,,,,,
,,,,,,,,,,
,,,,,,,,,,
,,,,,,,,,,
,,,,,,,,,,
,,,,,,,,,,
,,,,,,,,,,
,,,,,,,,,,
,,,,,,,,,,
,,,,,,,,,,
,,,,,,,,,,
,,,,,,,,,,
,,,,,,,,,,
,,,,,,,,,,
,,,,,,,,,,
,,,,,,,,,,
,,,,,,,,,,
,,,,,,,,,,
,,,,,,,,,,
,,,,,,,,,,
,,,,,,,,,,
,,,,,,,,,,
,,,,,,,,,,
,,,,,,,,,,
,,,,,,,,,,
,,,,,,,,,,
,,,,,,,,,,
,,,,,,,,,,
,,,,,,,,,,
,,,,,,,,,,
,,,,,,,,,,
,,,,,,,,,,
,,,,,,,,,,
,,,,,,,,,,
,,,,,,,,,,
,,,,,,,,,,
,,,,,,,,,,
,,,,,,,,,,
,,,,,,,,,,
,,,,,,,,,,
,,,,,,,,,,
,,,,,,,,,,
,,,,,,,,,,
,,,,,,,,,,
,,,,,,,,,,
,,,,,,,,,,
,,,,,,,,,,
,,,,,,,,,,
,,,,,,,,,,
,,,,,,,,,,
,,,,,,,,,,
,,,,,,,,,,
,,,,,,,,,,
,,,,,,,,,,
,,,,,,,,,,
,,,,,,,,,,
,,,,,,,,,,
,,,,,,,,,,
,,,,,,,,,,
,,,,,,,,,,
,,,,,,,,,,
,,,,,,,,,,
,,,,,,,,,,
,,,,,,,,,,
,,,,,,,,,,
,,,,,,,,,,
,,,,,,,,,,
,,,,,,,,,,
,,,,,,,,,,
,,,,,,,,,,
,,,,,,,,,,
,,,,,,,,,,
,,,,,,,,,,
,,,,,,,,,,
,,,,,,,,,,
,,,,,,,,,,
,,,,,,,,,,
,,,,,,,,,,
,,,,,,,,,,
,,,,,,,,,,
,,,,,,,,,,
,,,,,,,,,,
,,,,,,,,,,
,,,,,,,,,,
,,,,,,,,,,
,,,,,,,,,,
,,,,,,,,,,
,,,,,,,,,,
,,,,,,,,,,
,,,,,,,,,,
,,,,,,,,,,
,,,,,,,,,,
,,,,,,,,,,
,,,,,,,,,,
,,,,,,,,,,
,,,,,,,,,,
,,,,,,,,,,
,,,,,,,,,,
,,,,,,,,,,
,,,,,,,,,,
,,,,,,,,,,
,,,,,,,,,,
,,,,,,,,,,
,,,,,,,,,,
,,,,,,,,,,
,,,,,,,,,,
,,,,,,,,,,
,,,,,,,,,,
,,,,,,,,,,
,,,,,,,,,,
,,,,,,,,,,
,,,,,,,,,,
,,,,,,,,,,
,,,,,,,,,,
,,,,,,,,,,
,,,,,,,,,,
,,,,,,,,,,
,,,,,,,,,,
,,,,,,,,,,
,,,,,,,,,,
,,,,,,,,,,
,,,,,,,,,,
,,,,,,,,,,
,,,,,,,,,,
,,,,,,,,,,
,,,,,,,,,,
,,,,,,,,,,
,,,,,,,,,,
,,,,,,,,,,
,,,,,,,,,,
,,,,,,,,,,
,,,,,,,,,,
,,,,,,,,,,
,,,,,,,,,,
,,,,,,,,,,
,,,,,,,,,,
,,,,,,,,,,
,,,,,,,,,,
,,,,,,,,,,
,,,,,,,,,,
,,,,,,,,,,
,,,,,,,,,,
,,,,,,,,,,
,,,,,,,,,,
,,,,,,,,,,
,,,,,,,,,,
,,,,,,,,,,
,,,,,,,,,,
,,,,,,,,,,
,,,,,,,,,,
,,,,,,,,,,
,,,,,,,,,,
,,,,,,,,,,
,,,,,,,,,,
,,,,,,,,,,
,,,,,,,,,,
,,,,,,,,,,
,,,,,,,,,,
,,,,,,,,,,
,,,,,,,,,,
,,,,,,,,,,
,,,,,,,,,,
,,,,,,,,,,
,,,,,,,,,,
,,,,,,,,,,
,,,,,,,,,,
,,,,,,,,,,
,,,,,,,,,,
,,,,,,,,,,
,,,,,,,,,,
,,,,,,,,,,
,,,,,,,,,,
,,,,,,,,,,
,,,,,,,,,,
,,,,,,,,,,
,,,,,,,,,,
,,,,,,,,,,
,,,,,,,,,,
,,,,,,,,,,
,,,,,,,,,,
,,,,,,,,,,
,,,,,,,,,,
,,,,,,,,,,
,,,,,,,,,,
,,,,,,,,,,
,,,,,,,,,,
,,,,,,,,,,
,,,,,,,,,,
,,,,,,,,,,
,,,,,,,,,,
,,,,,,,,,,
,,,,,,,,,,
,,,,,,,,,,
,,,,,,,,,,
,,,,,,,,,,
,,,,,,,,,,
,,,,,,,,,,
,,,,,,,,,,
,,,,,,,,,,
,,,,,,,,,,
,,,,,,,,,,
,,,,,,,,,,
,,,,,,,,,,
,,,,,,,,,,
,,,,,,,,,,
,,,,,,,,,,
,,,,,,,,,,
,,,,,,,,,,
,,,,,,,,,,
,,,,,,,,,,
,,,,,,,,,,
,,,,,,,,,,
,,,,,,,,,,
,,,,,,,,,,
,,,,,,,,,,
,,,,,,,,,,
,,,,,,,,,,
,,,,,,,,,,
,,,,,,,,,,
,,,,,,,,,,
,,,,,,,,,,
,,,,,,,,,,
,,,,,,,,,,
,,,,,,,,,,
,,,,,,,,,,
,,,,,,,,,,
,,,,,,,,,,
,,,,,,,,,,
,,,,,,,,,,
,,,,,,,,,,
,,,,,,,,,,
,,,,,,,,,,
,,,,,,,,,,
,,,,,,,,,,
,,,,,,,,,,
,,,,,,,,,,
,,,,,,,,,,
,,,,,,,,,,
,,,,,,,,,,
,,,,,,,,,,
,,,,,,,,,,
,,,,,,,,,,
,,,,,,,,,,
,,,,,,,,,,
,,,,,,,,,,
,,,,,,,,,,
,,,,,,,,,,
,,,,,,,,,,
,,,,,,,,,,
,,,,,,,,,,
,,,,,,,,,,
,,,,,,,,,,
,,,,,,,,,,
,,,,,,,,,,
,,,,,,,,,,
,,,,,,,,,,
,,,,,,,,,,
,,,,,,,,,,
,,,,,,,,,,
,,,,,,,,,,
,,,,,,,,,,
,,,,,,,,,,
,,,,,,,,,,
,,,,,,,,,,
,,,,,,,,,,
,,,,,,,,,,
,,,,,,,,,,
,,,,,,,,,,
,,,,,,,,,,
,,,,,,,,,,
,,,,,,,,,,
,,,,,,,,,,
,,,,,,,,,,
,,,,,,,,,,
,,,,,,,,,,
,,,,,,,,,,
,,,,,,,,,,
,,,,,,,,,,
,,,,,,,,,,
,,,,,,,,,,
,,,,,,,,,,
,,,,,,,,,,
,,,,,,,,,,
,,,,,,,,,,
,,,,,,,,,,
,,,,,,,,,,
,,,,,,,,,,
,,,,,,,,,,
,,,,,,,,,,
,,,,,,,,,,
,,,,,,,,,,
,,,,,,,,,,
,,,,,,,,,,
,,,,,,,,,,
,,,,,,,,,,
,,,,,,,,,,
,,,,,,,,,,
,,,,,,,,,,
,,,,,,,,,,
,,,,,,,,,,
,,,,,,,,,,
,,,,,,,,,,
,,,,,,,,,,
,,,,,,,,,,
,,,,,,,,,,
,,,,,,,,,,
,,,,,,,,,,
,,,,,,,,,,
,,,,,,,,,,
,,,,,,,,,,
,,,,,,,,,,
,,,,,,,,,,
,,,,,,,,,,
,,,,,,,,,,
,,,,,,,,,,
,,,,,,,,,,
,,,,,,,,,,
,,,,,,,,,,
,,,,,,,,,,
,,,,,,,,,,
,,,,,,,,,,
,,,,,,,,,,
,,,,,,,,,,
,,,,,,,,,,
,,,,,,,,,,
,,,,,,,,,,
,,,,,,,,,,
,,,,,,,,,,
,,,,,,,,,,
,,,,,,,,,,
,,,,,,,,,,
,,,,,,,,,,
,,,,,,,,,,
,,,,,,,,,,
,,,,,,,,,,
,,,,,,,,,,
,,,,,,,,,,
,,,,,,,,,,
,,,,,,,,,,
,,,,,,,,,,
,,,,,,,,,,
,,,,,,,,,,
,,,,,,,,,,
,,,,,,,,,,
,,,,,,,,,,
,,,,,,,,,,
,,,,,,,,,,
,,,,,,,,,,
,,,,,,,,,,
,,,,,,,,,,
,,,,,,,,,,
,,,,,,,,,,
,,,,,,,,,,
,,,,,,,,,,
,,,,,,,,,,
,,,,,,,,,,
,,,,,,,,,,
,,,,,,,,,,
,,,,,,,,,,
,,,,,,,,,,
,,,,,,,,,,
,,,,,,,,,,
,,,,,,,,,,
,,,,,,,,,,
,,,,,,,,,,
,,,,,,,,,,
,,,,,,,,,,
,,,,,,,,,,
,,,,,,,,,,
,,,,,,,,,,
,,,,,,,,,,
,,,,,,,,,,
,,,,,,,,,,
,,,,,,,,,,
,,,,,,,,,,
,,,,,,,,,,
,,,,,,,,,,
,,,,,,,,,,
,,,,,,,,,,
,,,,,,,,,,
,,,,,,,,,,
,,,,,,,,,,
,,,,,,,,,,
,,,,,,,,,,
,,,,,,,,,,
,,,,,,,,,,
,,,,,,,,,,
,,,,,,,,,,
,,,,,,,,,,
,,,,,,,,,,
,,,,,,,,,,
,,,,,,,,,,
,,,,,,,,,,
,,,,,,,,,,
,,,,,,,,,,
,,,,,,,,,,
,,,,,,,,,,
,,,,,,,,,,
,,,,,,,,,,
,,,,,,,,,,
,,,,,,,,,,
,,,,,,,,,,
,,,,,,,,,,
,,,,,,,,,,
,,,,,,,,,,
,,,,,,,,,,
,,,,,,,,,,
,,,,,,,,,,
,,,,,,,,,,
,,,,,,,,,,
,,,,,,,,,,
,,,,,,,,,,
,,,,,,,,,,
,,,,,,,,,,
,,,,,,,,,,
,,,,,,,,,,
,,,,,,,,,,
,,,,,,,,,,
,,,,,,,,,,
,,,,,,,,,,
,,,,,,,,,,
,,,,,,,,,,
,,,,,,,,,,
,,,,,,,,,,
,,,,,,,,,,
,,,,,,,,,,
,,,,,,,,,,
,,,,,,,,,,
,,,,,,,,,,
,,,,,,,,,,
,,,,,,,,,,
,,,,,,,,,,
,,,,,,,,,,
,,,,,,,,,,
,,,,,,,,,,
,,,,,,,,,,
,,,,,,,,,,
,,,,,,,,,,
,,,,,,,,,,
,,,,,,,,,,
,,,,,,,,,,
,,,,,,,,,,
,,,,,,,,,,
,,,,,,,,,,
,,,,,,,,,,
,,,,,,,,,,
,,,,,,,,,,
,,,,,,,,,,
,,,,,,,,,,
,,,,,,,,,,
,,,,,,,,,,
,,,,,,,,,,
,,,,,,,,,,
,,,,,,,,,,
,,,,,,,,,,
,,,,,,,,,,
,,,,,,,,,,
,,,,,,,,,,
,,,,,,,,,,
,,,,,,,,,,
,,,,,,,,,,
,,,,,,,,,,
,,,,,,,,,,
,,,,,,,,,,
,,,,,,,,,,
,,,,,,,,,,
,,,,,,,,,,
,,,,,,,,,,
,,,,,,,,,,
,,,,,,,,,,
,,,,,,,,,,
,,,,,,,,,,
,,,,,,,,,,
,,,,,,,,,,
,,,,,,,,,,
,,,,,,,,,,
,,,,,,,,,,
,,,,,,,,,,
,,,,,,,,,,
,,,,,,,,,,
,,,,,,,,,,
,,,,,,,,,,
,,,,,,,,,,
,,,,,,,,,,
,,,,,,,,,,
,,,,,,,,,,
,,,,,,,,,,
,,,,,,,,,,
,,,,,,,,,,
,,,,,,,,,,
,,,,,,,,,,
,,,,,,,,,,
,,,,,,,,,,
,,,,,,,,,,
,,,,,,,,,,
,,,,,,,,,,
,,,,,,,,,,
,,,,,,,,,,
,,,,,,,,,,
,,,,,,,,,,
,,,,,,,,,,
,,,,,,,,,,
,,,,,,,,,,
,,,,,,,,,,
,,,,,,,,,,
,,,,,,,,,,
,,,,,,,,,,
,,,,,,,,,,
,,,,,,,,,,
,,,,,,,,,,
,,,,,,,,,,
,,,,,,,,,,
,,,,,,,,,,
,,,,,,,,,,
,,,,,,,,,,
,,,,,,,,,,
,,,,,,,,,,
,,,,,,,,,,
,,,,,,,,,,
,,,,,,,,,,
,,,,,,,,,,
,,,,,,,,,,
,,,,,,,,,,
,,,,,,,,,,
,,,,,,,,,,
,,,,,,,,,,
,,,,,,,,,,
,,,,,,,,,,
,,,,,,,,,,
,,,,,,,,,,
,,,,,,,,,,
,,,,,,,,,,
,,,,,,,,,,
,,,,,,,,,,
,,,,,,,,,,
,,,,,,,,,,
,,,,,,,,,,
,,,,,,,,,,
,,,,,,,,,,
,,,,,,,,,,
,,,,,,,,,,
,,,,,,,,,,
,,,,,,,,,,
,,,,,,,,,,
,,,,,,,,,,
,,,,,,,,,,
,,,,,,,,,,
,,,,,,,,,,
,,,,,,,,,,
,,,,,,,,,,
,,,,,,,,,,
,,,,,,,,,,
,,,,,,,,,,
,,,,,,,,,,
,,,,,,,,,,
,,,,,,,,,,
,,,,,,,,,,
,,,,,,,,,,
,,,,,,,,,,
,,,,,,,,,,
,,,,,,,,,,
,,,,,,,,,,
,,,,,,,,,,
,,,,,,,,,,
,,,,,,,,,,
,,,,,,,,,,
,,,,,,,,,,
,,,,,,,,,,
,,,,,,,,,,
,,,,,,,,,,
,,,,,,,,,,
,,,,,,,,,,
,,,,,,,,,,
,,,,,,,,,,
,,,,,,,,,,
,,,,,,,,,,
,,,,,,,,,,
,,,,,,,,,,
,,,,,,,,,,
