feedback_id,order_id,customer_id,rating,feedback_text,feedback_category,sentiment,feedback_date
1664531,8120002258,57833505,3,"Nothing to complain about, but nothing exceptional.",Delivery,Neutral,01-01-2024
5623901,9742461226,34095555,4,"It was okay, nothing special.",Customer Service,Neutral,01-01-2024
2041938,1212718824,73393269,4,"Delivery was fine, but the product could be better.",Customer Service,Neutral,01-01-2024
8683552,1266440097,88739922,4,"Delivery was fine, but the product could be better.",App Experience,Neutral,01-01-2024
7676494,353571238,60561655,4,Good selection of products.,Product Quality,Positive,01-01-2024
3303179,3187042843,8651281,1,Delivery was late and I was unhappy.,Product Quality,Negative,01-01-2024
5118736,148408710,60565603,3,The product met my expectations.,Product Quality,Neutral,01-01-2024
2308326,6739811103,9981089,3,"Average experience, could improve.",Customer Service,Neutral,01-01-2024
2401703,2300265337,90246977,3,The order was incorrect.,Delivery,Negative,01-01-2024
4954894,2914056235,31456752,1,The order was incorrect.,Customer Service,Negative,02-01-2024
1020775,7902025520,78725001,2,Very disappointed with the quality.,Product Quality,Negative,02-01-2024
371999,2106569369,27513158,4,"It was okay, nothing special.",Customer Service,Neutral,02-01-2024
5203566,4835197446,72889295,4,Very happy with the service!,App Experience,Positive,02-01-2024
5470914,8285547588,26245432,3,"Average experience, could improve.",Customer Service,Neutral,02-01-2024
7240917,4042066387,90743791,2,Customer service was not helpful.,Product Quality,Negative,03-01-2024
1780948,7792996715,22081691,3,"Average experience, could improve.",App Experience,Neutral,03-01-2024
9712922,5183577434,2134827,1,Not worth the price I paid.,Customer Service,Negative,03-01-2024
9781923,6397409024,12059049,2,The packaging was poor.,App Experience,Negative,03-01-2024
626555,5862535621,76850859,4,Customer service was very helpful.,Customer Service,Positive,03-01-2024
7601821,9103834515,61851054,1,The packaging was poor.,Product Quality,Negative,03-01-2024
2700168,9711157887,46615831,4,Customer service was very helpful.,Customer Service,Positive,03-01-2024
6242756,8862036450,7228206,3,"Nothing to complain about, but nothing exceptional.",Customer Service,Neutral,03-01-2024
9893663,6704234561,51833636,4,Items were in perfect condition.,Delivery,Positive,03-01-2024
5694919,5218488175,57833505,5,Great prices and fast delivery!,Customer Service,Positive,03-01-2024
3089818,1609331948,8791577,3,"It was okay, nothing special.",Product Quality,Neutral,04-01-2024
2865376,3963207709,99893898,3,"Nothing to complain about, but nothing exceptional.",Delivery,Neutral,04-01-2024
2674022,7305353953,42012717,4,"Delivery was fine, but the product could be better.",Delivery,Neutral,04-01-2024
1882628,8813470284,57537308,5,Highly recommended!,Delivery,Positive,04-01-2024
8298665,1152165724,90448312,4,"Delivery was fine, but the product could be better.",Customer Service,Neutral,04-01-2024
4005586,7834171020,52915166,1,Items were missing from my order.,Product Quality,Negative,04-01-2024
5869531,5793742966,83412446,5,Customer service was very helpful.,Product Quality,Positive,04-01-2024
2800546,9727047029,94730288,5,Good selection of products.,Customer Service,Positive,04-01-2024
7289755,7624166218,29525287,4,"Average experience, could improve.",Delivery,Neutral,04-01-2024
8059849,6922121165,97928781,3,"It was okay, nothing special.",App Experience,Neutral,04-01-2024
7249563,3571922553,69364309,3,"Delivery was fine, but the product could be better.",Product Quality,Neutral,04-01-2024
1833585,5035471587,18140588,3,"It was okay, nothing special.",Customer Service,Neutral,05-01-2024
5270693,9917290378,6245778,3,The product met my expectations.,Customer Service,Neutral,05-01-2024
1456894,5008998072,26245432,5,Will definitely order again.,Delivery,Positive,05-01-2024
4732060,7415158732,30192942,2,I had a bad experience.,Delivery,Negative,05-01-2024
9754312,4731454539,62419778,5,Good selection of products.,Delivery,Positive,05-01-2024
8510700,1746826454,36462363,1,Very disappointed with the quality.,App Experience,Negative,05-01-2024
412253,509041342,91243571,5,Very happy with the service!,Delivery,Positive,05-01-2024
3046652,214919848,47125914,4,"Delivery was fine, but the product could be better.",App Experience,Neutral,06-01-2024
3977347,9102648124,81533356,4,"Average experience, could improve.",Delivery,Neutral,06-01-2024
2922682,969705468,25447967,3,"Average experience, could improve.",Customer Service,Neutral,06-01-2024
557592,9195687538,74548003,3,The packaging was poor.,Delivery,Negative,06-01-2024
9643753,8173155169,56441247,5,Will definitely order again.,App Experience,Positive,06-01-2024
1722620,8603941640,82948843,2,Taste was not as expected.,Customer Service,Negative,06-01-2024
5046110,7524465290,22851478,4,The product met my expectations.,App Experience,Neutral,06-01-2024
6692319,7750989397,79672044,3,"Delivery was fine, but the product could be better.",Delivery,Neutral,07-01-2024
7446356,6011117738,24337950,3,"Average experience, could improve.",Product Quality,Neutral,07-01-2024
7539747,7879575037,7228206,4,"Nothing to complain about, but nothing exceptional.",Delivery,Neutral,07-01-2024
696872,4115492281,32540616,3,"Nothing to complain about, but nothing exceptional.",Customer Service,Neutral,07-01-2024
11775,3559865135,66310963,3,Not worth the price I paid.,Product Quality,Negative,07-01-2024
6818847,5201172375,18199057,2,Taste was not as expected.,Product Quality,Negative,07-01-2024
9556216,6501113916,22210238,5,Customer service was very helpful.,Product Quality,Positive,07-01-2024
3454505,1396605672,20956158,4,Customer service was very helpful.,Customer Service,Positive,07-01-2024
76698,6457671753,51048402,2,Taste was not as expected.,Customer Service,Negative,07-01-2024
9471210,1534993603,97507853,4,"Nothing to complain about, but nothing exceptional.",Customer Service,Neutral,07-01-2024
2999062,1736713150,46741896,2,The packaging was poor.,App Experience,Negative,07-01-2024
3100765,919307194,11928321,4,Will definitely order again.,Delivery,Positive,07-01-2024
9247611,9959668334,80935110,4,Will definitely order again.,Delivery,Positive,07-01-2024
1104081,8200985533,1855421,3,I had a bad experience.,Delivery,Negative,08-01-2024
7773519,1276192882,97678578,5,Good selection of products.,Product Quality,Positive,08-01-2024
5071299,8177907004,60757351,3,"It was okay, nothing special.",Product Quality,Neutral,08-01-2024
7773683,4868150114,69761993,4,Great prices and fast delivery!,Product Quality,Positive,08-01-2024
6827705,3545539999,49449238,2,The packaging was poor.,Delivery,Negative,08-01-2024
480048,9389363975,35302195,4,The product met my expectations.,App Experience,Neutral,08-01-2024
5785721,1199945706,70867736,4,Very fresh and well-packaged.,Product Quality,Positive,08-01-2024
2088897,4220306391,44139071,4,"Nothing to complain about, but nothing exceptional.",Customer Service,Neutral,08-01-2024
2170553,5719806088,42012717,4,"Average experience, could improve.",Product Quality,Neutral,08-01-2024
6903103,2484470052,84848018,1,I had a bad experience.,Delivery,Negative,09-01-2024
7570854,9338996795,2219590,4,"Nothing to complain about, but nothing exceptional.",Customer Service,Neutral,09-01-2024
9832624,4183595096,64141971,1,Very disappointed with the quality.,App Experience,Negative,09-01-2024
7617967,5195004299,50632192,2,Not worth the price I paid.,App Experience,Negative,09-01-2024
478239,4590662628,87200291,3,Not worth the price I paid.,Customer Service,Negative,10-01-2024
7041516,819143326,88324928,4,The product met my expectations.,App Experience,Neutral,10-01-2024
116173,3190808443,77618011,4,Will definitely order again.,Delivery,Positive,10-01-2024
9666020,4448004569,47215976,5,Great prices and fast delivery!,Product Quality,Positive,10-01-2024
4019989,8169361928,8241122,5,Very fresh and well-packaged.,Delivery,Positive,10-01-2024
9415572,6295686357,76533277,3,"It was okay, nothing special.",Customer Service,Neutral,10-01-2024
452916,7185243614,51994597,3,"Delivery was fine, but the product could be better.",Customer Service,Neutral,10-01-2024
2521183,6375536946,94430842,3,The product met my expectations.,App Experience,Neutral,10-01-2024
5356218,2687236003,83588803,3,The order was incorrect.,Customer Service,Negative,10-01-2024
6385985,8616726869,37691544,3,Not worth the price I paid.,Customer Service,Negative,10-01-2024
7977590,5844776722,10038382,2,The packaging was poor.,Product Quality,Negative,10-01-2024
5056957,833930925,9278983,1,Very disappointed with the quality.,Product Quality,Negative,10-01-2024
6374645,7835720444,45700473,2,Items were missing from my order.,Delivery,Negative,10-01-2024
4379662,3170417508,85561151,5,Will definitely order again.,Product Quality,Positive,10-01-2024
2485712,9052752169,62510499,1,Delivery was late and I was unhappy.,Customer Service,Negative,11-01-2024
3324824,6770858376,39957741,5,Will definitely order again.,App Experience,Positive,11-01-2024
9221474,5563712992,4597433,5,"Overall good experience, thank you!",Delivery,Positive,11-01-2024
3299950,4319962076,36146306,4,Very fresh and well-packaged.,Product Quality,Positive,11-01-2024
1606730,3327784606,61982521,4,Items were in perfect condition.,Customer Service,Positive,11-01-2024
6506510,9320256091,32595806,4,Will definitely order again.,Customer Service,Positive,11-01-2024
815954,2978839318,59436131,3,Items were missing from my order.,Customer Service,Negative,11-01-2024
5824130,5927472701,93563435,5,"Excellent quality, will buy again!",App Experience,Positive,12-01-2024
7754881,2708441500,23286884,3,"Average experience, could improve.",App Experience,Neutral,12-01-2024
5734896,957188879,88067569,3,Not worth the price I paid.,Delivery,Negative,12-01-2024
2940619,2341242955,8228843,2,Not worth the price I paid.,Customer Service,Negative,12-01-2024
2407418,2584579895,94713625,5,Highly recommended!,Delivery,Positive,12-01-2024
1577339,8545716586,98540377,1,Delivery was late and I was unhappy.,Customer Service,Negative,12-01-2024
3827822,6997235339,87669943,2,I had a bad experience.,Customer Service,Negative,12-01-2024
9785308,9690050839,55803572,4,The product met my expectations.,App Experience,Neutral,13-01-2024
7106648,807934194,69925688,5,Very happy with the service!,App Experience,Positive,13-01-2024
6258873,9509887699,23448955,5,Customer service was very helpful.,Delivery,Positive,13-01-2024
1880170,5069426001,31940833,3,"Average experience, could improve.",Delivery,Neutral,13-01-2024
6870274,4270941188,47274329,2,The order was incorrect.,Product Quality,Negative,13-01-2024
8716075,3161904185,82374625,3,I had a bad experience.,Product Quality,Negative,13-01-2024
9938985,2982638677,48554440,3,Customer service was not helpful.,App Experience,Negative,13-01-2024
1665939,4924477011,7333934,4,"Nothing to complain about, but nothing exceptional.",App Experience,Neutral,13-01-2024
653696,3695589383,91868185,3,"Average experience, could improve.",Customer Service,Neutral,13-01-2024
3472006,5305443623,80476444,4,"Excellent quality, will buy again!",Product Quality,Positive,13-01-2024
384929,4102063254,86067293,2,Product was damaged during delivery.,App Experience,Negative,13-01-2024
7875986,7202170939,50518311,5,Very fresh and well-packaged.,App Experience,Positive,13-01-2024
9857162,1695982633,81382213,4,"Average experience, could improve.",App Experience,Neutral,13-01-2024
2861565,5766981431,93675757,5,Highly recommended!,Delivery,Positive,14-01-2024
2734765,1979319490,5238055,4,Very fresh and well-packaged.,App Experience,Positive,14-01-2024
6081427,3971267196,8536503,4,Customer service was very helpful.,Customer Service,Positive,14-01-2024
9781710,2475154947,13760839,3,The product met my expectations.,Product Quality,Neutral,14-01-2024
1780287,6665075012,19067680,3,"It was okay, nothing special.",Delivery,Neutral,14-01-2024
8344245,6120799223,84377964,2,Not worth the price I paid.,Delivery,Negative,14-01-2024
5005753,2065203676,36146306,2,I had a bad experience.,App Experience,Negative,15-01-2024
6147300,3303891913,84361534,3,"Average experience, could improve.",App Experience,Neutral,15-01-2024
9870408,6507222211,46623192,5,Will definitely order again.,Customer Service,Positive,15-01-2024
7071386,6822269883,69276352,4,Highly recommended!,Customer Service,Positive,15-01-2024
6084184,4673382071,21784094,3,"Average experience, could improve.",Delivery,Neutral,16-01-2024
6220082,4356959622,38709137,3,The order was incorrect.,Delivery,Negative,16-01-2024
2565975,299859815,2848415,1,Product was damaged during delivery.,Delivery,Negative,16-01-2024
7361857,7130555385,37309023,3,"Delivery was fine, but the product could be better.",Product Quality,Neutral,16-01-2024
6738377,4720421794,72089140,4,"Nothing to complain about, but nothing exceptional.",App Experience,Neutral,16-01-2024
7470294,8829163586,11387110,1,Taste was not as expected.,Product Quality,Negative,16-01-2024
9976933,5373978100,82179338,3,The product met my expectations.,Product Quality,Neutral,16-01-2024
928265,4953665655,14428954,2,I had a bad experience.,Product Quality,Negative,16-01-2024
4343192,4404350734,57892837,5,Will definitely order again.,Customer Service,Positive,16-01-2024
8408353,3244572785,60732869,3,Delivery was late and I was unhappy.,Product Quality,Negative,16-01-2024
6668669,8694663463,12851610,1,The packaging was poor.,Delivery,Negative,16-01-2024
6447311,6698537000,52770036,5,Will definitely order again.,Customer Service,Positive,16-01-2024
4831082,7409519974,60834500,4,"Nothing to complain about, but nothing exceptional.",Delivery,Neutral,16-01-2024
545267,9031695663,94730288,2,The packaging was poor.,App Experience,Negative,17-01-2024
3129645,6703651257,93198324,2,Delivery was late and I was unhappy.,Delivery,Negative,17-01-2024
5744159,8619571588,31456752,3,Taste was not as expected.,Customer Service,Negative,17-01-2024
4674903,4650525854,71694275,2,Items were missing from my order.,Delivery,Negative,17-01-2024
9442728,7199670826,22694456,4,"Nothing to complain about, but nothing exceptional.",Product Quality,Neutral,17-01-2024
9323563,3605534244,57526322,3,The order was incorrect.,Customer Service,Negative,17-01-2024
725200,1689937124,21701991,5,Great prices and fast delivery!,Product Quality,Positive,17-01-2024
5106195,3163611427,85074810,1,Items were missing from my order.,Delivery,Negative,17-01-2024
99277,6129180304,86499778,1,Customer service was not helpful.,Delivery,Negative,17-01-2024
8111799,9057909300,9738801,2,Items were missing from my order.,App Experience,Negative,17-01-2024
9593233,7320527109,83298567,4,"It was okay, nothing special.",Product Quality,Neutral,18-01-2024
1661271,4217659083,31846190,2,Product was damaged during delivery.,Customer Service,Negative,18-01-2024
8361895,8618576020,15484407,5,Great prices and fast delivery!,Product Quality,Positive,18-01-2024
6943792,1287686307,79076101,4,Will definitely order again.,Customer Service,Positive,18-01-2024
8458335,1677502866,24644542,2,Product was damaged during delivery.,Product Quality,Negative,18-01-2024
3041233,2219192870,41155125,3,"It was okay, nothing special.",App Experience,Neutral,18-01-2024
5866547,9122210530,15066187,4,"Excellent quality, will buy again!",Product Quality,Positive,18-01-2024
1298762,7494670835,38728779,3,"Average experience, could improve.",Delivery,Neutral,18-01-2024
8084167,7983443604,39717448,4,"It was okay, nothing special.",App Experience,Neutral,18-01-2024
7506282,2616623847,49915498,3,"It was okay, nothing special.",Delivery,Neutral,19-01-2024
400719,7279564594,91566278,4,"Average experience, could improve.",Customer Service,Neutral,19-01-2024
8667253,1435353007,48281892,3,The product met my expectations.,Product Quality,Neutral,19-01-2024
6114451,8723912832,94552818,5,"Excellent quality, will buy again!",Product Quality,Positive,19-01-2024
2559841,491116137,71615827,3,The product met my expectations.,Product Quality,Neutral,19-01-2024
2283634,9166904790,57674875,1,Product was damaged during delivery.,Customer Service,Negative,19-01-2024
6271615,4942714391,25294147,4,"Delivery was fine, but the product could be better.",App Experience,Neutral,19-01-2024
7398851,9183547951,19259955,3,Customer service was not helpful.,Product Quality,Negative,20-01-2024
419428,6396194687,61406908,5,Good selection of products.,Customer Service,Positive,20-01-2024
5970320,427702490,71607166,3,The product met my expectations.,Customer Service,Neutral,20-01-2024
2072967,7309958460,3282647,5,Good selection of products.,Delivery,Positive,20-01-2024
9548486,7857954356,76864442,4,The product met my expectations.,Delivery,Neutral,20-01-2024
796848,1105231941,29600229,3,The product met my expectations.,App Experience,Neutral,20-01-2024
5807954,1112110363,98625898,5,Customer service was very helpful.,Delivery,Positive,20-01-2024
8596369,6509263423,29324437,1,I had a bad experience.,Delivery,Negative,20-01-2024
834707,5486433396,9278983,4,"Nothing to complain about, but nothing exceptional.",App Experience,Neutral,20-01-2024
1412833,2738862626,56572297,3,Not worth the price I paid.,Product Quality,Negative,21-01-2024
9515364,6702391437,13130974,5,"Overall good experience, thank you!",Delivery,Positive,21-01-2024
8232663,8243326501,31681710,2,Items were missing from my order.,App Experience,Negative,21-01-2024
3403887,120178110,65294340,3,Not worth the price I paid.,Product Quality,Negative,21-01-2024
5353483,8875965392,41395224,4,Customer service was very helpful.,Delivery,Positive,22-01-2024
1509526,9416522701,7551173,1,Items were missing from my order.,Delivery,Negative,22-01-2024
7726560,5302956276,97111069,4,Very fresh and well-packaged.,Delivery,Positive,22-01-2024
2387908,9581592141,64562786,3,The order was incorrect.,Customer Service,Negative,22-01-2024
5776932,6352881332,80517784,4,Will definitely order again.,Customer Service,Positive,22-01-2024
9285230,8065436106,5763963,4,"Delivery was fine, but the product could be better.",Product Quality,Neutral,22-01-2024
1821177,5840148195,66269844,4,The product met my expectations.,Product Quality,Neutral,22-01-2024
8949302,3372412988,89036169,5,Great prices and fast delivery!,Customer Service,Positive,22-01-2024
8071032,4111193446,85020453,4,"Delivery was fine, but the product could be better.",Customer Service,Neutral,22-01-2024
2918812,969621016,13465850,4,Very fresh and well-packaged.,Delivery,Positive,23-01-2024
9276057,9472355181,81462774,4,"Overall good experience, thank you!",Customer Service,Positive,23-01-2024
9803651,3330538479,98246574,2,Items were missing from my order.,Delivery,Negative,23-01-2024
4726161,9768154003,88045094,5,Great prices and fast delivery!,Delivery,Positive,23-01-2024
6280160,4635037652,69925688,4,"Nothing to complain about, but nothing exceptional.",Customer Service,Neutral,23-01-2024
205642,189431942,58115779,3,Product was damaged during delivery.,Customer Service,Negative,23-01-2024
7472189,5770510806,47955004,3,"It was okay, nothing special.",Customer Service,Neutral,23-01-2024
1065233,4498769995,84275450,5,Customer service was very helpful.,Delivery,Positive,23-01-2024
6995710,2111712383,67465084,4,Highly recommended!,Product Quality,Positive,23-01-2024
5568145,6045698170,666589,5,Great prices and fast delivery!,Delivery,Positive,24-01-2024
9685412,7111490680,32500305,5,Great prices and fast delivery!,Customer Service,Positive,24-01-2024
2990320,2033683703,42989999,4,The product met my expectations.,Product Quality,Neutral,24-01-2024
5337672,8258019846,61024977,2,Items were missing from my order.,Product Quality,Negative,24-01-2024
6352978,6419111681,19216141,5,Customer service was very helpful.,App Experience,Positive,24-01-2024
2509633,9411421675,61226563,4,"Average experience, could improve.",Delivery,Neutral,24-01-2024
5214493,3940758882,40085705,4,Highly recommended!,Delivery,Positive,24-01-2024
8447553,9789995549,34567918,4,Items were in perfect condition.,App Experience,Positive,24-01-2024
3362357,4099185509,22047134,3,The product met my expectations.,Delivery,Neutral,24-01-2024
5232827,2578671497,76218218,4,"It was okay, nothing special.",Product Quality,Neutral,25-01-2024
6662080,6703316563,89669139,3,"Delivery was fine, but the product could be better.",Customer Service,Neutral,25-01-2024
4816923,3508668494,75836905,4,"It was okay, nothing special.",Product Quality,Neutral,25-01-2024
5440957,1708282193,79895967,2,Product was damaged during delivery.,Customer Service,Negative,25-01-2024
4803949,2097372277,14693393,5,"Excellent quality, will buy again!",Product Quality,Positive,25-01-2024
2841833,8350353728,25585013,1,Taste was not as expected.,Customer Service,Negative,25-01-2024
7991991,5160295213,22133362,4,"Delivery was fine, but the product could be better.",Customer Service,Neutral,25-01-2024
1650064,4867437863,13164195,5,Great prices and fast delivery!,Delivery,Positive,25-01-2024
8062208,6518276143,70965437,5,Customer service was very helpful.,Product Quality,Positive,25-01-2024
7685293,6167501412,20940403,4,The product met my expectations.,Product Quality,Neutral,25-01-2024
7216638,5176597414,80875034,3,"Nothing to complain about, but nothing exceptional.",App Experience,Neutral,25-01-2024
3025076,6054358790,59216664,3,"Average experience, could improve.",Product Quality,Neutral,26-01-2024
5752697,6388618916,96511007,4,"Nothing to complain about, but nothing exceptional.",Delivery,Neutral,26-01-2024
6819722,4830502113,89867195,3,"Average experience, could improve.",App Experience,Neutral,26-01-2024
812703,5029893308,73799927,4,"Delivery was fine, but the product could be better.",Product Quality,Neutral,26-01-2024
6793198,242240959,64562786,5,Items were in perfect condition.,Customer Service,Positive,26-01-2024
1396040,8289791792,61516967,2,The packaging was poor.,Product Quality,Negative,26-01-2024
4602515,6613853662,75474920,2,Items were missing from my order.,App Experience,Negative,26-01-2024
287615,6414606364,70867736,4,Good selection of products.,Product Quality,Positive,26-01-2024
7555725,3804024939,91566278,4,"Nothing to complain about, but nothing exceptional.",Delivery,Neutral,27-01-2024
6032503,2142065357,469006,4,Great prices and fast delivery!,Delivery,Positive,27-01-2024
6056192,3983605701,19067680,1,Customer service was not helpful.,Delivery,Negative,27-01-2024
9989662,3490816523,25128143,2,Product was damaged during delivery.,Delivery,Negative,27-01-2024
3620788,4304875010,89995124,4,Will definitely order again.,Product Quality,Positive,27-01-2024
5535770,8120457107,97664747,5,"Excellent quality, will buy again!",Delivery,Positive,27-01-2024
7160079,1495975802,17390673,3,Taste was not as expected.,Delivery,Negative,27-01-2024
5192691,6312476146,35988028,4,"Delivery was fine, but the product could be better.",Product Quality,Neutral,27-01-2024
8436976,1589326447,77961205,5,Customer service was very helpful.,Product Quality,Positive,27-01-2024
3158837,5504941865,76512976,5,Highly recommended!,App Experience,Positive,28-01-2024
6281860,9410025634,59643062,3,Customer service was not helpful.,Delivery,Negative,28-01-2024
4375030,352037003,47955004,3,Customer service was not helpful.,Customer Service,Negative,28-01-2024
9877538,9863468109,73363613,4,Items were in perfect condition.,Delivery,Positive,28-01-2024
9033033,2106943908,27604184,4,"Average experience, could improve.",App Experience,Neutral,28-01-2024
9514499,5769065545,1108176,5,Will definitely order again.,App Experience,Positive,28-01-2024
5741563,6528341992,64497538,4,"It was okay, nothing special.",Product Quality,Neutral,29-01-2024
8893890,2455161115,27620326,3,"Delivery was fine, but the product could be better.",Delivery,Neutral,29-01-2024
6694483,8234021674,41073776,4,"It was okay, nothing special.",Customer Service,Neutral,29-01-2024
5712937,8561878376,12272282,4,The product met my expectations.,App Experience,Neutral,29-01-2024
7477228,5636483988,34095555,4,"Nothing to complain about, but nothing exceptional.",App Experience,Neutral,29-01-2024
3663130,8290493339,69340015,1,I had a bad experience.,App Experience,Negative,29-01-2024
2749027,349410429,42514124,3,The packaging was poor.,Customer Service,Negative,29-01-2024
4302093,2267297760,5754255,3,Not worth the price I paid.,Delivery,Negative,29-01-2024
5076013,6392348668,1697604,2,Product was damaged during delivery.,Product Quality,Negative,29-01-2024
8997814,8110316958,61226835,1,Very disappointed with the quality.,Delivery,Negative,30-01-2024
1550225,707033578,14839726,4,Highly recommended!,Delivery,Positive,30-01-2024
8701762,5633967304,72605638,3,I had a bad experience.,Delivery,Negative,30-01-2024
6897186,8849914077,32527479,4,"Delivery was fine, but the product could be better.",Delivery,Neutral,30-01-2024
5960061,3263142674,12455156,4,"It was okay, nothing special.",Delivery,Neutral,30-01-2024
8830299,6421432903,66766629,4,"Excellent quality, will buy again!",Delivery,Positive,30-01-2024
8436677,3793875046,17675915,5,Good selection of products.,Product Quality,Positive,30-01-2024
77045,7755662096,10700664,5,Very fresh and well-packaged.,Product Quality,Positive,30-01-2024
1018594,1828975788,41155125,5,Items were in perfect condition.,Product Quality,Positive,30-01-2024
2204382,2171816966,92404798,4,Very fresh and well-packaged.,Customer Service,Positive,30-01-2024
7901453,1996683408,5043760,5,Customer service was very helpful.,Customer Service,Positive,30-01-2024
9298983,3660010934,83577942,1,Not worth the price I paid.,Delivery,Negative,31-01-2024
9479999,2954397481,93318833,1,Items were missing from my order.,Product Quality,Negative,31-01-2024
3252378,7891517071,78412820,3,I had a bad experience.,Customer Service,Negative,31-01-2024
8292947,6804747901,89619421,3,"It was okay, nothing special.",App Experience,Neutral,31-01-2024
6231474,2307375554,95768401,1,Product was damaged during delivery.,Delivery,Negative,31-01-2024
1962583,5396237918,8228843,4,"Average experience, could improve.",Delivery,Neutral,31-01-2024
9583761,5091640382,64141971,5,Very happy with the service!,Product Quality,Positive,31-01-2024
1095546,1717841423,87954926,4,"Average experience, could improve.",App Experience,Neutral,31-01-2024
8066722,9732307600,81757554,3,"Nothing to complain about, but nothing exceptional.",Delivery,Neutral,31-01-2024
3742061,1825560091,41494867,3,"Delivery was fine, but the product could be better.",Product Quality,Neutral,31-01-2024
1977420,7970608721,60385293,4,Customer service was very helpful.,Customer Service,Positive,31-01-2024
9293552,4270217473,54580166,4,The product met my expectations.,Customer Service,Neutral,01-02-2024
155823,6900896329,65903057,4,Very happy with the service!,Customer Service,Positive,01-02-2024
7616251,8565611606,85854265,4,The product met my expectations.,Customer Service,Neutral,01-02-2024
9000862,7112919210,55693909,4,"Nothing to complain about, but nothing exceptional.",Customer Service,Neutral,01-02-2024
9416879,7659532788,22112867,3,The product met my expectations.,Delivery,Neutral,01-02-2024
1404411,6602362287,5961261,1,Taste was not as expected.,Delivery,Negative,01-02-2024
6196664,8793868975,16256136,3,The packaging was poor.,Customer Service,Negative,01-02-2024
3244974,530588807,25722990,4,The product met my expectations.,Customer Service,Neutral,01-02-2024
9551637,5441946621,40256341,5,Good selection of products.,Customer Service,Positive,01-02-2024
7621707,3434084714,46836361,4,Highly recommended!,Product Quality,Positive,02-02-2024
1795388,687711388,52757321,5,Great prices and fast delivery!,App Experience,Positive,02-02-2024
9394914,9118004489,37288781,3,"Nothing to complain about, but nothing exceptional.",App Experience,Neutral,02-02-2024
9868870,936021770,79960955,4,"Overall good experience, thank you!",Product Quality,Positive,02-02-2024
8224785,4723165081,29562254,3,"Average experience, could improve.",Product Quality,Neutral,02-02-2024
1882765,7605774154,6150721,5,"Excellent quality, will buy again!",Customer Service,Positive,02-02-2024
2424668,9478305481,92409489,3,The product met my expectations.,Customer Service,Neutral,02-02-2024
6821444,9057555029,60446619,3,Delivery was late and I was unhappy.,App Experience,Negative,02-02-2024
1366425,5111073873,75984768,2,Taste was not as expected.,Product Quality,Negative,02-02-2024
1094004,3577900599,28286754,4,Good selection of products.,Customer Service,Positive,02-02-2024
5277661,3712789789,20634789,4,"Nothing to complain about, but nothing exceptional.",Product Quality,Neutral,02-02-2024
8111644,2137046916,12059049,4,"Overall good experience, thank you!",Customer Service,Positive,03-02-2024
261554,3872982303,15484407,4,"It was okay, nothing special.",Delivery,Neutral,03-02-2024
8506288,6139157985,88517890,3,Taste was not as expected.,Product Quality,Negative,03-02-2024
4350650,5314758068,48776805,4,"Delivery was fine, but the product could be better.",Customer Service,Neutral,03-02-2024
4521726,9915229426,12832151,2,Customer service was not helpful.,Product Quality,Negative,03-02-2024
2547480,8102675591,51119088,5,Highly recommended!,Customer Service,Positive,03-02-2024
600642,7667555396,13796199,4,"It was okay, nothing special.",Customer Service,Neutral,03-02-2024
4950490,7689275881,54580166,3,"Average experience, could improve.",Delivery,Neutral,03-02-2024
7037520,6412390967,66023110,3,"Nothing to complain about, but nothing exceptional.",App Experience,Neutral,03-02-2024
5285441,1131338162,21201299,4,Will definitely order again.,App Experience,Positive,03-02-2024
1298854,3781134163,61320989,3,"It was okay, nothing special.",App Experience,Neutral,03-02-2024
4553406,2121652047,65815155,4,"Average experience, could improve.",App Experience,Neutral,03-02-2024
2778967,4197061567,52757321,5,Great prices and fast delivery!,Customer Service,Positive,04-02-2024
8462266,5514326011,95364457,1,Very disappointed with the quality.,Delivery,Negative,04-02-2024
2668183,4961370923,61020,4,"Average experience, could improve.",Delivery,Neutral,04-02-2024
9305973,6825742544,29689766,4,The product met my expectations.,Product Quality,Neutral,04-02-2024
1489198,4726427550,93699264,4,"Average experience, could improve.",Customer Service,Neutral,04-02-2024
8168201,4925321106,77214094,4,"Average experience, could improve.",Customer Service,Neutral,04-02-2024
9248022,2686390867,45071436,3,"Nothing to complain about, but nothing exceptional.",App Experience,Neutral,04-02-2024
7800873,8380133046,40392019,5,Customer service was very helpful.,Customer Service,Positive,05-02-2024
3354327,3829990099,60379302,3,I had a bad experience.,Customer Service,Negative,05-02-2024
9683683,8007222259,31940833,5,Very happy with the service!,Delivery,Positive,05-02-2024
344048,4471162437,27971619,4,"It was okay, nothing special.",App Experience,Neutral,06-02-2024
4637528,3260611473,12832151,2,The packaging was poor.,Customer Service,Negative,06-02-2024
1605595,2571163022,59345983,4,The product met my expectations.,Product Quality,Neutral,06-02-2024
6953419,8686093533,30823988,5,Will definitely order again.,Customer Service,Positive,06-02-2024
4041388,7041011843,35705377,3,Very disappointed with the quality.,App Experience,Negative,06-02-2024
757618,1844073851,38808614,2,The order was incorrect.,App Experience,Negative,06-02-2024
8073507,5865396281,84119685,2,Not worth the price I paid.,App Experience,Negative,06-02-2024
3170349,114306835,13251137,4,"Overall good experience, thank you!",Delivery,Positive,06-02-2024
2145704,9457009010,80858127,3,The product met my expectations.,Delivery,Neutral,06-02-2024
2371030,1673794089,48167795,3,Customer service was not helpful.,Delivery,Negative,06-02-2024
5836719,3018086191,76359458,1,Items were missing from my order.,App Experience,Negative,07-02-2024
4433508,7406514357,20298398,4,"Nothing to complain about, but nothing exceptional.",Delivery,Neutral,07-02-2024
7956230,3991011923,19182548,2,Taste was not as expected.,App Experience,Negative,07-02-2024
2354752,9239241275,57291761,2,Customer service was not helpful.,Delivery,Negative,07-02-2024
4594226,5142985961,2457734,3,Customer service was not helpful.,Delivery,Negative,07-02-2024
4940244,2177917034,12402437,5,Will definitely order again.,App Experience,Positive,08-02-2024
4364701,9870610018,94033330,2,Customer service was not helpful.,Product Quality,Negative,08-02-2024
455219,5815833211,31940833,5,Highly recommended!,App Experience,Positive,08-02-2024
9823807,8905341102,80862136,5,Very fresh and well-packaged.,App Experience,Positive,08-02-2024
9478618,556665455,32500305,4,Good selection of products.,Delivery,Positive,08-02-2024
6613978,5434328922,67340606,3,The order was incorrect.,Delivery,Negative,08-02-2024
1797913,5743074720,44828791,4,Good selection of products.,Product Quality,Positive,08-02-2024
4442999,3892854030,74179536,1,The order was incorrect.,App Experience,Negative,08-02-2024
57956,1498157233,19180962,4,Highly recommended!,Delivery,Positive,08-02-2024
5052091,1887687323,85518832,1,Customer service was not helpful.,App Experience,Negative,08-02-2024
6604472,9321629905,79206969,4,"Delivery was fine, but the product could be better.",App Experience,Neutral,08-02-2024
3159654,9810964144,51476157,5,Very happy with the service!,Product Quality,Positive,08-02-2024
3907325,2177207547,92245432,4,Customer service was very helpful.,Product Quality,Positive,09-02-2024
9496117,4741574337,40841791,4,"Overall good experience, thank you!",Customer Service,Positive,09-02-2024
3704966,7296733293,86715467,2,The packaging was poor.,Delivery,Negative,09-02-2024
5140466,4058658914,96001315,4,"It was okay, nothing special.",Product Quality,Neutral,09-02-2024
3335234,3363683548,43367112,3,The product met my expectations.,Delivery,Neutral,09-02-2024
2936081,768283559,24621386,5,Highly recommended!,App Experience,Positive,09-02-2024
3797948,1888247163,79630614,1,The packaging was poor.,App Experience,Negative,09-02-2024
4943115,9430139302,59329145,4,"Average experience, could improve.",App Experience,Neutral,09-02-2024
3188195,7863496069,63802820,5,"Excellent quality, will buy again!",Product Quality,Positive,09-02-2024
3832333,9830742370,49806393,4,Highly recommended!,Customer Service,Positive,09-02-2024
7629553,8453462258,2875442,3,"It was okay, nothing special.",Product Quality,Neutral,10-02-2024
5949534,3108512811,15417130,4,The product met my expectations.,Customer Service,Neutral,10-02-2024
8930912,6752221435,64197854,4,"Overall good experience, thank you!",Product Quality,Positive,10-02-2024
7769298,3270131216,56604077,1,Product was damaged during delivery.,Delivery,Negative,10-02-2024
3955477,4813468096,34668988,3,"It was okay, nothing special.",Customer Service,Neutral,10-02-2024
4407642,6873424093,35705377,5,"Overall good experience, thank you!",Customer Service,Positive,10-02-2024
5733557,6873267326,45546750,4,"It was okay, nothing special.",App Experience,Neutral,10-02-2024
7843030,8100314462,15345667,4,Very happy with the service!,App Experience,Positive,10-02-2024
3911487,2730458449,13383642,4,Customer service was very helpful.,Delivery,Positive,10-02-2024
231413,776389097,10797688,3,"Delivery was fine, but the product could be better.",App Experience,Neutral,10-02-2024
2913936,7316642056,92404798,5,Very happy with the service!,Customer Service,Positive,10-02-2024
5796198,8756485728,97466783,3,"It was okay, nothing special.",Product Quality,Neutral,10-02-2024
3201520,8622799862,5386246,3,"It was okay, nothing special.",Delivery,Neutral,10-02-2024
7383305,7565768030,15830066,1,Customer service was not helpful.,Product Quality,Negative,10-02-2024
5993416,7112725384,21658322,2,Not worth the price I paid.,Delivery,Negative,10-02-2024
6044805,1255941187,38420886,4,"Nothing to complain about, but nothing exceptional.",Product Quality,Neutral,10-02-2024
2831845,9091960039,13455530,3,Product was damaged during delivery.,Product Quality,Negative,11-02-2024
4991618,7463392603,46684081,3,"Delivery was fine, but the product could be better.",Delivery,Neutral,11-02-2024
3997315,8573833987,12988801,4,Highly recommended!,App Experience,Positive,11-02-2024
5556530,7962511808,60371334,5,Highly recommended!,App Experience,Positive,11-02-2024
9559017,1023485121,63310076,3,The product met my expectations.,Delivery,Neutral,11-02-2024
6634230,8523250818,77673290,4,"Overall good experience, thank you!",App Experience,Positive,11-02-2024
502958,2417680703,30823988,5,"Overall good experience, thank you!",Delivery,Positive,11-02-2024
8624509,2793638565,26844216,5,Will definitely order again.,Product Quality,Positive,11-02-2024
2060823,6883107728,97492493,3,"It was okay, nothing special.",Product Quality,Neutral,11-02-2024
8409823,5018325783,52862822,1,Items were missing from my order.,Product Quality,Negative,11-02-2024
666838,7680297690,1705969,5,Very fresh and well-packaged.,App Experience,Positive,12-02-2024
1415437,2731829604,46615831,3,"It was okay, nothing special.",Product Quality,Neutral,12-02-2024
9421301,8472487149,74761384,2,Not worth the price I paid.,Product Quality,Negative,12-02-2024
4265813,6353755071,41972994,3,Items were missing from my order.,Delivery,Negative,12-02-2024
5641062,343239069,41439103,1,Very disappointed with the quality.,Delivery,Negative,12-02-2024
8138462,7361440096,82529927,3,"Delivery was fine, but the product could be better.",Delivery,Neutral,12-02-2024
2468637,7143278295,50557979,5,Great prices and fast delivery!,Product Quality,Positive,13-02-2024
2457038,3749174258,38902193,4,Good selection of products.,Product Quality,Positive,13-02-2024
198798,8209051735,69416782,3,"Delivery was fine, but the product could be better.",Customer Service,Neutral,13-02-2024
5935254,8851743592,70608515,4,"Average experience, could improve.",Product Quality,Neutral,13-02-2024
1323945,7965253060,95912198,5,Good selection of products.,Customer Service,Positive,13-02-2024
1199866,8914775994,68985290,4,"Overall good experience, thank you!",Product Quality,Positive,13-02-2024
8996588,7821942520,84468124,3,"Delivery was fine, but the product could be better.",Delivery,Neutral,13-02-2024
1911500,7640576778,83236183,2,Product was damaged during delivery.,Product Quality,Negative,13-02-2024
1136687,3091948113,77306672,4,"Overall good experience, thank you!",App Experience,Positive,13-02-2024
7800038,3317293496,76917159,1,Not worth the price I paid.,Delivery,Negative,13-02-2024
1432881,9979010790,13465850,4,Very fresh and well-packaged.,Delivery,Positive,13-02-2024
5256521,6418255337,63948546,4,Good selection of products.,Delivery,Positive,13-02-2024
433454,7509638056,35912599,4,"Average experience, could improve.",App Experience,Neutral,13-02-2024
389061,3503438244,24745800,2,Very disappointed with the quality.,App Experience,Negative,14-02-2024
4647007,8873697539,91384030,4,Good selection of products.,Delivery,Positive,14-02-2024
3266475,8068903161,11705793,4,The product met my expectations.,Customer Service,Neutral,14-02-2024
2274190,8354866000,80696046,2,The order was incorrect.,Product Quality,Negative,15-02-2024
1551406,7562754470,10700664,3,I had a bad experience.,Customer Service,Negative,15-02-2024
9318477,5123439997,89886179,4,"Average experience, could improve.",Delivery,Neutral,15-02-2024
2677176,4898477588,66766629,3,The order was incorrect.,Product Quality,Negative,15-02-2024
9059940,3473012553,89669139,2,Very disappointed with the quality.,Customer Service,Negative,16-02-2024
408309,1023260165,10683250,3,The product met my expectations.,Delivery,Neutral,16-02-2024
2192927,6919395718,91550885,3,"Delivery was fine, but the product could be better.",Delivery,Neutral,16-02-2024
7464077,3227252410,83023956,4,The product met my expectations.,App Experience,Neutral,16-02-2024
3992498,7660037070,82585664,3,"Delivery was fine, but the product could be better.",App Experience,Neutral,16-02-2024
8504990,6314310505,42272393,3,"Average experience, could improve.",Delivery,Neutral,16-02-2024
6878301,7655293952,23348269,4,"Nothing to complain about, but nothing exceptional.",Delivery,Neutral,16-02-2024
9094122,3224986973,66761643,5,Great prices and fast delivery!,App Experience,Positive,16-02-2024
9491648,1129887168,21201299,4,"It was okay, nothing special.",Delivery,Neutral,16-02-2024
919987,1295268290,70168151,4,"It was okay, nothing special.",App Experience,Neutral,16-02-2024
6964481,5794917332,12574626,3,I had a bad experience.,Product Quality,Negative,16-02-2024
5614682,2122832513,55028958,1,Customer service was not helpful.,Customer Service,Negative,17-02-2024
5931641,1002438039,85198177,1,The packaging was poor.,Customer Service,Negative,17-02-2024
6592934,3942174431,84257716,5,Will definitely order again.,App Experience,Positive,17-02-2024
5347347,5923573134,22800586,3,The packaging was poor.,Customer Service,Negative,17-02-2024
4886279,626433439,41640262,1,Delivery was late and I was unhappy.,Product Quality,Negative,17-02-2024
8338891,3986082657,49152878,1,The packaging was poor.,App Experience,Negative,17-02-2024
8315550,3808010352,23126356,5,Great prices and fast delivery!,Customer Service,Positive,17-02-2024
6109075,5378344982,33658749,4,Customer service was very helpful.,App Experience,Positive,17-02-2024
3079122,581178324,12277039,3,"Average experience, could improve.",Product Quality,Neutral,17-02-2024
4645106,1736953222,86704661,5,Highly recommended!,Delivery,Positive,18-02-2024
5259898,7671357353,16420489,4,The product met my expectations.,Product Quality,Neutral,18-02-2024
2442565,6946637946,70372270,4,"Nothing to complain about, but nothing exceptional.",Customer Service,Neutral,18-02-2024
199155,2295441899,58644651,4,Items were in perfect condition.,Delivery,Positive,18-02-2024
8800771,3064828239,6186471,4,Will definitely order again.,Delivery,Positive,18-02-2024
1044294,2320560482,27709218,4,"Excellent quality, will buy again!",Delivery,Positive,18-02-2024
5516770,8454449180,79672044,4,The product met my expectations.,Delivery,Neutral,18-02-2024
9777731,8281093933,67277562,3,"It was okay, nothing special.",Customer Service,Neutral,18-02-2024
9786423,6322372546,43052303,1,I had a bad experience.,Product Quality,Negative,19-02-2024
5072671,6558001978,88520326,3,Taste was not as expected.,Product Quality,Negative,19-02-2024
5156321,1282422181,188838,3,Very disappointed with the quality.,App Experience,Negative,19-02-2024
3288975,2716611235,85626346,2,Delivery was late and I was unhappy.,Delivery,Negative,19-02-2024
1431116,5234194751,14207332,4,Very happy with the service!,App Experience,Positive,19-02-2024
2310479,6856986497,3421258,4,"Nothing to complain about, but nothing exceptional.",Customer Service,Neutral,19-02-2024
4755342,238520071,77320193,2,Delivery was late and I was unhappy.,Product Quality,Negative,20-02-2024
4229076,551343632,59840071,5,Customer service was very helpful.,App Experience,Positive,20-02-2024
1700955,101816977,26903313,5,Great prices and fast delivery!,Delivery,Positive,20-02-2024
7053125,2034571482,86167288,4,"Nothing to complain about, but nothing exceptional.",Delivery,Neutral,20-02-2024
3365462,2521197661,13251137,4,"Overall good experience, thank you!",Delivery,Positive,20-02-2024
714006,8022168472,70230254,4,"Delivery was fine, but the product could be better.",Delivery,Neutral,20-02-2024
4268297,7201868330,89669139,2,The order was incorrect.,Product Quality,Negative,20-02-2024
1398922,5956863364,24821281,3,Not worth the price I paid.,Customer Service,Negative,20-02-2024
1465773,711316410,25587553,5,Very happy with the service!,Customer Service,Positive,20-02-2024
7382684,8556607504,68703613,4,"Nothing to complain about, but nothing exceptional.",Delivery,Neutral,20-02-2024
7999231,2388792163,81160474,4,Highly recommended!,App Experience,Positive,20-02-2024
7512447,6900876252,87984862,4,Items were in perfect condition.,Product Quality,Positive,21-02-2024
2319343,8444509148,64141971,2,Taste was not as expected.,Delivery,Negative,21-02-2024
7057209,9087377568,54038173,3,The product met my expectations.,App Experience,Neutral,21-02-2024
6330069,4043585691,61121421,4,"Overall good experience, thank you!",Delivery,Positive,21-02-2024
5282550,1070876534,59329145,4,"Delivery was fine, but the product could be better.",App Experience,Neutral,21-02-2024
3872293,9296105870,77614510,5,Very happy with the service!,App Experience,Positive,21-02-2024
1130375,1126011099,53557741,4,"Overall good experience, thank you!",App Experience,Positive,21-02-2024
9414859,1988898073,78157360,4,The product met my expectations.,App Experience,Neutral,21-02-2024
8573577,3884862300,51544662,4,"Nothing to complain about, but nothing exceptional.",Product Quality,Neutral,21-02-2024
3638438,8208980848,17341194,5,Very happy with the service!,App Experience,Positive,21-02-2024
1670300,313663478,6959437,4,Customer service was very helpful.,Product Quality,Positive,21-02-2024
9536980,3186586558,9987182,5,Highly recommended!,Delivery,Positive,21-02-2024
1208750,5998035939,88324928,5,Highly recommended!,App Experience,Positive,22-02-2024
6314356,6976835753,29973346,4,Good selection of products.,Customer Service,Positive,22-02-2024
6819603,9345418784,58644651,2,Delivery was late and I was unhappy.,Customer Service,Negative,22-02-2024
3904154,9099298435,2233446,4,"Nothing to complain about, but nothing exceptional.",App Experience,Neutral,22-02-2024
7391471,4740213452,84066402,2,Very disappointed with the quality.,Customer Service,Negative,22-02-2024
3673091,7388846009,59094034,3,"Delivery was fine, but the product could be better.",Customer Service,Neutral,22-02-2024
7065793,4959271803,11082181,5,Very happy with the service!,App Experience,Positive,22-02-2024
4411189,8203685394,40192266,5,Great prices and fast delivery!,Customer Service,Positive,23-02-2024
2640301,5761530160,84824280,3,"Delivery was fine, but the product could be better.",Delivery,Neutral,23-02-2024
5337734,2979246068,61763552,3,"Average experience, could improve.",Delivery,Neutral,23-02-2024
5545179,8765283513,21461764,5,Good selection of products.,App Experience,Positive,23-02-2024
3218067,6468633344,29324437,4,Very happy with the service!,Product Quality,Positive,23-02-2024
5478195,6388954643,80286283,4,Will definitely order again.,Customer Service,Positive,23-02-2024
3046907,4067366774,19482392,4,Great prices and fast delivery!,App Experience,Positive,23-02-2024
7791110,52324496,81605722,2,I had a bad experience.,Customer Service,Negative,23-02-2024
8771499,3405089431,96629034,3,I had a bad experience.,Customer Service,Negative,23-02-2024
4993673,2620531979,8651281,3,The order was incorrect.,Customer Service,Negative,24-02-2024
664713,7960553477,4356173,4,"It was okay, nothing special.",Customer Service,Neutral,24-02-2024
6335439,3211566084,45383958,2,Delivery was late and I was unhappy.,Customer Service,Negative,24-02-2024
1074882,4062815570,98152679,3,"Nothing to complain about, but nothing exceptional.",Delivery,Neutral,24-02-2024
4412931,1427911940,20634789,3,The product met my expectations.,Delivery,Neutral,24-02-2024
8221229,7595842583,90150193,1,Very disappointed with the quality.,Product Quality,Negative,24-02-2024
6661876,9623704312,38613295,3,"Nothing to complain about, but nothing exceptional.",Product Quality,Neutral,24-02-2024
9599937,5037688536,49756591,4,Customer service was very helpful.,App Experience,Positive,24-02-2024
7138661,1952343673,68965787,3,Very disappointed with the quality.,Customer Service,Negative,24-02-2024
4576752,1814491335,27336589,5,Very happy with the service!,App Experience,Positive,24-02-2024
8868668,5142069216,35459748,4,"Delivery was fine, but the product could be better.",Product Quality,Neutral,25-02-2024
4714369,8132887999,84456355,2,The packaging was poor.,Product Quality,Negative,25-02-2024
6003407,744721438,67092149,3,The product met my expectations.,Product Quality,Neutral,25-02-2024
7144855,4064447117,6061349,3,"Nothing to complain about, but nothing exceptional.",Delivery,Neutral,25-02-2024
7016969,7009303199,85519349,3,"It was okay, nothing special.",App Experience,Neutral,25-02-2024
7249025,4324086468,68486301,1,The order was incorrect.,Customer Service,Negative,25-02-2024
293761,2480611325,30823988,3,"It was okay, nothing special.",Product Quality,Neutral,25-02-2024
1291061,8396250231,46088132,3,"Nothing to complain about, but nothing exceptional.",App Experience,Neutral,26-02-2024
3924102,8398774908,90448312,3,Delivery was late and I was unhappy.,Product Quality,Negative,26-02-2024
6646276,4439677910,91791128,2,Delivery was late and I was unhappy.,App Experience,Negative,26-02-2024
4170052,4538204462,35812567,1,I had a bad experience.,App Experience,Negative,26-02-2024
595801,5626601040,19091057,4,Very fresh and well-packaged.,Product Quality,Positive,26-02-2024
7147494,552470423,4394659,3,I had a bad experience.,Customer Service,Negative,27-02-2024
6750176,5790622967,81091233,4,"Delivery was fine, but the product could be better.",Customer Service,Neutral,27-02-2024
8458096,9933994647,83304571,1,Items were missing from my order.,Delivery,Negative,27-02-2024
7592490,8377146126,33331259,5,Highly recommended!,Customer Service,Positive,27-02-2024
300180,1911064507,40055711,2,The packaging was poor.,App Experience,Negative,27-02-2024
7067800,2914506024,31940833,2,Not worth the price I paid.,App Experience,Negative,27-02-2024
2339018,1595123446,30188374,4,Will definitely order again.,Customer Service,Positive,27-02-2024
2240470,7706841114,68016312,4,"Delivery was fine, but the product could be better.",Delivery,Neutral,27-02-2024
6190057,3984108726,31576845,2,I had a bad experience.,App Experience,Negative,27-02-2024
9238973,47953423,96806748,4,The product met my expectations.,Product Quality,Neutral,27-02-2024
4580019,8396649871,2517955,5,Customer service was very helpful.,Delivery,Positive,27-02-2024
5766318,8183315245,80499378,3,"It was okay, nothing special.",App Experience,Neutral,27-02-2024
5746169,8966870214,59518795,5,"Excellent quality, will buy again!",Customer Service,Positive,27-02-2024
7278640,340113260,83039559,5,Highly recommended!,Product Quality,Positive,27-02-2024
4463843,2875550803,40387944,1,Delivery was late and I was unhappy.,App Experience,Negative,28-02-2024
2758940,7352532839,9738801,5,Highly recommended!,Customer Service,Positive,28-02-2024
4861693,2624508626,63262519,3,"Nothing to complain about, but nothing exceptional.",Product Quality,Neutral,28-02-2024
5942451,9880145668,39317905,1,Customer service was not helpful.,Product Quality,Negative,28-02-2024
82928,3941137932,84929351,3,Delivery was late and I was unhappy.,Customer Service,Negative,28-02-2024
3944704,9046226901,38728779,5,Items were in perfect condition.,App Experience,Positive,28-02-2024
6165350,4636134267,57642258,4,The product met my expectations.,Product Quality,Neutral,28-02-2024
3128991,9069556587,41811800,3,Delivery was late and I was unhappy.,Customer Service,Negative,29-02-2024
3949778,9657782153,87251489,3,Delivery was late and I was unhappy.,Customer Service,Negative,29-02-2024
3356696,8426465860,88045094,1,The order was incorrect.,App Experience,Negative,29-02-2024
5854126,3036885153,4789829,2,Items were missing from my order.,App Experience,Negative,29-02-2024
7602011,5352265711,75928073,3,The order was incorrect.,Customer Service,Negative,29-02-2024
3845089,7075868285,5226128,3,Not worth the price I paid.,Delivery,Negative,01-03-2024
7941313,9590518103,62323608,4,Very fresh and well-packaged.,App Experience,Positive,01-03-2024
9033997,9135272808,21701991,3,"Delivery was fine, but the product could be better.",App Experience,Neutral,01-03-2024
2894458,5321849748,84468124,4,Items were in perfect condition.,Customer Service,Positive,01-03-2024
2605479,5887288860,40587811,4,"Nothing to complain about, but nothing exceptional.",Delivery,Neutral,01-03-2024
1837680,3329455953,31371112,1,The order was incorrect.,Delivery,Negative,01-03-2024
674920,5278249111,78267238,3,Product was damaged during delivery.,Product Quality,Negative,01-03-2024
1028818,2649487718,81346291,4,"Average experience, could improve.",Delivery,Neutral,01-03-2024
637720,6009342120,59620534,1,Not worth the price I paid.,Customer Service,Negative,02-03-2024
8608633,942025494,62679120,4,Very happy with the service!,Customer Service,Positive,02-03-2024
5453100,8697966993,85869195,4,Good selection of products.,Customer Service,Positive,02-03-2024
2935962,1991167685,37309023,5,Very fresh and well-packaged.,Product Quality,Positive,02-03-2024
2020446,2185319815,19180962,3,Items were missing from my order.,Delivery,Negative,02-03-2024
911310,752185231,24633671,5,"Excellent quality, will buy again!",Product Quality,Positive,02-03-2024
6593156,9811235698,58929595,4,"Delivery was fine, but the product could be better.",App Experience,Neutral,02-03-2024
9950556,2936701883,28286754,5,Very fresh and well-packaged.,App Experience,Positive,02-03-2024
5219253,4467084478,30447453,4,Customer service was very helpful.,Customer Service,Positive,03-03-2024
362314,4305348838,63630649,1,Not worth the price I paid.,Delivery,Negative,03-03-2024
6731871,447464341,89669139,3,The packaging was poor.,Customer Service,Negative,03-03-2024
4050948,2823404098,81377917,3,"It was okay, nothing special.",Delivery,Neutral,03-03-2024
6268912,6061353924,49241309,5,Great prices and fast delivery!,App Experience,Positive,03-03-2024
6545946,3494650073,49806393,4,"Excellent quality, will buy again!",Customer Service,Positive,03-03-2024
9833616,4302375314,96253172,1,Very disappointed with the quality.,Customer Service,Negative,03-03-2024
9089143,5216555041,30188374,1,I had a bad experience.,Delivery,Negative,03-03-2024
1832317,4244306883,2584499,4,"Excellent quality, will buy again!",Customer Service,Positive,03-03-2024
9295353,5684182622,29095552,5,Highly recommended!,Product Quality,Positive,03-03-2024
8958766,5819887962,49433260,5,Will definitely order again.,Customer Service,Positive,03-03-2024
6468061,105578518,38615653,5,Items were in perfect condition.,App Experience,Positive,03-03-2024
1307363,1491991005,52215833,3,Very disappointed with the quality.,Product Quality,Negative,04-03-2024
9615162,5311190131,19482392,2,Taste was not as expected.,Product Quality,Negative,04-03-2024
7017828,9284767341,82160592,4,Great prices and fast delivery!,Customer Service,Positive,04-03-2024
9857802,6081384585,94529626,4,"Nothing to complain about, but nothing exceptional.",Delivery,Neutral,04-03-2024
8144657,8329733630,46717997,2,Product was damaged during delivery.,Delivery,Negative,04-03-2024
1841197,9936118648,54885705,2,I had a bad experience.,App Experience,Negative,04-03-2024
4739077,5211206337,84824280,5,Good selection of products.,Delivery,Positive,04-03-2024
3386806,3667250123,7728406,2,Very disappointed with the quality.,Product Quality,Negative,04-03-2024
7083366,4735339432,29653387,3,Taste was not as expected.,App Experience,Negative,04-03-2024
7192391,8971899775,92118758,3,"Delivery was fine, but the product could be better.",Product Quality,Neutral,04-03-2024
8795229,2801605687,16561710,3,Very disappointed with the quality.,Customer Service,Negative,04-03-2024
911432,1215008706,68219091,4,"Delivery was fine, but the product could be better.",App Experience,Neutral,04-03-2024
5360361,5085005195,2684440,4,Items were in perfect condition.,Delivery,Positive,05-03-2024
6724114,9209192342,42227189,1,Items were missing from my order.,Customer Service,Negative,05-03-2024
3000338,4275746826,44410149,4,Customer service was very helpful.,Delivery,Positive,05-03-2024
3410299,140980199,27504517,3,"Average experience, could improve.",Customer Service,Neutral,05-03-2024
5722347,4850653474,66932104,3,"Average experience, could improve.",Customer Service,Neutral,05-03-2024
4416255,5480656353,11446157,3,"Average experience, could improve.",Customer Service,Neutral,05-03-2024
7871902,1255323701,51669263,2,Delivery was late and I was unhappy.,Delivery,Negative,06-03-2024
1368414,8510312737,89361574,4,Customer service was very helpful.,App Experience,Positive,06-03-2024
7701161,6445700839,4988545,3,Very disappointed with the quality.,Customer Service,Negative,06-03-2024
5679464,868288823,65772743,4,Items were in perfect condition.,App Experience,Positive,06-03-2024
350130,89194627,37947202,2,Customer service was not helpful.,Product Quality,Negative,06-03-2024
1723129,1353492780,57765367,3,The product met my expectations.,Customer Service,Neutral,06-03-2024
5035286,6417774057,22800586,2,Very disappointed with the quality.,Customer Service,Negative,06-03-2024
4329893,9799231260,22077605,4,"Nothing to complain about, but nothing exceptional.",Customer Service,Neutral,07-03-2024
9297487,5388573375,77128325,4,"Average experience, could improve.",Delivery,Neutral,07-03-2024
4404688,605779703,8881320,4,Highly recommended!,Customer Service,Positive,07-03-2024
8607255,8086834412,23286884,4,Good selection of products.,Delivery,Positive,08-03-2024
4540343,6938082428,19741509,3,"Delivery was fine, but the product could be better.",Delivery,Neutral,08-03-2024
8549500,8664447334,25829710,4,"Nothing to complain about, but nothing exceptional.",Product Quality,Neutral,08-03-2024
9546144,6158083683,78158536,5,"Overall good experience, thank you!",Customer Service,Positive,08-03-2024
51332,7510849424,82585664,4,"Delivery was fine, but the product could be better.",Customer Service,Neutral,08-03-2024
7708785,3675914158,89361574,4,Highly recommended!,Customer Service,Positive,08-03-2024
8001293,3153811191,87335844,4,Will definitely order again.,Customer Service,Positive,08-03-2024
1158149,218821567,95428692,3,The product met my expectations.,Customer Service,Neutral,08-03-2024
6324886,5630323534,98218863,5,Very fresh and well-packaged.,Delivery,Positive,08-03-2024
1258471,2325405669,20834589,5,Very happy with the service!,Delivery,Positive,08-03-2024
8577018,8498666384,37556526,4,Good selection of products.,Customer Service,Positive,08-03-2024
7343647,840761323,83262890,5,"Excellent quality, will buy again!",Customer Service,Positive,09-03-2024
4202073,4060449266,1771249,5,Good selection of products.,Customer Service,Positive,09-03-2024
2548472,8879377902,61320989,3,The product met my expectations.,Customer Service,Neutral,09-03-2024
693454,8596751747,66359719,1,Product was damaged during delivery.,Product Quality,Negative,09-03-2024
4960526,8290229112,88923048,4,The product met my expectations.,Delivery,Neutral,09-03-2024
2598961,7337555525,44223796,1,The order was incorrect.,Customer Service,Negative,09-03-2024
2957419,9628875555,11470681,3,"It was okay, nothing special.",App Experience,Neutral,09-03-2024
2445457,3303209513,70084516,2,Very disappointed with the quality.,Customer Service,Negative,09-03-2024
7611885,3367039425,86050297,3,"It was okay, nothing special.",App Experience,Neutral,10-03-2024
2453413,9594095277,27604184,5,Great prices and fast delivery!,Delivery,Positive,10-03-2024
3958853,1775389576,15830066,4,"Delivery was fine, but the product could be better.",Product Quality,Neutral,10-03-2024
2753841,7128038799,6724509,3,"Delivery was fine, but the product could be better.",Product Quality,Neutral,10-03-2024
9027609,6721093047,22054087,3,"It was okay, nothing special.",App Experience,Neutral,10-03-2024
8577298,9000851345,81822494,4,"Overall good experience, thank you!",Product Quality,Positive,10-03-2024
4135195,2639216409,37702698,4,Great prices and fast delivery!,Customer Service,Positive,10-03-2024
2621125,7642038633,27709218,3,The order was incorrect.,Delivery,Negative,10-03-2024
3569673,4109483569,92416428,1,The order was incorrect.,Delivery,Negative,10-03-2024
9128705,9606925547,45659330,3,I had a bad experience.,App Experience,Negative,10-03-2024
9135740,924888012,79298972,5,Highly recommended!,Delivery,Positive,10-03-2024
5063494,2295700159,83023956,4,Customer service was very helpful.,App Experience,Positive,11-03-2024
9556418,1680591951,7288562,2,Product was damaged during delivery.,Delivery,Negative,11-03-2024
5677952,6602340187,38875754,3,"It was okay, nothing special.",Delivery,Neutral,11-03-2024
7097350,9670158103,63262519,3,"It was okay, nothing special.",App Experience,Neutral,11-03-2024
202063,1194228460,61516967,5,Highly recommended!,Customer Service,Positive,11-03-2024
370245,6083487488,11143197,5,"Excellent quality, will buy again!",Delivery,Positive,11-03-2024
4748669,1706445141,93370787,3,Taste was not as expected.,App Experience,Negative,11-03-2024
6342987,4508784747,3483295,3,The product met my expectations.,Product Quality,Neutral,11-03-2024
9773678,7017136473,50680889,3,Product was damaged during delivery.,App Experience,Negative,11-03-2024
7592648,5952886441,16420489,2,Very disappointed with the quality.,Delivery,Negative,12-03-2024
3514343,7346145952,96629258,4,"Nothing to complain about, but nothing exceptional.",Customer Service,Neutral,12-03-2024
7390259,8161349145,19080489,3,Product was damaged during delivery.,Customer Service,Negative,12-03-2024
7394180,9244122658,1588560,5,"Overall good experience, thank you!",App Experience,Positive,12-03-2024
3193693,828017545,12622901,4,Will definitely order again.,App Experience,Positive,12-03-2024
2887519,8875483494,34787383,5,Will definitely order again.,Product Quality,Positive,12-03-2024
1247723,1687314172,82425179,4,Good selection of products.,App Experience,Positive,13-03-2024
6630115,1757159071,59094034,1,The packaging was poor.,App Experience,Negative,13-03-2024
492696,9578652103,34839913,5,Very fresh and well-packaged.,App Experience,Positive,13-03-2024
249410,6585436114,65895091,3,"Delivery was fine, but the product could be better.",App Experience,Neutral,13-03-2024
515450,7558107764,50968312,4,Great prices and fast delivery!,Customer Service,Positive,13-03-2024
6821367,5220651138,91768226,2,Product was damaged during delivery.,Customer Service,Negative,13-03-2024
699175,7465280557,26863280,2,Not worth the price I paid.,App Experience,Negative,13-03-2024
8813121,3280431261,48268435,3,The product met my expectations.,Delivery,Neutral,13-03-2024
9403859,2479115586,55056284,4,"Delivery was fine, but the product could be better.",Customer Service,Neutral,14-03-2024
2853591,9258876870,26303194,3,Very disappointed with the quality.,Delivery,Negative,14-03-2024
5503916,2616618240,12402437,4,Items were in perfect condition.,Delivery,Positive,14-03-2024
6532844,9964671001,79591237,4,"Overall good experience, thank you!",Delivery,Positive,14-03-2024
575957,2843642858,46208150,4,Highly recommended!,Delivery,Positive,14-03-2024
6796204,4731158560,29361038,3,"Nothing to complain about, but nothing exceptional.",App Experience,Neutral,14-03-2024
2038583,7875903450,17805991,5,"Excellent quality, will buy again!",App Experience,Positive,14-03-2024
9465932,5868326481,37556526,4,"Nothing to complain about, but nothing exceptional.",Product Quality,Neutral,15-03-2024
7224389,9558804585,82700270,4,"Delivery was fine, but the product could be better.",App Experience,Neutral,15-03-2024
6961258,5894327065,35133191,4,The product met my expectations.,App Experience,Neutral,15-03-2024
8086906,3271726381,44050697,5,Highly recommended!,Product Quality,Positive,15-03-2024
3929456,2807634451,84986716,3,The product met my expectations.,App Experience,Neutral,15-03-2024
4159082,5489184758,49529811,3,I had a bad experience.,Product Quality,Negative,15-03-2024
5208877,2959828441,9987182,4,Will definitely order again.,Customer Service,Positive,15-03-2024
16923,9775070757,55042740,4,Will definitely order again.,Product Quality,Positive,15-03-2024
2023749,8300200841,58214883,5,"Excellent quality, will buy again!",Delivery,Positive,15-03-2024
5797232,7303161073,98444183,4,Good selection of products.,Delivery,Positive,15-03-2024
5287988,851062565,49457685,4,Great prices and fast delivery!,App Experience,Positive,15-03-2024
1973642,7333141591,69415494,5,Items were in perfect condition.,App Experience,Positive,15-03-2024
6364272,5989265505,62742797,5,Highly recommended!,Customer Service,Positive,15-03-2024
8641510,9958423263,47503133,4,"Delivery was fine, but the product could be better.",App Experience,Neutral,15-03-2024
686047,1932040824,32987624,4,"Delivery was fine, but the product could be better.",Delivery,Neutral,15-03-2024
175550,6212984517,72702075,4,Will definitely order again.,Customer Service,Positive,16-03-2024
5635953,7256212429,28350645,4,The product met my expectations.,App Experience,Neutral,16-03-2024
4667239,3429137520,51048402,5,Highly recommended!,Product Quality,Positive,16-03-2024
9323104,3735186180,98709982,5,Items were in perfect condition.,App Experience,Positive,16-03-2024
450610,1712832927,5228136,4,Customer service was very helpful.,Delivery,Positive,16-03-2024
8630714,9021529086,12272282,5,Customer service was very helpful.,Delivery,Positive,16-03-2024
2031091,4081640450,97557157,5,"Excellent quality, will buy again!",Product Quality,Positive,16-03-2024
9438059,2331582000,6637282,3,"Average experience, could improve.",Product Quality,Neutral,16-03-2024
1457627,2356073413,29902416,3,"It was okay, nothing special.",Product Quality,Neutral,16-03-2024
2163358,7422521525,92509376,4,The product met my expectations.,Product Quality,Neutral,16-03-2024
1831132,5691623788,60757351,3,The product met my expectations.,Delivery,Neutral,16-03-2024
721269,738093341,30823988,4,"Nothing to complain about, but nothing exceptional.",Delivery,Neutral,17-03-2024
4953633,8732395640,26285589,1,Customer service was not helpful.,Product Quality,Negative,17-03-2024
6772284,6572695161,64197854,3,The packaging was poor.,Delivery,Negative,18-03-2024
6190656,8616880376,16256136,4,Good selection of products.,Delivery,Positive,18-03-2024
9684063,2785412612,60210778,4,"Overall good experience, thank you!",Customer Service,Positive,18-03-2024
1439305,2665891587,86636273,3,"Nothing to complain about, but nothing exceptional.",Customer Service,Neutral,18-03-2024
4048113,1857227304,99301505,5,Customer service was very helpful.,Product Quality,Positive,19-03-2024
3075998,1831641377,76971644,3,The product met my expectations.,Product Quality,Neutral,19-03-2024
5257765,1234692850,76971644,5,Great prices and fast delivery!,App Experience,Positive,19-03-2024
2002448,4598622116,85518832,2,Customer service was not helpful.,Product Quality,Negative,19-03-2024
692930,5027243163,85072416,4,Great prices and fast delivery!,Customer Service,Positive,19-03-2024
1318827,6081974624,79764458,3,"Nothing to complain about, but nothing exceptional.",Delivery,Neutral,19-03-2024
3972758,1295119665,99695529,3,"Nothing to complain about, but nothing exceptional.",Product Quality,Neutral,19-03-2024
4695513,5970759669,26285589,5,Highly recommended!,Product Quality,Positive,19-03-2024
6999355,8432209832,90346920,4,"Delivery was fine, but the product could be better.",Delivery,Neutral,20-03-2024
8661182,4861499558,2684440,5,"Overall good experience, thank you!",Customer Service,Positive,20-03-2024
468598,7940229189,50632192,5,Customer service was very helpful.,Product Quality,Positive,20-03-2024
2483109,2304242664,65815155,4,"Delivery was fine, but the product could be better.",Delivery,Neutral,21-03-2024
8808555,4065794921,85518832,5,"Excellent quality, will buy again!",Customer Service,Positive,21-03-2024
5709899,4784760589,97111069,3,Very disappointed with the quality.,Customer Service,Negative,21-03-2024
1524390,6971044672,68985290,3,Very disappointed with the quality.,Product Quality,Negative,21-03-2024
9496693,1608084881,85907588,4,"Average experience, could improve.",App Experience,Neutral,21-03-2024
3693135,6786366774,5716817,2,Items were missing from my order.,App Experience,Negative,21-03-2024
7951684,6143213997,71643758,4,"Nothing to complain about, but nothing exceptional.",Product Quality,Neutral,21-03-2024
1861939,2893800377,57892837,4,The product met my expectations.,Delivery,Neutral,22-03-2024
1670386,2135743860,73392739,3,The order was incorrect.,Customer Service,Negative,22-03-2024
1780260,8498916204,47625855,3,The packaging was poor.,Product Quality,Negative,22-03-2024
9348855,7190610535,59094034,3,"It was okay, nothing special.",Delivery,Neutral,22-03-2024
3713340,6144140039,66233704,4,"Average experience, could improve.",Delivery,Neutral,22-03-2024
3276632,6894691072,83577942,1,The packaging was poor.,Customer Service,Negative,22-03-2024
7658175,4015289878,72489544,4,"Average experience, could improve.",Product Quality,Neutral,22-03-2024
3902539,8131610255,90448312,2,Delivery was late and I was unhappy.,Customer Service,Negative,22-03-2024
1930153,4136019599,74179536,4,"Excellent quality, will buy again!",App Experience,Positive,23-03-2024
7759744,3895011687,47043878,5,Will definitely order again.,Delivery,Positive,23-03-2024
249804,1624690598,52048413,3,The product met my expectations.,App Experience,Neutral,23-03-2024
8712624,9373691795,87463923,3,Taste was not as expected.,Customer Service,Negative,23-03-2024
4506732,5870152806,376144,4,"Overall good experience, thank you!",Product Quality,Positive,23-03-2024
7695538,7562260313,13871547,2,Not worth the price I paid.,Delivery,Negative,23-03-2024
6189650,4870391666,80935110,4,Very happy with the service!,App Experience,Positive,23-03-2024
3813104,5512258335,1469696,4,"Delivery was fine, but the product could be better.",Customer Service,Neutral,23-03-2024
8318822,948345459,66629497,5,Great prices and fast delivery!,Product Quality,Positive,23-03-2024
4850003,8178951021,46208150,5,"Excellent quality, will buy again!",Delivery,Positive,24-03-2024
4973137,9202941711,59240916,3,The product met my expectations.,Customer Service,Neutral,24-03-2024
4435315,3492935177,3660263,5,Very fresh and well-packaged.,Customer Service,Positive,24-03-2024
9192897,1753431230,9048817,5,Items were in perfect condition.,Customer Service,Positive,24-03-2024
5292502,525864604,33651554,4,"Average experience, could improve.",Delivery,Neutral,24-03-2024
7792138,6995571310,81200164,4,"Nothing to complain about, but nothing exceptional.",Product Quality,Neutral,24-03-2024
9668955,5924715529,79919160,3,"Delivery was fine, but the product could be better.",App Experience,Neutral,24-03-2024
3569701,8790217194,38244021,4,"Delivery was fine, but the product could be better.",Customer Service,Neutral,25-03-2024
1179714,6575532281,44149982,2,I had a bad experience.,Product Quality,Negative,25-03-2024
2184545,4284473821,87251489,3,The product met my expectations.,Product Quality,Neutral,25-03-2024
2730011,1621109077,87450286,4,"Average experience, could improve.",Delivery,Neutral,25-03-2024
8404079,2311501690,27698051,1,The packaging was poor.,Product Quality,Negative,26-03-2024
1712363,3429671763,21481338,4,"Nothing to complain about, but nothing exceptional.",Delivery,Neutral,26-03-2024
1138430,4217056877,2903620,4,"Nothing to complain about, but nothing exceptional.",App Experience,Neutral,26-03-2024
4564815,1828727552,12455156,4,Very fresh and well-packaged.,Product Quality,Positive,26-03-2024
2294333,3626113485,97286925,5,Will definitely order again.,Product Quality,Positive,26-03-2024
4751485,3972788794,67708491,5,Items were in perfect condition.,App Experience,Positive,26-03-2024
590677,4248168019,29973346,4,"Delivery was fine, but the product could be better.",Product Quality,Neutral,26-03-2024
1477592,6037899648,22738465,3,"Delivery was fine, but the product could be better.",Product Quality,Neutral,27-03-2024
6003978,1529363954,13251137,2,I had a bad experience.,Delivery,Negative,27-03-2024
4017146,5184568404,93507573,2,Delivery was late and I was unhappy.,Customer Service,Negative,27-03-2024
9243996,8292554686,80833965,2,Very disappointed with the quality.,App Experience,Negative,27-03-2024
5244358,875427533,10686446,2,I had a bad experience.,Product Quality,Negative,27-03-2024
4278457,1876194333,51945420,2,Not worth the price I paid.,Delivery,Negative,27-03-2024
5385199,6888837939,67708491,4,"It was okay, nothing special.",Customer Service,Neutral,27-03-2024
4711738,409570377,12574626,1,Very disappointed with the quality.,Product Quality,Negative,27-03-2024
434327,1561779937,76359458,1,Delivery was late and I was unhappy.,Delivery,Negative,27-03-2024
5898133,378485826,75739462,5,Great prices and fast delivery!,Delivery,Positive,27-03-2024
9317864,9039495201,25770577,3,"Nothing to complain about, but nothing exceptional.",Customer Service,Neutral,27-03-2024
2706442,3060527554,75213636,3,"Nothing to complain about, but nothing exceptional.",Product Quality,Neutral,27-03-2024
9263417,7499656197,12469338,3,"It was okay, nothing special.",App Experience,Neutral,27-03-2024
7251244,9544803182,31410886,1,I had a bad experience.,Product Quality,Negative,27-03-2024
2454880,9808738347,7728406,4,Very happy with the service!,Product Quality,Positive,28-03-2024
4811909,6631188689,8361353,4,"It was okay, nothing special.",Product Quality,Neutral,28-03-2024
1254042,7001417958,22358567,4,"It was okay, nothing special.",App Experience,Neutral,28-03-2024
1545260,890800429,95594611,3,"Nothing to complain about, but nothing exceptional.",App Experience,Neutral,28-03-2024
9794768,4394681222,80517784,4,The product met my expectations.,App Experience,Neutral,28-03-2024
2799498,8689865723,62526567,3,"Delivery was fine, but the product could be better.",Product Quality,Neutral,28-03-2024
3180619,1868581378,93198324,2,Items were missing from my order.,Product Quality,Negative,29-03-2024
1617109,1831516625,46629917,3,"Nothing to complain about, but nothing exceptional.",Product Quality,Neutral,29-03-2024
7087910,5060677329,68219091,3,Not worth the price I paid.,Delivery,Negative,29-03-2024
3768358,5964122835,14006996,5,"Overall good experience, thank you!",App Experience,Positive,29-03-2024
5180990,8859147707,78394303,4,"Nothing to complain about, but nothing exceptional.",Customer Service,Neutral,29-03-2024
4900007,4692518050,46989310,3,"Average experience, could improve.",Delivery,Neutral,29-03-2024
3868817,9330447952,37362180,4,"Excellent quality, will buy again!",App Experience,Positive,30-03-2024
4351782,4005611015,5763963,3,I had a bad experience.,Product Quality,Negative,30-03-2024
7360651,2079195080,85518832,4,Very fresh and well-packaged.,App Experience,Positive,30-03-2024
7082273,7485829116,49050014,3,I had a bad experience.,App Experience,Negative,30-03-2024
4479766,7938944124,85074810,3,Not worth the price I paid.,App Experience,Negative,30-03-2024
9591254,6805071689,87266309,4,Very happy with the service!,Delivery,Positive,30-03-2024
2269836,1776582175,12305040,3,The product met my expectations.,Customer Service,Neutral,30-03-2024
2259308,6568151549,88866835,2,I had a bad experience.,App Experience,Negative,31-03-2024
3246894,8595141097,96511007,4,Will definitely order again.,Product Quality,Positive,31-03-2024
3773206,3171917027,55936462,1,The packaging was poor.,App Experience,Negative,31-03-2024
2626791,5388191488,74735607,4,"Average experience, could improve.",Delivery,Neutral,31-03-2024
3915365,9224598372,50015282,5,Highly recommended!,Delivery,Positive,31-03-2024
5490153,4855215470,21573815,4,"Excellent quality, will buy again!",Product Quality,Positive,31-03-2024
6544224,9258266990,76512976,3,Items were missing from my order.,Delivery,Negative,31-03-2024
9854565,1258689954,89886179,4,"Delivery was fine, but the product could be better.",Delivery,Neutral,31-03-2024
6916189,5470875365,55042740,3,"Delivery was fine, but the product could be better.",App Experience,Neutral,31-03-2024
5955616,544018743,67310893,4,Highly recommended!,App Experience,Positive,31-03-2024
9804949,9618593702,29451600,3,"Nothing to complain about, but nothing exceptional.",Delivery,Neutral,31-03-2024
98663,9093918346,74038361,1,I had a bad experience.,Product Quality,Negative,31-03-2024
6929357,9541612277,5001749,3,Delivery was late and I was unhappy.,App Experience,Negative,31-03-2024
1310100,8257564936,15897933,3,Product was damaged during delivery.,App Experience,Negative,31-03-2024
2492010,5564338561,61226563,2,Taste was not as expected.,Delivery,Negative,31-03-2024
6262317,4870772869,78903046,5,Highly recommended!,App Experience,Positive,31-03-2024
9993994,1225289500,70529459,1,The packaging was poor.,App Experience,Negative,31-03-2024
,,,,,,,
,,,,,,,
,,,,,,,
,,,,,,,
,,,,,,,
,,,,,,,
,,,,,,,
,,,,,,,
,,,,,,,
,,,,,,,
,,,,,,,
,,,,,,,
,,,,,,,
,,,,,,,
,,,,,,,
,,,,,,,
,,,,,,,
,,,,,,,
,,,,,,,
,,,,,,,
,,,,,,,
,,,,,,,
,,,,,,,
,,,,,,,
,,,,,,,
,,,,,,,
,,,,,,,
,,,,,,,
,,,,,,,
,,,,,,,
,,,,,,,
,,,,,,,
,,,,,,,
,,,,,,,
,,,,,,,
,,,,,,,
,,,,,,,
,,,,,,,
,,,,,,,
,,,,,,,
,,,,,,,
,,,,,,,
,,,,,,,
,,,,,,,
,,,,,,,
,,,,,,,
,,,,,,,
,,,,,,,
,,,,,,,
,,,,,,,
,,,,,,,
,,,,,,,
,,,,,,,
,,,,,,,
,,,,,,,
,,,,,,,
,,,,,,,
,,,,,,,
,,,,,,,
,,,,,,,
,,,,,,,
,,,,,,,
,,,,,,,
,,,,,,,
,,,,,,,
,,,,,,,
,,,,,,,
,,,,,,,
,,,,,,,
,,,,,,,
,,,,,,,
,,,,,,,
,,,,,,,
,,,,,,,
,,,,,,,
,,,,,,,
,,,,,,,
,,,,,,,
,,,,,,,
,,,,,,,
,,,,,,,
,,,,,,,
,,,,,,,
,,,,,,,
,,,,,,,
,,,,,,,
,,,,,,,
,,,,,,,
,,,,,,,
,,,,,,,
,,,,,,,
,,,,,,,
,,,,,,,
,,,,,,,
,,,,,,,
,,,,,,,
,,,,,,,
,,,,,,,
,,,,,,,
,,,,,,,
,,,,,,,
,,,,,,,
,,,,,,,
,,,,,,,
,,,,,,,
,,,,,,,
,,,,,,,
,,,,,,,
,,,,,,,
,,,,,,,
,,,,,,,
,,,,,,,
,,,,,,,
,,,,,,,
,,,,,,,
,,,,,,,
,,,,,,,
,,,,,,,
,,,,,,,
,,,,,,,
,,,,,,,
,,,,,,,
,,,,,,,
,,,,,,,
,,,,,,,
,,,,,,,
,,,,,,,
,,,,,,,
,,,,,,,
,,,,,,,
,,,,,,,
,,,,,,,
,,,,,,,
,,,,,,,
,,,,,,,
,,,,,,,
,,,,,,,
,,,,,,,
,,,,,,,
,,,,,,,
,,,,,,,
,,,,,,,
,,,,,,,
,,,,,,,
,,,,,,,
,,,,,,,
,,,,,,,
,,,,,,,
,,,,,,,
,,,,,,,
,,,,,,,
,,,,,,,
,,,,,,,
,,,,,,,
,,,,,,,
,,,,,,,
,,,,,,,
,,,,,,,
,,,,,,,
,,,,,,,
,,,,,,,
,,,,,,,
,,,,,,,
,,,,,,,
,,,,,,,
,,,,,,,
,,,,,,,
,,,,,,,
,,,,,,,
,,,,,,,
,,,,,,,
,,,,,,,
,,,,,,,
,,,,,,,
,,,,,,,
,,,,,,,
,,,,,,,
,,,,,,,
,,,,,,,
,,,,,,,
,,,,,,,
,,,,,,,
,,,,,,,
,,,,,,,
,,,,,,,
,,,,,,,
,,,,,,,
,,,,,,,
,,,,,,,
,,,,,,,
,,,,,,,
,,,,,,,
,,,,,,,
,,,,,,,
,,,,,,,
,,,,,,,
,,,,,,,
,,,,,,,
,,,,,,,
,,,,,,,
,,,,,,,
,,,,,,,
,,,,,,,
,,,,,,,
,,,,,,,
,,,,,,,
,,,,,,,
,,,,,,,
,,,,,,,
,,,,,,,
,,,,,,,
,,,,,,,
,,,,,,,
,,,,,,,
,,,,,,,
,,,,,,,
,,,,,,,
,,,,,,,
,,,,,,,
,,,,,,,
,,,,,,,
,,,,,,,
,,,,,,,
,,,,,,,
,,,,,,,
,,,,,,,
,,,,,,,
,,,,,,,
,,,,,,,
,,,,,,,
,,,,,,,
,,,,,,,
,,,,,,,
,,,,,,,
,,,,,,,
,,,,,,,
,,,,,,,
,,,,,,,
,,,,,,,
,,,,,,,
,,,,,,,
,,,,,,,
,,,,,,,
,,,,,,,
,,,,,,,
,,,,,,,
,,,,,,,
,,,,,,,
,,,,,,,
,,,,,,,
,,,,,,,
,,,,,,,
,,,,,,,
,,,,,,,
,,,,,,,
,,,,,,,
,,,,,,,
,,,,,,,
,,,,,,,
,,,,,,,
,,,,,,,
,,,,,,,
,,,,,,,
,,,,,,,
,,,,,,,
,,,,,,,
,,,,,,,
,,,,,,,
,,,,,,,
,,,,,,,
,,,,,,,
,,,,,,,
,,,,,,,
,,,,,,,
,,,,,,,
,,,,,,,
,,,,,,,
,,,,,,,
,,,,,,,
,,,,,,,
,,,,,,,
,,,,,,,
,,,,,,,
,,,,,,,
,,,,,,,
,,,,,,,
,,,,,,,
,,,,,,,
,,,,,,,
,,,,,,,
,,,,,,,
,,,,,,,
,,,,,,,
,,,,,,,
,,,,,,,
,,,,,,,
,,,,,,,
,,,,,,,
,,,,,,,
,,,,,,,
,,,,,,,
,,,,,,,
,,,,,,,
,,,,,,,
,,,,,,,
,,,,,,,
,,,,,,,
,,,,,,,
,,,,,,,
,,,,,,,
,,,,,,,
,,,,,,,
,,,,,,,
,,,,,,,
,,,,,,,
,,,,,,,
,,,,,,,
,,,,,,,
,,,,,,,
,,,,,,,
,,,,,,,
,,,,,,,
,,,,,,,
,,,,,,,
,,,,,,,
,,,,,,,
,,,,,,,
,,,,,,,
,,,,,,,
,,,,,,,
,,,,,,,
,,,,,,,
,,,,,,,
,,,,,,,
,,,,,,,
,,,,,,,
,,,,,,,
,,,,,,,
,,,,,,,
,,,,,,,
,,,,,,,
,,,,,,,
,,,,,,,
,,,,,,,
,,,,,,,
,,,,,,,
,,,,,,,
,,,,,,,
,,,,,,,
,,,,,,,
,,,,,,,
,,,,,,,
,,,,,,,
,,,,,,,
,,,,,,,
,,,,,,,
,,,,,,,
,,,,,,,
,,,,,,,
,,,,,,,
,,,,,,,
,,,,,,,
,,,,,,,
,,,,,,,
,,,,,,,
,,,,,,,
,,,,,,,
,,,,,,,
,,,,,,,
,,,,,,,
,,,,,,,
,,,,,,,
,,,,,,,
,,,,,,,
,,,,,,,
,,,,,,,
,,,,,,,
,,,,,,,
,,,,,,,
,,,,,,,
,,,,,,,
,,,,,,,
,,,,,,,
,,,,,,,
,,,,,,,
,,,,,,,
,,,,,,,
,,,,,,,
,,,,,,,
,,,,,,,
,,,,,,,
,,,,,,,
,,,,,,,
,,,,,,,
,,,,,,,
,,,,,,,
,,,,,,,
,,,,,,,
,,,,,,,
,,,,,,,
,,,,,,,
,,,,,,,
,,,,,,,
,,,,,,,
,,,,,,,
,,,,,,,
,,,,,,,
,,,,,,,
,,,,,,,
,,,,,,,
,,,,,,,
,,,,,,,
,,,,,,,
,,,,,,,
,,,,,,,
,,,,,,,
,,,,,,,
,,,,,,,
,,,,,,,
,,,,,,,
,,,,,,,
,,,,,,,
,,,,,,,
,,,,,,,
,,,,,,,
,,,,,,,
,,,,,,,
,,,,,,,
,,,,,,,
,,,,,,,
,,,,,,,
,,,,,,,
,,,,,,,
,,,,,,,
,,,,,,,
,,,,,,,
,,,,,,,
,,,,,,,
,,,,,,,
,,,,,,,
,,,,,,,
,,,,,,,
,,,,,,,
,,,,,,,
,,,,,,,
,,,,,,,
,,,,,,,
,,,,,,,
,,,,,,,
,,,,,,,
,,,,,,,
,,,,,,,
,,,,,,,
,,,,,,,
,,,,,,,
,,,,,,,
,,,,,,,
,,,,,,,
,,,,,,,
,,,,,,,
,,,,,,,
,,,,,,,
,,,,,,,
,,,,,,,
,,,,,,,
,,,,,,,
,,,,,,,
,,,,,,,
,,,,,,,
,,,,,,,
,,,,,,,
,,,,,,,
,,,,,,,
,,,,,,,
,,,,,,,
,,,,,,,
,,,,,,,
,,,,,,,
,,,,,,,
,,,,,,,
,,,,,,,
,,,,,,,
,,,,,,,
,,,,,,,
,,,,,,,
,,,,,,,
,,,,,,,
,,,,,,,
,,,,,,,
,,,,,,,
,,,,,,,
,,,,,,,
,,,,,,,
,,,,,,,
,,,,,,,
,,,,,,,
,,,,,,,
,,,,,,,
,,,,,,,
,,,,,,,
,,,,,,,
,,,,,,,
,,,,,,,
,,,,,,,
,,,,,,,
,,,,,,,
,,,,,,,
,,,,,,,
,,,,,,,
,,,,,,,
,,,,,,,
,,,,,,,
,,,,,,,
,,,,,,,
,,,,,,,
,,,,,,,
,,,,,,,
,,,,,,,
,,,,,,,
,,,,,,,
,,,,,,,
,,,,,,,
,,,,,,,
,,,,,,,
,,,,,,,
,,,,,,,
,,,,,,,
,,,,,,,
,,,,,,,
,,,,,,,
,,,,,,,
,,,,,,,
,,,,,,,
,,,,,,,
,,,,,,,
,,,,,,,
,,,,,,,
,,,,,,,
,,,,,,,
,,,,,,,
,,,,,,,
,,,,,,,
,,,,,,,
,,,,,,,
,,,,,,,
,,,,,,,
,,,,,,,
,,,,,,,
,,,,,,,
,,,,,,,
,,,,,,,
,,,,,,,
,,,,,,,
,,,,,,,
,,,,,,,
,,,,,,,
,,,,,,,
,,,,,,,
,,,,,,,
,,,,,,,
,,,,,,,
,,,,,,,
,,,,,,,
,,,,,,,
,,,,,,,
,,,,,,,
,,,,,,,
,,,,,,,
,,,,,,,
,,,,,,,
,,,,,,,
,,,,,,,
,,,,,,,
,,,,,,,
,,,,,,,
,,,,,,,
,,,,,,,
,,,,,,,
,,,,,,,
,,,,,,,
,,,,,,,
,,,,,,,
,,,,,,,
,,,,,,,
,,,,,,,
,,,,,,,
,,,,,,,
,,,,,,,
,,,,,,,
,,,,,,,
,,,,,,,
,,,,,,,
,,,,,,,
,,,,,,,
,,,,,,,
,,,,,,,
,,,,,,,
,,,,,,,
,,,,,,,
,,,,,,,
,,,,,,,
,,,,,,,
,,,,,,,
,,,,,,,
,,,,,,,
,,,,,,,
,,,,,,,
,,,,,,,
,,,,,,,
,,,,,,,
,,,,,,,
,,,,,,,
,,,,,,,
,,,,,,,
,,,,,,,
,,,,,,,
,,,,,,,
,,,,,,,
,,,,,,,
,,,,,,,
,,,,,,,
,,,,,,,
,,,,,,,
,,,,,,,
,,,,,,,
,,,,,,,
,,,,,,,
,,,,,,,
,,,,,,,
,,,,,,,
,,,,,,,
,,,,,,,
,,,,,,,
,,,,,,,
,,,,,,,
,,,,,,,
,,,,,,,
,,,,,,,
,,,,,,,
,,,,,,,
,,,,,,,
,,,,,,,
,,,,,,,
,,,,,,,
,,,,,,,
,,,,,,,
,,,,,,,
,,,,,,,
,,,,,,,
,,,,,,,
,,,,,,,
,,,,,,,
,,,,,,,
,,,,,,,
,,,,,,,
,,,,,,,
,,,,,,,
,,,,,,,
,,,,,,,
,,,,,,,
,,,,,,,
,,,,,,,
,,,,,,,
,,,,,,,
,,,,,,,
,,,,,,,
,,,,,,,
,,,,,,,
,,,,,,,
,,,,,,,
,,,,,,,
,,,,,,,
,,,,,,,
,,,,,,,
,,,,,,,
,,,,,,,
,,,,,,,
,,,,,,,
,,,,,,,
,,,,,,,
,,,,,,,
,,,,,,,
,,,,,,,
,,,,,,,
,,,,,,,
,,,,,,,
,,,,,,,
,,,,,,,
,,,,,,,
,,,,,,,
,,,,,,,
,,,,,,,
,,,,,,,
,,,,,,,
,,,,,,,
,,,,,,,
,,,,,,,
,,,,,,,
,,,,,,,
,,,,,,,
,,,,,,,
,,,,,,,
,,,,,,,
,,,,,,,
,,,,,,,
,,,,,,,
,,,,,,,
,,,,,,,
,,,,,,,
,,,,,,,
,,,,,,,
,,,,,,,
,,,,,,,
,,,,,,,
,,,,,,,
,,,,,,,
,,,,,,,
,,,,,,,
,,,,,,,
,,,,,,,
,,,,,,,
,,,,,,,
,,,,,,,
,,,,,,,
,,,,,,,
,,,,,,,
,,,,,,,
,,,,,,,
,,,,,,,
,,,,,,,
,,,,,,,
,,,,,,,
,,,,,,,
,,,,,,,
,,,,,,,
,,,,,,,
,,,,,,,
,,,,,,,
,,,,,,,
,,,,,,,
,,,,,,,
,,,,,,,
,,,,,,,
,,,,,,,
,,,,,,,
,,,,,,,
,,,,,,,
,,,,,,,
,,,,,,,
,,,,,,,
,,,,,,,
,,,,,,,
,,,,,,,
,,,,,,,
,,,,,,,
,,,,,,,
,,,,,,,
,,,,,,,
,,,,,,,
,,,,,,,
,,,,,,,
,,,,,,,
,,,,,,,
,,,,,,,
,,,,,,,
,,,,,,,
,,,,,,,
,,,,,,,
,,,,,,,
,,,,,,,
,,,,,,,
,,,,,,,
,,,,,,,
,,,,,,,
,,,,,,,
,,,,,,,
,,,,,,,
,,,,,,,
,,,,,,,
,,,,,,,
,,,,,,,
,,,,,,,
,,,,,,,
,,,,,,,
,,,,,,,
,,,,,,,
,,,,,,,
,,,,,,,
,,,,,,,
,,,,,,,
,,,,,,,
,,,,,,,
,,,,,,,
,,,,,,,
,,,,,,,
,,,,,,,
,,,,,,,
,,,,,,,
,,,,,,,
,,,,,,,
,,,,,,,
,,,,,,,
,,,,,,,
,,,,,,,
,,,,,,,
,,,,,,,
,,,,,,,
,,,,,,,
,,,,,,,
,,,,,,,
,,,,,,,
,,,,,,,
,,,,,,,
,,,,,,,
,,,,,,,
,,,,,,,
,,,,,,,
,,,,,,,
,,,,,,,
,,,,,,,
,,,,,,,
,,,,,,,
,,,,,,,
,,,,,,,
,,,,,,,
,,,,,,,
,,,,,,,
,,,,,,,
,,,,,,,
,,,,,,,
,,,,,,,
,,,,,,,
,,,,,,,
,,,,,,,
,,,,,,,
,,,,,,,
,,,,,,,
,,,,,,,
,,,,,,,
,,,,,,,
,,,,,,,
,,,,,,,
,,,,,,,
,,,,,,,
,,,,,,,
,,,,,,,
,,,,,,,
,,,,,,,
,,,,,,,
,,,,,,,
,,,,,,,
,,,,,,,
,,,,,,,
,,,,,,,
,,,,,,,
,,,,,,,
,,,,,,,
,,,,,,,
,,,,,,,
,,,,,,,
,,,,,,,
,,,,,,,
,,,,,,,
,,,,,,,
,,,,,,,
,,,,,,,
,,,,,,,
,,,,,,,
,,,,,,,
,,,,,,,
,,,,,,,
,,,,,,,
,,,,,,,
,,,,,,,
,,,,,,,
,,,,,,,
,,,,,,,
,,,,,,,
,,,,,,,
,,,,,,,
,,,,,,,
,,,,,,,
,,,,,,,
,,,,,,,
,,,,,,,
,,,,,,,
,,,,,,,
,,,,,,,
,,,,,,,
,,,,,,,
,,,,,,,
,,,,,,,
,,,,,,,
,,,,,,,
,,,,,,,
,,,,,,,
,,,,,,,
,,,,,,,
,,,,,,,
,,,,,,,
,,,,,,,
,,,,,,,
,,,,,,,
,,,,,,,
,,,,,,,
,,,,,,,
,,,,,,,
,,,,,,,
,,,,,,,
,,,,,,,
,,,,,,,
,,,,,,,
,,,,,,,
,,,,,,,
,,,,,,,
,,,,,,,
,,,,,,,
,,,,,,,
,,,,,,,
,,,,,,,
,,,,,,,
,,,,,,,
,,,,,,,
,,,,,,,
,,,,,,,
,,,,,,,
,,,,,,,
,,,,,,,
,,,,,,,
,,,,,,,
,,,,,,,
,,,,,,,
,,,,,,,
,,,,,,,
,,,,,,,
,,,,,,,
,,,,,,,
,,,,,,,
,,,,,,,
,,,,,,,
,,,,,,,
,,,,,,,
,,,,,,,
,,,,,,,
,,,,,,,
,,,,,,,
,,,,,,,
,,,,,,,
,,,,,,,
,,,,,,,
,,,,,,,
,,,,,,,
,,,,,,,
,,,,,,,
,,,,,,,
,,,,,,,
,,,,,,,
,,,,,,,
,,,,,,,
,,,,,,,
,,,,,,,
,,,,,,,
,,,,,,,
,,,,,,,
,,,,,,,
,,,,,,,
,,,,,,,
,,,,,,,
,,,,,,,
,,,,,,,
,,,,,,,
,,,,,,,
,,,,,,,
,,,,,,,
,,,,,,,
,,,,,,,
,,,,,,,
,,,,,,,
,,,,,,,
,,,,,,,
,,,,,,,
,,,,,,,
,,,,,,,
,,,,,,,
,,,,,,,
,,,,,,,
,,,,,,,
,,,,,,,
,,,,,,,
,,,,,,,
,,,,,,,
,,,,,,,
,,,,,,,
,,,,,,,
,,,,,,,
,,,,,,,
,,,,,,,
,,,,,,,
,,,,,,,
,,,,,,,
,,,,,,,
,,,,,,,
,,,,,,,
,,,,,,,
,,,,,,,
,,,,,,,
,,,,,,,
,,,,,,,
,,,,,,,
,,,,,,,
,,,,,,,
,,,,,,,
,,,,,,,
,,,,,,,
,,,,,,,
,,,,,,,
,,,,,,,
,,,,,,,
,,,,,,,
,,,,,,,
,,,,,,,
,,,,,,,
,,,,,,,
,,,,,,,
,,,,,,,
,,,,,,,
,,,,,,,
,,,,,,,
,,,,,,,
,,,,,,,
,,,,,,,
,,,,,,,
,,,,,,,
,,,,,,,
,,,,,,,
,,,,,,,
,,,,,,,
,,,,,,,
,,,,,,,
,,,,,,,
,,,,,,,
,,,,,,,
,,,,,,,
,,,,,,,
,,,,,,,
,,,,,,,
,,,,,,,
,,,,,,,
,,,,,,,
,,,,,,,
,,,,,,,
,,,,,,,
,,,,,,,
,,,,,,,
,,,,,,,
,,,,,,,
,,,,,,,
,,,,,,,
,,,,,,,
,,,,,,,
,,,,,,,
,,,,,,,
,,,,,,,
,,,,,,,
,,,,,,,
,,,,,,,
,,,,,,,
,,,,,,,
,,,,,,,
,,,,,,,
,,,,,,,
,,,,,,,
,,,,,,,
,,,,,,,
,,,,,,,
,,,,,,,
,,,,,,,
,,,,,,,
,,,,,,,
,,,,,,,
,,,,,,,
,,,,,,,
,,,,,,,
,,,,,,,
,,,,,,,
,,,,,,,
,,,,,,,
,,,,,,,
,,,,,,,
,,,,,,,
,,,,,,,
,,,,,,,
,,,,,,,
,,,,,,,
,,,,,,,
,,,,,,,
,,,,,,,
,,,,,,,
,,,,,,,
,,,,,,,
,,,,,,,
,,,,,,,
,,,,,,,
,,,,,,,
,,,,,,,
,,,,,,,
,,,,,,,
,,,,,,,
,,,,,,,
,,,,,,,
,,,,,,,
,,,,,,,
,,,,,,,
,,,,,,,
,,,,,,,
,,,,,,,
,,,,,,,
,,,,,,,
,,,,,,,
,,,,,,,
,,,,,,,
,,,,,,,
,,,,,,,
,,,,,,,
,,,,,,,
,,,,,,,
,,,,,,,
,,,,,,,
,,,,,,,
,,,,,,,
,,,,,,,
,,,,,,,
,,,,,,,
,,,,,,,
,,,,,,,
,,,,,,,
,,,,,,,
,,,,,,,
,,,,,,,
,,,,,,,
,,,,,,,
,,,,,,,
,,,,,,,
,,,,,,,
,,,,,,,
,,,,,,,
,,,,,,,
,,,,,,,
,,,,,,,
,,,,,,,
,,,,,,,
,,,,,,,
,,,,,,,
,,,,,,,
,,,,,,,
,,,,,,,
,,,,,,,
,,,,,,,
,,,,,,,
,,,,,,,
,,,,,,,
,,,,,,,
,,,,,,,
,,,,,,,
,,,,,,,
,,,,,,,
,,,,,,,
,,,,,,,
,,,,,,,
,,,,,,,
,,,,,,,
,,,,,,,
,,,,,,,
,,,,,,,
,,,,,,,
,,,,,,,
,,,,,,,
,,,,,,,
,,,,,,,
,,,,,,,
,,,,,,,
,,,,,,,
,,,,,,,
,,,,,,,
,,,,,,,
,,,,,,,
,,,,,,,
,,,,,,,
,,,,,,,
,,,,,,,
,,,,,,,
,,,,,,,
,,,,,,,
,,,,,,,
,,,,,,,
,,,,,,,
,,,,,,,
,,,,,,,
,,,,,,,
,,,,,,,
,,,,,,,
,,,,,,,
,,,,,,,
,,,,,,,
,,,,,,,
,,,,,,,
,,,,,,,
,,,,,,,
,,,,,,,
,,,,,,,
,,,,,,,
,,,,,,,
,,,,,,,
,,,,,,,
,,,,,,,
,,,,,,,
,,,,,,,
,,,,,,,
,,,,,,,
,,,,,,,
,,,,,,,
,,,,,,,
,,,,,,,
,,,,,,,
,,,,,,,
,,,,,,,
,,,,,,,
,,,,,,,
,,,,,,,
,,,,,,,
,,,,,,,
,,,,,,,
,,,,,,,
,,,,,,,
,,,,,,,
,,,,,,,
,,,,,,,
,,,,,,,
,,,,,,,
,,,,,,,
,,,,,,,
,,,,,,,
,,,,,,,
,,,,,,,
,,,,,,,
,,,,,,,
,,,,,,,
,,,,,,,
,,,,,,,
,,,,,,,
,,,,,,,
,,,,,,,
,,,,,,,
,,,,,,,
,,,,,,,
,,,,,,,
,,,,,,,
,,,,,,,
,,,,,,,
,,,,,,,
,,,,,,,
,,,,,,,
,,,,,,,
,,,,,,,
,,,,,,,
,,,,,,,
,,,,,,,
,,,,,,,
,,,,,,,
,,,,,,,
,,,,,,,
,,,,,,,
,,,,,,,
,,,,,,,
,,,,,,,
,,,,,,,
,,,,,,,
,,,,,,,
,,,,,,,
,,,,,,,
,,,,,,,
,,,,,,,
,,,,,,,
,,,,,,,
,,,,,,,
,,,,,,,
,,,,,,,
,,,,,,,
,,,,,,,
,,,,,,,
,,,,,,,
,,,,,,,
,,,,,,,
,,,,,,,
,,,,,,,
,,,,,,,
,,,,,,,
,,,,,,,
,,,,,,,
,,,,,,,
,,,,,,,
,,,,,,,
,,,,,,,
,,,,,,,
,,,,,,,
,,,,,,,
,,,,,,,
,,,,,,,
,,,,,,,
,,,,,,,
,,,,,,,
,,,,,,,
,,,,,,,
,,,,,,,
,,,,,,,
,,,,,,,
,,,,,,,
,,,,,,,
,,,,,,,
,,,,,,,
,,,,,,,
,,,,,,,
,,,,,,,
,,,,,,,
,,,,,,,
,,,,,,,
,,,,,,,
,,,,,,,
,,,,,,,
,,,,,,,
,,,,,,,
,,,,,,,
,,,,,,,
,,,,,,,
,,,,,,,
,,,,,,,
,,,,,,,
,,,,,,,
,,,,,,,
,,,,,,,
,,,,,,,
,,,,,,,
,,,,,,,
,,,,,,,
,,,,,,,
,,,,,,,
,,,,,,,
,,,,,,,
,,,,,,,
,,,,,,,
,,,,,,,
,,,,,,,
,,,,,,,
,,,,,,,
,,,,,,,
,,,,,,,
,,,,,,,
,,,,,,,
,,,,,,,
,,,,,,,
,,,,,,,
,,,,,,,
,,,,,,,
,,,,,,,
,,,,,,,
,,,,,,,
,,,,,,,
,,,,,,,
,,,,,,,
,,,,,,,
,,,,,,,
,,,,,,,
,,,,,,,
,,,,,,,
,,,,,,,
,,,,,,,
,,,,,,,
,,,,,,,
,,,,,,,
,,,,,,,
,,,,,,,
,,,,,,,
,,,,,,,
,,,,,,,
,,,,,,,
,,,,,,,
,,,,,,,
,,,,,,,
,,,,,,,
,,,,,,,
,,,,,,,
,,,,,,,
,,,,,,,
,,,,,,,
,,,,,,,
,,,,,,,
,,,,,,,
,,,,,,,
,,,,,,,
,,,,,,,
,,,,,,,
,,,,,,,
,,,,,,,
,,,,,,,
,,,,,,,
,,,,,,,
,,,,,,,
,,,,,,,
,,,,,,,
,,,,,,,
,,,,,,,
,,,,,,,
,,,,,,,
,,,,,,,
,,,,,,,
,,,,,,,
,,,,,,,
,,,,,,,
,,,,,,,
,,,,,,,
,,,,,,,
,,,,,,,
,,,,,,,
,,,,,,,
,,,,,,,
,,,,,,,
,,,,,,,
,,,,,,,
,,,,,,,
,,,,,,,
,,,,,,,
,,,,,,,
,,,,,,,
,,,,,,,
,,,,,,,
,,,,,,,
,,,,,,,
,,,,,,,
,,,,,,,
,,,,,,,
,,,,,,,
,,,,,,,
,,,,,,,
,,,,,,,
,,,,,,,
,,,,,,,
,,,,,,,
,,,,,,,
,,,,,,,
,,,,,,,
,,,,,,,
,,,,,,,
,,,,,,,
,,,,,,,
,,,,,,,
,,,,,,,
,,,,,,,
,,,,,,,
,,,,,,,
,,,,,,,
,,,,,,,
,,,,,,,
,,,,,,,
,,,,,,,
,,,,,,,
,,,,,,,
,,,,,,,
,,,,,,,
,,,,,,,
,,,,,,,
,,,,,,,
,,,,,,,
,,,,,,,
,,,,,,,
,,,,,,,
,,,,,,,
,,,,,,,
,,,,,,,
,,,,,,,
,,,,,,,
,,,,,,,
,,,,,,,
,,,,,,,
,,,,,,,
,,,,,,,
,,,,,,,
,,,,,,,
,,,,,,,
,,,,,,,
,,,,,,,
,,,,,,,
,,,,,,,
,,,,,,,
,,,,,,,
,,,,,,,
,,,,,,,
,,,,,,,
,,,,,,,
,,,,,,,
,,,,,,,
,,,,,,,
,,,,,,,
,,,,,,,
,,,,,,,
,,,,,,,
,,,,,,,
,,,,,,,
,,,,,,,
,,,,,,,
,,,,,,,
,,,,,,,
,,,,,,,
,,,,,,,
,,,,,,,
,,,,,,,
,,,,,,,
,,,,,,,
,,,,,,,
,,,,,,,
,,,,,,,
,,,,,,,
,,,,,,,
,,,,,,,
,,,,,,,
,,,,,,,
,,,,,,,
,,,,,,,
,,,,,,,
,,,,,,,
,,,,,,,
,,,,,,,
,,,,,,,
,,,,,,,
,,,,,,,
,,,,,,,
,,,,,,,
,,,,,,,
,,,,,,,
,,,,,,,
,,,,,,,
,,,,,,,
,,,,,,,
,,,,,,,
,,,,,,,
,,,,,,,
,,,,,,,
,,,,,,,
,,,,,,,
,,,,,,,
,,,,,,,
,,,,,,,
,,,,,,,
,,,,,,,
,,,,,,,
,,,,,,,
,,,,,,,
,,,,,,,
,,,,,,,
,,,,,,,
,,,,,,,
,,,,,,,
,,,,,,,
,,,,,,,
,,,,,,,
,,,,,,,
,,,,,,,
,,,,,,,
,,,,,,,
,,,,,,,
,,,,,,,
,,,,,,,
,,,,,,,
,,,,,,,
,,,,,,,
,,,,,,,
,,,,,,,
,,,,,,,
,,,,,,,
,,,,,,,
,,,,,,,
,,,,,,,
,,,,,,,
,,,,,,,
,,,,,,,
,,,,,,,
,,,,,,,
,,,,,,,
,,,,,,,
,,,,,,,
,,,,,,,
,,,,,,,
,,,,,,,
,,,,,,,
,,,,,,,
,,,,,,,
,,,,,,,
,,,,,,,
,,,,,,,
,,,,,,,
,,,,,,,
,,,,,,,
,,,,,,,
,,,,,,,
,,,,,,,
,,,,,,,
,,,,,,,
,,,,,,,
,,,,,,,
,,,,,,,
,,,,,,,
,,,,,,,
,,,,,,,
,,,,,,,
,,,,,,,
,,,,,,,
,,,,,,,
,,,,,,,
,,,,,,,
,,,,,,,
,,,,,,,
,,,,,,,
,,,,,,,
,,,,,,,
,,,,,,,
,,,,,,,
,,,,,,,
,,,,,,,
,,,,,,,
,,,,,,,
,,,,,,,
,,,,,,,
,,,,,,,
,,,,,,,
,,,,,,,
,,,,,,,
,,,,,,,
,,,,,,,
,,,,,,,
,,,,,,,
,,,,,,,
,,,,,,,
,,,,,,,
,,,,,,,
,,,,,,,
,,,,,,,
,,,,,,,
,,,,,,,
,,,,,,,
,,,,,,,
,,,,,,,
,,,,,,,
,,,,,,,
,,,,,,,
,,,,,,,
,,,,,,,
,,,,,,,
,,,,,,,
,,,,,,,
,,,,,,,
,,,,,,,
,,,,,,,
,,,,,,,
,,,,,,,
,,,,,,,
,,,,,,,
,,,,,,,
,,,,,,,
,,,,,,,
,,,,,,,
,,,,,,,
,,,,,,,
,,,,,,,
,,,,,,,
,,,,,,,
,,,,,,,
,,,,,,,
,,,,,,,
,,,,,,,
,,,,,,,
,,,,,,,
,,,,,,,
,,,,,,,
,,,,,,,
,,,,,,,
,,,,,,,
,,,,,,,
,,,,,,,
,,,,,,,
,,,,,,,
,,,,,,,
,,,,,,,
,,,,,,,
,,,,,,,
,,,,,,,
,,,,,,,
,,,,,,,
,,,,,,,
,,,,,,,
,,,,,,,
,,,,,,,
,,,,,,,
,,,,,,,
,,,,,,,
,,,,,,,
,,,,,,,
,,,,,,,
,,,,,,,
,,,,,,,
,,,,,,,
,,,,,,,
,,,,,,,
,,,,,,,
,,,,,,,
,,,,,,,
,,,,,,,
,,,,,,,
,,,,,,,
,,,,,,,
,,,,,,,
,,,,,,,
,,,,,,,
,,,,,,,
,,,,,,,
,,,,,,,
,,,,,,,
,,,,,,,
,,,,,,,
,,,,,,,
,,,,,,,
,,,,,,,
,,,,,,,
,,,,,,,
,,,,,,,
,,,,,,,
,,,,,,,
,,,,,,,
,,,,,,,
,,,,,,,
,,,,,,,
,,,,,,,
,,,,,,,
,,,,,,,
,,,,,,,
,,,,,,,
,,,,,,,
,,,,,,,
,,,,,,,
,,,,,,,
,,,,,,,
,,,,,,,
,,,,,,,
,,,,,,,
,,,,,,,
,,,,,,,
,,,,,,,
,,,,,,,
,,,,,,,
,,,,,,,
,,,,,,,
,,,,,,,
,,,,,,,
,,,,,,,
,,,,,,,
,,,,,,,
,,,,,,,
,,,,,,,
,,,,,,,
,,,,,,,
,,,,,,,
,,,,,,,
,,,,,,,
,,,,,,,
,,,,,,,
,,,,,,,
,,,,,,,
,,,,,,,
,,,,,,,
,,,,,,,
,,,,,,,
,,,,,,,
,,,,,,,
,,,,,,,
,,,,,,,
