customer_id,customer_name,email,phone,address,area,pincode,registration_date,customer_segment,total_orders,avg_order_value
89142848,Vasudha Jain,rameshzaitra@example.org,9.19E+11,"H.No. 190
Pandey Nagar, Bikaner-019291",Rajkot,286052,01-01-2024,New,11,1459.23
82708090,Krishna Seshadri,raghav93@example.net,9.15E+11,"H.No. 426, Rai Path, Maheshtala 883085",Panvel,210002,01-01-2024,Premium,7,1295.96
85474732,Waida Lanka,banikgirik@example.net,9.14E+11,"85/29
Krish Path, Bettiah-285272",Allahabad,79025,01-01-2024,Premium,1,941.76
56457995,Turvi Venkataraman,anya55@example.com,9.12E+11,"16/55, Anne Path, Kurnool-471739",Amroha,306136,01-01-2024,Inactive,6,1002.88
80419534,Gunbir Pandey,baradvihaan@example.com,9.14E+11,"109, Bose Path
Bharatpur 828807",Sagar,841623,02-01-2024,Premium,19,993.78
17132416,Diya Tak,timothy84@example.com,9.15E+11,"86, Swamy Marg, Agra 946002",Solapur,302449,02-01-2024,Regular,20,644.85
14207332,Ucchal Uppal,epandya@example.com,9.11E+11,"88, Contractor
Silchar 827375",Aligarh,571862,03-01-2024,Regular,18,1263.17
85072416,Brinda Sekhon,nayarnathan@example.org,9.16E+11,"75, Dhar
Durg-621338",Loni,973101,03-01-2024,New,20,467.12
38114014,Yatin Sandal,balakrishnanchristopher@example.org,9.17E+11,"H.No. 349
Sami
Adoni 237515",Mumbai,438966,03-01-2024,New,12,1006.24
67215939,Dominic Viswanathan,tatakala@example.com,9.18E+11,"31/897
Nigam Zila, Satna-184043",Erode,699508,03-01-2024,New,12,1427.91
92118758,Yadavi Bhatt,ranbirchaudhry@example.com,9.15E+11,"330
Mani Path
Secunderabad-252919",Gorakhpur,856412,03-01-2024,Regular,2,300.79
97315135,Bhavini Parikh,parth29@example.com,9.18E+11,"H.No. 268
Jhaveri Marg, Gangtok-425126",Shivpuri,276056,03-01-2024,New,19,1393.14
82594354,Harinakshi Sule,ocontractor@example.net,9.20E+11,"H.No. 608
Dhawan Ganj
Nizamabad 291392",Avadi,345071,04-01-2024,Regular,7,321.8
76019750,Omisha Balan,advaithsahota@example.com,9.14E+11,"91, Uppal Path
Guwahati 827046",Thiruvananthapuram,320360,04-01-2024,New,20,310.83
63184222,Veer Cheema,geetika98@example.com,9.10E+11,"33/00
Sami Chowk
Saharanpur 693311",Kharagpur,304440,04-01-2024,Inactive,15,1035.69
60062501,Anirudh Mistry,abhiramsrivastava@example.com,9.15E+11,"H.No. 45
Minhas Nagar, Amritsar 574954",Bhilwara,250202,04-01-2024,New,2,1888.02
40275138,Eiravati Thaker,umangbabu@example.net,9.14E+11,"14/926
Goswami Nagar
Bhiwani-379094",Bathinda,833704,05-01-2024,Inactive,18,1468.32
45477575,Aarna Bawa,kondajagdish@example.com,9.13E+11,"14/351, Agarwal Path
Medininagar 636193",Vellore,117423,05-01-2024,Inactive,4,327.93
91789216,Rajeshri Rama,iyengarchasmum@example.net,9.11E+11,"979, Yohannan Circle
Aurangabad 976812",Thane,386024,05-01-2024,New,15,1708.89
21524495,Alka Deol,sanya43@example.org,9.13E+11,"281, Wason Marg, Kochi 700268",Katni,396358,05-01-2024,Premium,9,236.96
6335221,Lajita Loyal,vedhikagulati@example.com,9.18E+11,"83
Shukla Zila
Bhagalpur 663970",Rajpur Sonarpur,713686,05-01-2024,Premium,20,1518.83
64497538,Libni Chadha,vyaswaida@example.net,9.15E+11,"755, Gulati, Mysore 740771",Bongaigaon,753834,05-01-2024,Premium,13,1338.69
40727086,Osha Brahmbhatt,harishnayak@example.org,9.16E+11,"H.No. 45
Pradhan Chowk, Akola 580457",Bijapur,113784,05-01-2024,New,11,1573.7
22054087,Peter Buch,agour@example.org,9.17E+11,"45/632, Ram, Mango 377332",Miryalaguda,536699,05-01-2024,Inactive,18,1197.98
61226563,Chameli Kala,aadhya91@example.com,9.11E+11,"45/52, Kapoor, Mahbubnagar-558328",Vadodara,584496,06-01-2024,Regular,5,417.98
4758426,Qushi Dash,contractorurishilla@example.org,9.16E+11,"78
Jha Zila
Chandrapur 263897",Vijayawada,415274,06-01-2024,New,14,448.81
31681710,Udant Prabhakar,nachiket85@example.net,9.14E+11,"H.No. 30, Gole Chowk, Faridabad-856742",Panchkula,728463,06-01-2024,Regular,15,223.11
8073518,Mekhala Pandit,biswasosha@example.com,9.16E+11,"H.No. 05, Pau Zila, Nangloi Jat 527313",Nellore,377431,07-01-2024,Premium,16,946.2
35156679,Chakradev Verma,vincent13@example.com,9.10E+11,"71/96, Amble Circle, Panvel-979863",Etawah,954583,07-01-2024,Premium,8,1412.4
70615775,Abdul Narang,tmannan@example.org,9.11E+11,"H.No. 590
Sidhu Ganj
Vijayawada-873377",Ludhiana,912652,07-01-2024,Inactive,15,233.12
29664214,Vrishti Chopra,csankaran@example.com,9.14E+11,"57, Gala Circle, Bhavnagar-180888",Chennai,979766,08-01-2024,Regular,13,553.65
95736310,Bishakha Vora,sinhasudiksha@example.com,9.15E+11,"H.No. 642
Dewan Circle, Bhiwani-554746",Morbi,759352,08-01-2024,Premium,11,1954.12
78806824,Yashawini Vasa,ekaraj06@example.org,9.19E+11,"623
Thaman Chowk
Vellore-331680",Guntakal,408800,08-01-2024,Premium,20,1027.41
22974816,Ekantika Muni,naikyatin@example.org,9.13E+11,"H.No. 61, Banerjee Road, Kishanganj 372960",Bhusawal,182024,08-01-2024,Premium,1,865.72
9900288,Jasmit Pall,waidarau@example.org,9.12E+11,"84/431, Sidhu Chowk, Bardhaman 485811",Gulbarga,536115,09-01-2024,Regular,10,1315.84
86487478,Ojas Gour,qarin92@example.net,9.14E+11,"H.No. 626, Gopal Ganj
Jaipur-952980",Machilipatnam,955200,09-01-2024,Premium,20,1241.57
93318833,Jagat Sridhar,kashvi96@example.org,9.16E+11,"09/099, Oommen Zila
Mumbai 615873",Indore,920281,10-01-2024,New,19,490.94
50286371,Jonathan Zachariah,luke39@example.org,9.13E+11,"H.No. 770
Narasimhan Circle
Ozhukarai 931863",Bangalore,798154,10-01-2024,New,3,280.77
41168392,Sneha Rajagopalan,kamalacontractor@example.com,9.16E+11,"71, Banerjee Circle, Imphal-801151",Silchar,133041,10-01-2024,Premium,13,506.28
34281470,Yash Johal,deygautam@example.com,9.10E+11,"H.No. 14, Sunder Road, Silchar-024619",Kharagpur,963652,10-01-2024,Premium,11,1787.82
75082508,Omaja Bajwa,chanchaltara@example.org,9.15E+11,"75/418, Sekhon Street
Bhavnagar 719002",Navi Mumbai,757007,10-01-2024,Premium,10,961.81
57833505,Pooja Nadkarni,parmarvasatika@example.org,9.16E+11,"871
Parsa Chowk
Nagercoil 859863",Thrissur,805070,10-01-2024,New,5,1832.55
7728406,Leela Bansal,tgulati@example.net,9.12E+11,"87/91
Mandal Nagar, Ujjain 018314",Ranchi,684048,10-01-2024,Inactive,2,1970.33
24745800,Isaac Mutti,kantganga@example.net,9.16E+11,"07/52
Peri Ganj
Adoni-368437",New Delhi,465288,10-01-2024,Premium,3,1657.15
6245778,Reva Shanker,edhitha04@example.org,9.15E+11,"H.No. 716
Ram Marg, Kakinada 548086",Guntakal,850565,11-01-2024,Premium,17,1779.46
26245432,Darika Konda,tanklekha@example.com,9.12E+11,"830
Saran Path, Dindigul-325356",Tirupati,459997,11-01-2024,Inactive,17,719.09
57967753,Lila Tailor,bchoudhury@example.com,9.13E+11,"96/52
Prasad Chowk, Sambalpur-169998",Davanagere,869884,11-01-2024,Premium,20,203.28
6982488,Vanya Sachdev,shivani04@example.com,9.13E+11,"01
Chaudhry Circle, Saharanpur 438058",Jalna,584733,11-01-2024,New,4,1819.01
56604077,Yutika Pandit,shivanshdesai@example.com,9.13E+11,"426, Vora Ganj
Bettiah 007488",Ghaziabad,596688,11-01-2024,Regular,14,474.26
1562083,Madhavi Mishra,inayabadal@example.net,9.15E+11,"49/31
Chahal Road, Jalna-373980",Bhopal,405442,11-01-2024,Premium,13,695.02
28350645,Alka Srinivasan,xtalwar@example.org,9.17E+11,"623, Bassi Chowk, Patiala-864851",Ratlam,360999,12-01-2024,Inactive,9,553
33295496,Imaran Chaudry,janyasaha@example.net,9.12E+11,"88/372, Gera Zila, Tiruchirappalli-103051",Haldia,234933,12-01-2024,Premium,14,1136.17
96903782,Tanish Andra,chasmum69@example.net,9.18E+11,"261
Iyengar Zila
Proddatur-816790",Kakinada,206769,12-01-2024,Regular,5,504.83
3292927,Nisha Iyer,vdalia@example.org,9.10E+11,"H.No. 13, Dash Path, Bhatpara-468793",Rewa,320465,12-01-2024,New,6,1795.72
99406165,Yadavi Tiwari,karanmemon@example.com,9.18E+11,"43/378, Lalla, Sri Ganganagar 591499",Purnia,361264,12-01-2024,Premium,10,1465.58
13424885,Azaan Modi,pandyaarya@example.org,9.11E+11,"H.No. 581
Bawa Path
Ichalkaranji-554765",Malda,905782,14-01-2024,Premium,8,358.46
88223261,Yoshita Suri,xiti38@example.com,9.15E+11,"H.No. 42, Wali
Panihati-273533",Navi Mumbai,578028,14-01-2024,Regular,7,532.31
55038040,Vidhi Balakrishnan,tnigam@example.net,9.12E+11,"H.No. 81
Johal Zila
Kottayam-727849",Agartala,875201,14-01-2024,New,8,505.03
11503405,Damyanti Dua,dipta25@example.net,9.18E+11,"H.No. 18, Kuruvilla Chowk
Kamarhati 188062",Amritsar,430592,14-01-2024,Regular,11,1658.1
24104630,Jonathan Deo,tanvi11@example.org,9.15E+11,"84/257
Zachariah Road
Pune-664139",Jaipur,670567,14-01-2024,Premium,13,448.52
29600229,Tamanna Borde,hyadav@example.net,9.12E+11,"24/53, Sachdev Road
Visakhapatnam-358363",Gulbarga,402619,14-01-2024,Inactive,18,1491.65
94552818,Pooja Lalla,kritikabarad@example.org,9.13E+11,"03/85, Morar Marg
Gwalior 529763",Srinagar,862794,14-01-2024,Inactive,2,1308.38
95372766,Hitesh Morar,ikbalwagle@example.org,9.14E+11,"06
Dixit
Bahraich 227315",Latur,609032,15-01-2024,Regular,9,629.05
79076101,Maanav Gaba,vasatikachoudhry@example.org,9.19E+11,"52/93
Deep Circle
Uluberia-405552",Ujjain,998849,15-01-2024,Premium,2,870.19
3282647,Warda Pal,csinha@example.net,9.12E+11,"39/439, Natt
Lucknow 617952",Unnao,736234,15-01-2024,Premium,18,608.27
59620534,Oeshi Sethi,parmarbhavika@example.com,9.17E+11,"H.No. 04, Salvi Street
Munger 206534",Ambattur,529502,16-01-2024,Premium,15,1340.99
44139071,Lopa Padmanabhan,jagratimangat@example.com,9.19E+11,"85/433, Brar Path
Vijayawada-143684",Belgaum,769214,16-01-2024,Regular,8,923.09
33472376,Krisha Misra,khannayoshita@example.org,9.12E+11,"87/134, Sankaran Road, Darbhanga 261333",Bardhaman,123186,16-01-2024,Premium,11,1704.14
10088428,Tara Raghavan,vwalia@example.net,9.15E+11,"968, Dani Ganj, Bhiwandi-868663",Khammam,155215,16-01-2024,Premium,15,806.54
70820304,Advik Butala,deygirindra@example.net,9.10E+11,"H.No. 575, Tailor Road, Loni-288467",Adoni,918082,17-01-2024,Premium,13,420.89
85006599,Siddharth Krishna,farya@example.net,9.14E+11,"86, Amble Marg, Raiganj 373001",Shimoga,664694,17-01-2024,Inactive,13,1630.44
61121421,Aditya Sami,nandini14@example.net,9.19E+11,"40/64, Bath, Tadepalligudem-096254",Tirunelveli,173820,17-01-2024,New,14,1760.03
17675915,Rayaan Wable,warhi45@example.net,9.16E+11,"759, Karnik Nagar, Gurgaon 611202",Varanasi,107960,18-01-2024,Inactive,4,1146.18
25915909,Gaurangi Singh,wallavasudha@example.com,9.19E+11,"H.No. 903, Nagi Circle
Raipur-607118",Bhimavaram,638420,18-01-2024,New,18,1155.71
63948546,Samesh Dass,prabhuforum@example.com,9.18E+11,"H.No. 129, Banik Nagar, Kolkata-261584",Bhubaneswar,524266,18-01-2024,Regular,20,1745.12
32019725,Tarak Rout,nitarabatta@example.net,9.18E+11,"H.No. 952, Munshi Zila
Pondicherry 250063",Panchkula,791364,19-01-2024,Premium,19,1169.96
4192351,Leela Date,vbalasubramanian@example.net,9.16E+11,"H.No. 10
Banik Ganj, Kavali-006107",Nandyal,871014,20-01-2024,Inactive,17,625.36
16617201,Ekaraj Bhandari,magarbanjeet@example.net,9.11E+11,"71/757
Sen Street
Kavali 743310",Hosur,790556,20-01-2024,New,8,355.17
32293017,Samarth Kapoor,mandalmohammed@example.org,9.13E+11,"H.No. 700, Sidhu Road, Gudivada-131588",Gudivada,371366,21-01-2024,Inactive,16,691.29
25829710,Saumya Chhabra,gangaverma@example.com,9.16E+11,"H.No. 13
Sidhu Road, Gorakhpur-295747",Faridabad,289481,21-01-2024,New,4,1894.32
20122449,Amaira Ahuja,raagini26@example.net,9.14E+11,"H.No. 348, Kannan Chowk
Bahraich-832004",Cuttack,19668,22-01-2024,New,12,1298.4
97557157,Priya Karan,ekiya65@example.net,9.18E+11,"56/24
Bhalla Road, Sirsa 663909",Bardhaman,361111,22-01-2024,Regular,1,800.21
58505903,Harinakshi Sibal,borabarkha@example.org,9.19E+11,"H.No. 68
Kohli
Suryapet 129805",Kottayam,289118,22-01-2024,New,18,1079.81
60974181,Hardik Kakar,radharam@example.org,9.20E+11,"80, Kala Nagar, Udaipur-156360",Bahraich,118581,22-01-2024,Premium,20,1122.83
97182359,Rayaan Viswanathan,psarkar@example.org,9.12E+11,"252, Goyal Nagar
Bangalore 368073",Morbi,867805,22-01-2024,New,15,550.41
58979427,Kiaan Wason,chaudhrysuhani@example.com,9.14E+11,"83/13
Chawla Ganj
Ramgarh-215667",Jalna,771132,22-01-2024,Premium,3,1743.81
74762653,Varenya Sama,wsodhi@example.org,9.17E+11,"H.No. 79
Narang Ganj, Raurkela Industrial Township-542887",Kakinada,58056,22-01-2024,Premium,9,1996.53
94078407,Praneel Baria,olata@example.org,9.13E+11,"H.No. 409, Badal Marg
Morena-092728",Uluberia,208164,23-01-2024,Premium,4,1370.22
44557943,Megha D’Alia,pallawyatt@example.net,9.11E+11,"H.No. 515, Parikh Street
Proddatur 789104",Bangalore,391984,23-01-2024,Inactive,19,874.8
25520143,Rajata Ahuja,ozaayushman@example.com,9.17E+11,"280, Mannan
Kozhikode-407225",Berhampur,688637,23-01-2024,New,10,1133.1
6856445,Meghana Mangal,abhimanyubala@example.com,9.19E+11,"63/79, Padmanabhan Zila
Fatehpur-881615",Darbhanga,833987,23-01-2024,New,5,1932.51
7522036,Kashvi Karan,chhabraunnati@example.net,9.11E+11,"H.No. 97
Vala Circle
Etawah-602343",Hospet,173000,24-01-2024,Premium,2,797.92
14839726,Lohit Lanka,faris19@example.org,9.19E+11,"72/674
Bhatnagar Marg, Kochi 818898",Mira-Bhayandar,615732,24-01-2024,Regular,10,516.19
69353754,Brijesh Choudhary,aishanishanker@example.com,9.18E+11,"47/829, Sura Zila
Shimla 071733",Medininagar,818142,24-01-2024,Premium,8,1154.09
81584486,Orinder Kurian,cnazareth@example.net,9.14E+11,"53/359
Chadha Zila, Panchkula 168207",Hazaribagh,87603,24-01-2024,Inactive,2,369.75
92416428,Falak Balan,isandhu@example.org,9.15E+11,"67/29, Badal Chowk, Uluberia-967008",Avadi,944699,24-01-2024,Regular,5,1255.2
26278566,Henry Zachariah,surimaanas@example.org,9.13E+11,"H.No. 87
Jain Street, Darbhanga-415731",Satna,604955,25-01-2024,New,14,1739.84
37947202,Eta Srinivasan,mitali78@example.org,9.11E+11,"H.No. 486, Sen Road, Silchar-440108",Nandyal,87344,25-01-2024,Regular,3,259.96
14275043,Tanvi Lala,oscar88@example.net,9.15E+11,"924
Raval Street, Aligarh-564503",Bhilwara,576267,25-01-2024,New,19,1415.88
48002829,Daksh Mandal,varkeymohammed@example.com,9.20E+11,"28/42, Venkataraman Ganj, Kishanganj-360157",Mumbai,45238,25-01-2024,Inactive,17,754.33
42465414,Ria Mallick,lajitatrivedi@example.com,9.20E+11,"56/146
Rege Nagar, Kamarhati-492065",Kadapa,486794,26-01-2024,Regular,17,1898.12
57765367,Advika Sundaram,shivani60@example.net,9.17E+11,"92, Handa Street
Jehanabad-548704",Sultan Pur Majra,221493,26-01-2024,Premium,1,1296.69
83304462,Diya Loyal,cheriannaksh@example.com,9.18E+11,"89/04
Upadhyay Ganj
Ghaziabad 810468",Jamnagar,121929,26-01-2024,Premium,8,723.86
33741801,Girindra Nadig,quincy72@example.com,9.15E+11,"106
Bhatt Street, Jamshedpur 915471",Ratlam,626892,27-01-2024,New,16,1249.15
85177880,Aryan Sridhar,munipeter@example.com,9.15E+11,"44/148, Natt Chowk
Ahmedabad-669972",Bardhaman,285240,27-01-2024,Regular,9,1823.25
35144658,Tristan Gulati,bakshielijah@example.com,9.16E+11,"45/00, Sabharwal Zila, Dhule-908832",Bilaspur,256023,27-01-2024,Premium,8,433.11
35349582,Raksha Kalla,qvohra@example.net,9.12E+11,"159, Sahni Circle, Panihati 063296",Bhilai,563148,28-01-2024,Premium,6,932.85
43034188,Ekaraj Bora,kohlimeera@example.org,9.19E+11,"40/707, Soman Chowk
Latur-351743",Sirsa,569612,28-01-2024,Inactive,2,1638.62
81533356,Gauri Lala,veer75@example.net,9.16E+11,"49
Radhakrishnan Street
Tenali-419488",Tiruppur,63954,28-01-2024,Premium,14,674.3
81337068,Ira Kapur,benjamintara@example.org,9.14E+11,"H.No. 470
Gopal Path, Tadipatri-853677",Thiruvananthapuram,958921,28-01-2024,Regular,10,1509.04
5238055,Chandani D’Alia,sahninandini@example.net,9.11E+11,"H.No. 37
Balakrishnan, Raurkela Industrial Township-608642",Guntur,745044,29-01-2024,Regular,3,1166.67
35459748,Ekbal Dasgupta,kchaudhary@example.org,9.10E+11,"88/275
Dasgupta Ganj, Giridih 295131",Firozabad,635776,29-01-2024,Inactive,12,288.29
52678787,Zashil Salvi,amruta16@example.org,9.17E+11,"464
Arora Street
Kolhapur-442137",Ghaziabad,187842,29-01-2024,New,9,1444.39
7591711,Triya Kakar,xshetty@example.net,9.13E+11,"H.No. 65, Ratti Circle, Nellore-187667",Nagercoil,792550,30-01-2024,Regular,12,1494
88111697,Ronith Rajagopal,hemalkala@example.org,9.20E+11,"68/88
Bhargava Marg, Rajahmundry-132192",Ballia,413102,30-01-2024,Regular,4,1731.14
71235336,Gabriel Sawhney,chahalsamuel@example.net,9.12E+11,"H.No. 671, Doctor Chowk, Saharanpur 270113",Bokaro,551761,30-01-2024,Regular,16,248.21
72495274,Vasatika Amble,bhattirishi@example.com,9.19E+11,"804, Prasad Ganj, Gulbarga 969848",Aizawl,945908,30-01-2024,New,11,1364.51
12469338,Lavanya Dani,fsathe@example.org,9.15E+11,"39/71, Talwar Nagar
Sonipat 594726",Coimbatore,728275,30-01-2024,Inactive,2,1896.89
18035010,Vrishti Chakrabarti,narasimhanteerth@example.com,9.17E+11,"49/53
Sant Nagar, Avadi-509374",Burhanpur,67286,30-01-2024,Premium,16,745.1
11047835,Nathaniel Reddy,rsengupta@example.net,9.11E+11,"H.No. 31
Dugar Nagar, Nashik-602362",Tinsukia,553038,31-01-2024,Regular,6,573.38
81183415,Rachita Char,tejas00@example.com,9.11E+11,"H.No. 66
Kade Ganj
Bhiwani 535411",Imphal,593985,31-01-2024,Regular,19,1980.66
12302179,Nikita Nagi,shettyradha@example.com,9.12E+11,"03/92, Karpe Road, Firozabad-215941",Tumkur,702467,01-02-2024,Premium,15,246.73
8733344,Chandani Mishra,kalitafaraj@example.com,9.16E+11,"80/04
Garde Marg, Amaravati 689188",Jammu,100521,02-02-2024,Premium,10,1152.02
29973346,Pranit Sane,panchaljasmit@example.com,9.13E+11,"503
Memon Nagar, Jehanabad-859439",Sambhal,521032,02-02-2024,Premium,1,1786.85
13122744,Yashvi Dalal,zashilkaran@example.com,9.15E+11,"H.No. 95
Dasgupta Circle
Sultan Pur Majra 866995",Kalyan-Dombivli,491018,02-02-2024,Regular,5,1616.47
48284116,Bhanumati Pingle,nandasaanvi@example.com,9.18E+11,"H.No. 115, Dhar, Jabalpur 327515",Narasaraopet,278326,02-02-2024,Inactive,17,1885.64
31569754,Edhitha Kumer,psibal@example.org,9.13E+11,"721, Koshy Ganj
Gulbarga 881971",Bilaspur,556983,02-02-2024,Regular,6,845.41
87200291,Anya Panchal,ngandhi@example.net,9.12E+11,"04/693, Ramanathan Chowk
Faridabad-115332",Ichalkaranji,603624,03-02-2024,Inactive,12,526.58
30192942,Darika Raj,indalisunder@example.net,9.13E+11,"45
Shroff Zila, Bhiwani 555758",Jodhpur,907183,04-02-2024,Premium,8,1400.72
89699655,Om Chadha,bhavanisarna@example.net,9.10E+11,"49, Shroff Chowk
Haldia-909999",Darbhanga,340363,04-02-2024,Inactive,4,1134.64
43990799,Indrajit Singh,raghav41@example.org,9.17E+11,"H.No. 916
Hans Marg
Hubli–Dharwad-389409",Dindigul,282157,04-02-2024,Regular,6,495.41
47926198,Bhavini Kulkarni,elijah77@example.net,9.11E+11,"H.No. 082, Raghavan Nagar, Bhilwara-021542",Nandyal,321001,04-02-2024,Regular,11,1408.42
98444183,Radha D’Alia,gbansal@example.net,9.11E+11,"399, Anne Ganj
Bidar-098867",Tenali,503518,04-02-2024,Regular,11,389.36
8457972,Yauvani Gaba,lakshitpandey@example.net,9.15E+11,"62/91
Bedi Ganj
Medininagar 294693",Asansol,187523,04-02-2024,New,16,1250.35
46208150,Watika Bedi,lallawilliam@example.net,9.12E+11,"H.No. 513
Buch Chowk, Mau-355674",Meerut,266700,05-02-2024,New,3,1283.1
15631726,Ucchal Murthy,paldavid@example.com,9.15E+11,"89
Munshi Ganj
Nadiad-575587",Tezpur,47849,05-02-2024,Inactive,11,664.87
88312515,Kiaan Chhabra,peter83@example.com,9.19E+11,"72/340, Apte Marg
Sambhal-436677",Gandhinagar,186946,05-02-2024,Inactive,10,544.71
71902700,Qarin Nazareth,garimaraju@example.com,9.16E+11,"44
Bhasin Marg
Panipat 159190",Bhind,91752,05-02-2024,Regular,10,824.31
51556553,Hitesh Bakshi,sunderkrish@example.org,9.11E+11,"11/88, Iyengar Nagar, Fatehpur-638408",Noida,187126,05-02-2024,Premium,6,1765.93
47577193,Chaaya Wable,zvenkatesh@example.net,9.17E+11,"41/37, Raja Marg
Tumkur-353412",Dehri,410068,05-02-2024,Premium,16,1578.87
36737539,Leena Naidu,harinakshi40@example.net,9.13E+11,"14/24
Tandon Path, Madurai 446998",Gwalior,671833,06-02-2024,Inactive,9,1636.27
14479168,Sai Sawhney,vihaantata@example.net,9.14E+11,"53
Boase Chowk, Jamshedpur-402993",Rewa,854880,06-02-2024,New,17,917.45
7076456,Upkaar Munshi,onveer31@example.org,9.14E+11,"H.No. 90
Prabhu Nagar
Bhiwandi-896778",Ichalkaranji,726872,06-02-2024,Regular,10,469.41
46541905,Arunima Rout,jacobthakur@example.org,9.18E+11,"H.No. 10, Swamy Ganj
Unnao 053101",Udaipur,903499,06-02-2024,New,16,922.29
1134585,Bhavani Rau,uppalvrishti@example.com,9.14E+11,"61, Mitra Zila, Bhatpara-234618",Ghaziabad,553914,06-02-2024,Regular,8,1975.21
72946405,Ria Kuruvilla,oscar26@example.net,9.14E+11,"H.No. 434
Pradhan Zila, Gorakhpur 540230",Kulti,547077,07-02-2024,Premium,6,1287.78
92885616,Noah Dey,nakshraghavan@example.net,9.14E+11,"88, Nadkarni Nagar, Gaya 628811",Delhi,342749,07-02-2024,Inactive,13,285.81
76008165,Hemangini Mutti,maniomisha@example.com,9.18E+11,"45/266
Tara Marg, Silchar 957848",Katihar,262577,07-02-2024,Premium,6,1724.44
43519553,Lekha Swamy,bhavnamittal@example.com,9.15E+11,"53/90
Mukherjee Circle, Rajpur Sonarpur-576874",Mathura,998055,07-02-2024,Premium,18,898.85
87954926,Yachana Mahal,raghavansanaya@example.com,9.19E+11,"06/807
Roy Marg
Srikakulam-259605",Ambala,181111,07-02-2024,Premium,12,1245.07
40392019,Yashvi Sur,omamrita@example.net,9.18E+11,"73/114
Bhatnagar Ganj, Kozhikode 920406",Eluru,287315,08-02-2024,Premium,8,1419.8
91408854,Warinder Virk,eta71@example.net,9.14E+11,"H.No. 145
Chana Road
Sikar-170087",Vijayawada,572574,08-02-2024,New,19,555.13
8513589,Ishaan Nayak,odika51@example.net,9.13E+11,"H.No. 611, Karpe Nagar, Chinsurah 132815",Bathinda,645238,08-02-2024,New,6,1590.11
1479065,Keya Grover,vbalakrishnan@example.org,9.13E+11,"179, Sekhon Ganj
Gurgaon-532079",Bokaro,717396,09-02-2024,New,17,1597.83
29431960,Jagdish Manda,hredhaan09@example.org,9.15E+11,"954
Misra Marg
Dhule 966285",Etawah,741828,09-02-2024,Premium,5,1602.35
92306841,Dakshesh Kalita,balhaarbath@example.com,9.14E+11,"141
Rajan Zila, Satara 705516",Rampur,778285,09-02-2024,New,10,1915.85
32809328,Oeshi Raghavan,kiaan42@example.net,9.12E+11,"905
Patla
Alappuzha-788495",Chittoor,117692,09-02-2024,Premium,19,1525.5
46629917,Vasudha Dey,saksham89@example.net,9.15E+11,"03/989, Kari Ganj
Sagar 040726",Jamshedpur,139007,09-02-2024,Premium,1,788.35
87059497,Abeer Merchant,peterkuruvilla@example.net,9.10E+11,"H.No. 69, Mangal Zila
Sikar-669273",Jamshedpur,771247,09-02-2024,Regular,5,1137.61
25713335,Ojas Sridhar,nbhatnagar@example.org,9.13E+11,"H.No. 33, Gole Marg, Hubli–Dharwad-959877",Chennai,855454,10-02-2024,New,16,1362.71
71229024,Manbir Ramesh,ekbaldeshmukh@example.net,9.19E+11,"38/411
Deshmukh Marg
Gangtok 554649",Jamalpur,761366,10-02-2024,New,4,1869.02
40871915,Alka Sandal,harinakshisahota@example.net,9.10E+11,"86/200, Nazareth Zila, Thoothukudi 902537",Mehsana,80248,10-02-2024,Premium,8,1636.24
89886179,Ladli Shah,tarakbahri@example.net,9.18E+11,"402
Dhar Marg
Howrah-469239",Kharagpur,816353,10-02-2024,Inactive,4,1298.64
91291123,Qarin Sama,fzacharia@example.org,9.11E+11,"H.No. 89
Mukhopadhyay
Latur-280918",Etawah,598689,10-02-2024,New,15,1952.01
20209237,Anthony Ratti,aryan46@example.com,9.19E+11,"44/934, Varma Marg
Thiruvananthapuram-851021",Shimoga,467793,11-02-2024,Regular,19,1121.1
701493,Ekaraj Saini,arya43@example.net,9.19E+11,"H.No. 327, Borde Circle, Dibrugarh 462007",Shahjahanpur,845299,11-02-2024,Inactive,2,290.07
33998721,Aahana Naik,rakshabahri@example.org,9.15E+11,"H.No. 71, Khalsa Chowk
Warangal 517087",Bhilai,702364,11-02-2024,New,8,245.84
17939362,Anjali Yogi,utkarshratti@example.com,9.18E+11,"H.No. 066
Bhavsar Nagar, Darbhanga 347239",Noida,745281,11-02-2024,Inactive,17,496.59
80759416,Pavani Prabhakar,borratarak@example.com,9.20E+11,"22/739
Vohra Road
Durg-638372",Junagadh,680825,11-02-2024,Premium,5,1637.85
79742293,Faris Mohanty,udarsh64@example.com,9.19E+11,"H.No. 477, Khalsa Zila
Kurnool-102764",Hajipur,123910,11-02-2024,Regular,17,1608.81
19682060,Hamsini Swamy,vedhikasawhney@example.net,9.18E+11,"14/652
Ganesan Nagar, Patna-892135",Jehanabad,273810,12-02-2024,Inactive,4,850.2
62917794,Chaman Setty,charlesprabhu@example.org,9.14E+11,"067, Sem Street, Thane-645689",Bharatpur,198010,12-02-2024,Regular,16,1686.74
15043066,Bakhshi Majumdar,mittalaarini@example.com,9.15E+11,"H.No. 597
Johal Ganj, Bhilwara 123696",Rohtak,707096,12-02-2024,Inactive,2,1748.41
24323106,Faras Edwin,janani01@example.net,9.13E+11,"96/09
Jaggi Circle
Siwan-762214",Amaravati,840367,12-02-2024,Inactive,19,384.21
90184276,Vasudha Brar,rachitraju@example.com,9.18E+11,"50, Murthy Nagar
Howrah-738443",Kurnool,264663,12-02-2024,Inactive,1,580.47
47274329,Hemal Murthy,ramanathanrajeshri@example.net,9.17E+11,"20/507
Taneja Chowk, Pondicherry-483122",Ludhiana,831272,12-02-2024,New,7,1898.39
51048402,Leela Bhandari,wnarayan@example.com,9.15E+11,"82/635
Karan Street, Srinagar 417962",Ahmedabad,68801,13-02-2024,Premium,12,895.49
15487049,Aadhya Cherian,rushil71@example.com,9.15E+11,"H.No. 071
Mane Circle
Jorhat 896774",Motihari,716665,13-02-2024,New,15,1928
79916464,Aishani Sunder,krishnasane@example.org,9.19E+11,"50/573, Sinha Path, Ujjain-447928",Shahjahanpur,261246,13-02-2024,New,17,539.79
41971906,Yashica Sankaran,rachita94@example.org,9.14E+11,"H.No. 961
Mukherjee Path, Hazaribagh-823281",Phagwara,595797,13-02-2024,Premium,17,245.86
78209683,Edhitha Barad,jatin05@example.net,9.17E+11,"700
Raman Road
Bidar 263500",Jhansi,441254,13-02-2024,Premium,1,1077.22
84862161,Advaith Baria,ayushnatarajan@example.org,9.18E+11,"387
Narula Zila
Korba 967819",Farrukhabad,770374,14-02-2024,New,12,1512.98
54893418,Chatresh Prashad,mpatel@example.org,9.13E+11,"H.No. 77, Narula Street, Jamnagar 960771",Dibrugarh,271286,14-02-2024,Premium,13,1858.33
77397957,Sachi Dubey,vbarman@example.com,9.14E+11,"H.No. 74, Devan
Danapur 072213",Coimbatore,754911,14-02-2024,New,14,1913.71
28277304,Chaitanya Mann,hemalall@example.com,9.15E+11,"18/80, Lad, Bhalswa Jahangir Pur 775594",Haridwar,159776,14-02-2024,Inactive,14,1681.58
11082181,Pratyush Munshi,evig@example.com,9.16E+11,"H.No. 07
Apte Chowk
Ulhasnagar-524587",Kalyan-Dombivli,816410,15-02-2024,Premium,6,624.4
96001315,Jhalak Naidu,charles11@example.net,9.15E+11,"47/342, Bahl, Pune-221043",Bihar Sharif,429696,15-02-2024,Inactive,19,1628.45
21432404,Darika Sharaf,mpalla@example.net,9.19E+11,"981
Char, Morena 849491",Kalyan-Dombivli,144309,15-02-2024,Inactive,17,1482.59
46563355,Zehaan Srinivasan,sathvikmane@example.net,9.10E+11,"H.No. 494, Thakkar Chowk, Kalyan-Dombivli-939080",Ajmer,295136,15-02-2024,Premium,19,463.08
6344788,Max Mandal,sanya24@example.com,9.19E+11,"61
Kata Nagar
Nagpur 188136",Bareilly,879635,15-02-2024,Premium,9,1058.66
58893807,Faris Sekhon,chopradiya@example.net,9.14E+11,"H.No. 450, Kibe, Ghaziabad 278382",Tirunelveli,29632,15-02-2024,Inactive,14,1163.42
79592021,Jack Basu,gulatitanvi@example.net,9.16E+11,"668, Jaggi Circle, Jorhat-664299",Chittoor,463029,16-02-2024,Regular,1,291.29
31537100,Rajata Sampath,ekiya53@example.org,9.15E+11,"H.No. 253, Sundaram Chowk, Pondicherry-876626",Kozhikode,147671,16-02-2024,Regular,13,917.32
97111069,Megha Hora,inaya49@example.com,9.19E+11,"839, Bhatti Ganj, Saharanpur 068437",North Dumdum,143574,16-02-2024,Inactive,10,1898.27
6367136,Yashica Jayaraman,kmane@example.org,9.10E+11,"47/70
Kalita Road
Jalgaon-197155",Rohtak,337064,17-02-2024,Regular,18,1662.44
65143359,Zinal Thakkar,pranavdara@example.net,9.16E+11,"08
Comar Circle, Secunderabad-809728",Bhind,238085,17-02-2024,Premium,14,1071.2
8361353,Pahal Kibe,gabriel01@example.org,9.12E+11,"231, Bhasin Circle
Berhampur-413214",Bhiwani,528702,17-02-2024,New,3,632.74
50968312,Idika Chaudhry,anirudh02@example.org,9.14E+11,"74/873
Basu Road
Dindigul 291516",Maheshtala,195956,17-02-2024,Inactive,13,1794.46
72576730,Girik Kala,sarthak86@example.net,9.15E+11,"61/029, Dara Street
Jaunpur-721683",Chennai,734650,17-02-2024,Regular,5,1971.67
83155219,Yauvani Chanda,ijayavasa@example.net,9.13E+11,"H.No. 66, Malhotra Zila
Mangalore-435105",Satara,88020,18-02-2024,Inactive,5,1433.81
97259564,Watika Narayanan,soommen@example.com,9.14E+11,"H.No. 97, Sule Ganj
Moradabad 014721",Khammam,14378,18-02-2024,Premium,6,1047.69
46802633,Champak Subramaniam,raagini83@example.com,9.15E+11,"H.No. 18, Kumer Road
Mango-881448",Bettiah,770230,18-02-2024,Premium,6,617.22
48188624,Maanav Tella,doshidarpan@example.com,9.20E+11,"28/10
Chadha Road, Kirari Suleman Nagar 215968",Chittoor,740511,19-02-2024,Regular,11,320.69
61516967,Mohammed Morar,wreddy@example.net,9.15E+11,"08/07, Seshadri Chowk, Noida 969216",Erode,250388,20-02-2024,Regular,9,556.81
6319646,Rehaan Suresh,ryan15@example.com,9.16E+11,"38, Chandran Chowk
Phusro 940532",Udupi,413954,20-02-2024,Regular,9,518.17
62600289,Tanmayi Zachariah,aishanikata@example.net,9.15E+11,"88, Chaudhary Zila, Kalyan-Dombivli 682393",Udaipur,72489,20-02-2024,Inactive,10,1326.02
82032191,Benjamin Bhatnagar,qarin38@example.org,9.12E+11,"499, Radhakrishnan Circle, Tiruvottiyur 199364",Satara,326010,20-02-2024,New,17,387.14
63262519,Benjamin Balakrishnan,nkaran@example.com,9.12E+11,"H.No. 08
Kalla Road
Udupi 906901",Karaikudi,681242,21-02-2024,Regular,10,607.45
69126963,Chatura Lad,gagankaran@example.com,9.17E+11,"354, Chaudhry, Guna-116016",Mirzapur,838057,21-02-2024,Premium,19,1352.41
93867669,Vrishti Bhatti,ochoudhary@example.net,9.19E+11,"H.No. 419, Ranganathan Road
Thane-511020",Khammam,755055,21-02-2024,Inactive,10,1954.42
95364457,Nitara Bandi,gaurangi65@example.org,9.13E+11,"H.No. 205, Bose Path
Sri Ganganagar-216738",Ramagundam,738005,21-02-2024,Premium,13,1137.59
49617892,Dayamai Parmer,finn87@example.com,9.17E+11,"H.No. 022
Sankar Circle
Pudukkottai 520782",Orai,113196,21-02-2024,New,19,1894.61
43295656,Wyatt Bhasin,ppalla@example.org,9.18E+11,"06/508, Dalal Nagar
Jaunpur 214842",Sagar,356947,21-02-2024,Regular,4,1306.25
60385293,Edhitha Pandey,hchaudry@example.org,9.12E+11,"30/01, Pillay Road
Jammu-165930",Medininagar,950046,22-02-2024,Premium,17,228.44
73098723,Abhiram Khare,wvora@example.org,9.19E+11,"644, Cherian Circle
Karimnagar 990326",Coimbatore,17255,22-02-2024,New,1,474.41
50680889,Warda Karan,yashawininazareth@example.org,9.14E+11,"H.No. 57
Raval Street
Kharagpur-806830",Thoothukudi,99859,22-02-2024,New,1,619.56
66766629,Harita Mander,ayushwalla@example.org,9.11E+11,"H.No. 09
Ganguly Ganj, Motihari-968384",Gulbarga,408735,22-02-2024,New,16,504.76
51503088,Arin More,aashibiswas@example.org,9.14E+11,"H.No. 11, Krishnan Zila
Kirari Suleman Nagar-199625",Kumbakonam,867510,23-02-2024,New,20,1651.36
53076417,Chaitanya Nayak,yuvrajmadan@example.com,9.16E+11,"63, Dyal Zila
Malda 584769",Malda,592396,23-02-2024,Inactive,6,411.27
42262168,Mason Iyengar,nisha39@example.net,9.18E+11,"27/85, Setty Street, Ichalkaranji-385279",Avadi,606137,23-02-2024,Regular,18,489.19
9278983,Madhav Guha,wahab65@example.org,9.16E+11,"945
Basak Chowk, Guwahati 644383",Bathinda,566507,23-02-2024,Inactive,17,1418.32
81940369,Nilima Chaudhuri,agrawalmugdha@example.com,9.13E+11,"H.No. 466, Bhavsar Nagar, Kalyan-Dombivli-115231",Nellore,522947,24-02-2024,Premium,10,316.79
99707100,Falan Master,mrao@example.net,9.12E+11,"44/84
Sule Road, Howrah-418979",Munger,361839,24-02-2024,Inactive,9,1089.92
19523014,Neha Shroff,vaishnaviravi@example.net,9.17E+11,"86/05
Dutt, Proddatur-587012",Ongole,419857,24-02-2024,New,14,679.5
38728779,Reva Sem,jrajagopal@example.net,9.11E+11,"H.No. 76, Bhalla Ganj
Surat 589030",Bulandshahr,648636,24-02-2024,Regular,19,1294.04
25287111,Lakshmi Ratti,chakradhar10@example.com,9.14E+11,"H.No. 501, Deshpande Street
Madurai 919253",Thane,443182,25-02-2024,Inactive,9,581.43
16376189,Samaksh Srivastava,vsom@example.org,9.15E+11,"H.No. 417
Goel Road, Alappuzha-241112",Chapra,840977,25-02-2024,Premium,10,271.53
50652909,Meera Jain,deyrehaan@example.org,9.12E+11,"H.No. 50
Munshi Zila, Amaravati-880526",Farrukhabad,124819,25-02-2024,Regular,8,559.99
69925688,Yashica Sehgal,igola@example.net,9.16E+11,"77/881, Mitra Street
Erode 449182",Nandyal,920703,25-02-2024,Inactive,20,1350.67
91778474,Sai Raman,jeremiah38@example.org,9.18E+11,"H.No. 375, Nagi Marg
Jammu-016214",Kalyan-Dombivli,968102,25-02-2024,Regular,20,280.67
36833857,Omya Banik,jeet65@example.org,9.14E+11,"19
Dada Marg, Hajipur-162049",Silchar,319422,26-02-2024,Premium,7,1882.18
954629,Fiyaz Mand,naggarwal@example.com,9.15E+11,"46/673
Magar Ganj, Panchkula 815005",Begusarai,107720,26-02-2024,New,14,1390.08
2400009,Jonathan Korpal,liam03@example.org,9.17E+11,"22/29, Chowdhury Path, Karimnagar 950098",Amaravati,690370,26-02-2024,Premium,7,1328.35
59297955,Charita Mistry,anirudh92@example.com,9.13E+11,"33/33
Kamdar Marg, Rajahmundry 580070",Orai,182135,26-02-2024,Premium,6,1292.83
81352781,Brinda Bassi,jminhas@example.net,9.12E+11,"03/95, Virk Road
Satna 527580",Dehradun,455587,27-02-2024,Regular,4,564.55
88252625,Kritika Jha,tripathibhavya@example.net,9.19E+11,"51
Rajagopal Nagar
Pali 404029",Shivpuri,22342,27-02-2024,New,15,422.31
71321741,Adya Virk,chakrikakrishna@example.com,9.18E+11,"892
Dave Chowk
Bhatpara-152046",Saharsa,205275,27-02-2024,Regular,18,1734.32
46564935,Ranbir Hegde,rishirana@example.com,9.17E+11,"91/552, Karan Street, Chennai-415629",Muzaffarpur,645064,27-02-2024,Inactive,5,536.94
23348269,Rudra Dutta,janya57@example.com,9.15E+11,"02/047
Patel Road
Dindigul 073010",Ahmednagar,398963,28-02-2024,Inactive,9,1251.82
2517955,Charan Sharma,rsagar@example.org,9.20E+11,"512, Mani Chowk
Sikar-332566",Mathura,52692,28-02-2024,Regular,7,1625.44
73586244,Netra Oak,manbir86@example.net,9.19E+11,"H.No. 340
Kala Path, Bikaner-738975",Erode,392999,28-02-2024,New,1,377.07
57340963,Wridesh Kothari,eshana23@example.com,9.14E+11,"56, Mangal Chowk, Nagercoil-046733",Proddatur,479748,29-02-2024,Regular,2,230.19
38565569,Udarsh Nayar,garimabala@example.com,9.18E+11,"36/815, Khosla Chowk, Karaikudi-978674",Anantapuram,200521,01-03-2024,Premium,5,1765.01
70976153,Devansh Nanda,vihaankanda@example.com,9.10E+11,"95/511
Tak Nagar, Pudukkottai-475800",Ahmednagar,541588,01-03-2024,New,7,1480.3
30788486,Vrishti Mittal,madanfaraj@example.org,9.17E+11,"75, Goel Path, Pimpri-Chinchwad 654563",Bhimavaram,643683,01-03-2024,New,11,328.57
59769142,Pooja Bajaj,ijaya43@example.com,9.17E+11,"21/95
Merchant Street
Katni-296822",Bellary,208439,01-03-2024,New,4,718.4
53100521,Mitesh Bora,krishnanabhimanyu@example.com,9.13E+11,"H.No. 306, Lanka Ganj
Orai-124210",Gandhidham,108712,02-03-2024,Inactive,3,982.11
41073776,Urmi Dara,anitakaur@example.com,9.14E+11,"93, Bhatnagar Marg, Hindupur-363934",Meerut,658588,02-03-2024,Premium,8,1366.55
18791381,Avni Gera,haritagandhi@example.net,9.18E+11,"80/24
Singhal Path
Anantapur 636515",Jamalpur,585239,02-03-2024,Premium,1,1206.26
27416314,Anika Hari,garima95@example.org,9.12E+11,"91, Ramanathan Nagar, Bhatpara-172778",Kanpur,803498,02-03-2024,Inactive,3,820.6
9738801,Damyanti Nadkarni,ganga81@example.com,9.11E+11,"45/643
Ramaswamy Nagar
Phusro-922851",Nellore,86659,02-03-2024,Inactive,19,376.73
46686696,Wazir Seth,william12@example.com,9.15E+11,"69/92
Mitter Marg
Mahbubnagar-162861",Thoothukudi,992012,02-03-2024,Premium,7,968.93
39093069,Mahika Issac,dakshminhas@example.org,9.13E+11,"H.No. 98
Padmanabhan Street, Kottayam-241642",Rajkot,250605,02-03-2024,Regular,6,1176.58
69339331,Zehaan Kapur,mitesh70@example.net,9.11E+11,"65/63
Bhasin Circle, Bally-812118",Raurkela Industrial Township,343490,02-03-2024,Regular,5,1567.18
39153585,Rishi Sur,modykaran@example.org,9.20E+11,"27/13, Prabhakar Ganj, Kishanganj 123587",Tirunelveli,325976,03-03-2024,Premium,9,1851.83
25706121,Baghyawati Toor,thomas08@example.com,9.18E+11,"127
Korpal Street, Kakinada 138460",Srinagar,466303,03-03-2024,Premium,12,1453.68
51833636,Ikbal Munshi,leela67@example.net,9.18E+11,"15/52
Khare Path
Sirsa 885319",Anand,255774,03-03-2024,Regular,3,1977.36
62068277,Zarna Shetty,kumerzansi@example.org,9.13E+11,"H.No. 12, Kale Chowk
New Delhi 521199",Hosur,397881,03-03-2024,Regular,6,1515.17
15417130,Henry Arora,sanya65@example.com,9.11E+11,"91/48, Sangha Zila
Srikakulam 495855",Indore,866515,03-03-2024,New,5,1289.29
87251489,Reyansh Johal,ladpatrick@example.net,9.15E+11,"49/97
Thakkar Chowk, Jamalpur-188650",Thane,171389,04-03-2024,Premium,9,1940.4
65221572,Leela Bumb,jkapoor@example.com,9.19E+11,"H.No. 30
Mand Marg, Ramgarh 691868",Delhi,305120,04-03-2024,New,17,1100.53
1313292,Robert Kaur,mohinisarna@example.net,9.18E+11,"92/24, Nanda Chowk, Belgaum-142848",Korba,990395,04-03-2024,Inactive,20,1275.41
17861428,Nicholas Chowdhury,agastya94@example.org,9.16E+11,"H.No. 71
Chad Road
Kanpur-884402",Chandigarh,396282,04-03-2024,Inactive,10,1606.18
43980719,Unni Pillai,advayamble@example.org,9.17E+11,"22/693, Chopra Marg
Ludhiana 100252",Kalyan-Dombivli,919813,04-03-2024,New,13,785.19
40192266,Vasana Dhar,janimanbir@example.org,9.17E+11,"56/554
Kashyap, Shivpuri 193283",Bhopal,305319,04-03-2024,New,19,1893.6
17299810,Hamsini Krish,balendrasanghvi@example.com,9.14E+11,"42/822
Mitra Nagar
Gorakhpur 509558",Kadapa,344807,04-03-2024,New,13,1874.42
27513158,Dev Taneja,unadig@example.net,9.13E+11,"H.No. 764, Padmanabhan Chowk
Sirsa 804300",Aizawl,769023,05-03-2024,New,7,1387.81
22483684,Gautami Dar,vanya27@example.net,9.10E+11,"12/217
Doshi Marg, Nashik 384774",Kirari Suleman Nagar,70737,05-03-2024,Regular,20,719.77
61024977,Krishna Manda,elijahagrawal@example.org,9.12E+11,"93, Borah Street, Farrukhabad-242782",Dindigul,509584,05-03-2024,New,18,699.89
89036169,Kashvi Chaudhuri,inayabal@example.org,9.15E+11,"H.No. 75
Balay Path
Solapur-409336",Deoghar,856727,05-03-2024,Inactive,12,1133.25
1816969,Tejas Pillai,xsarin@example.org,9.18E+11,"74/97, Warrior Ganj
Tadepalligudem 137156",Vadodara,441464,05-03-2024,Premium,2,1902.69
19966989,Varsha Dutt,hritik00@example.com,9.18E+11,"33/377, Hayer Marg
Khammam 556674",Secunderabad,441105,06-03-2024,Premium,2,1737.1
52417972,Nisha Chadha,rmishra@example.net,9.12E+11,"568
Keer Road
Raiganj-432407",Madhyamgram,51637,06-03-2024,New,1,581.78
95595403,Rushil Walia,duttadamini@example.org,9.17E+11,"46, Tiwari
Nandyal-807876",Durgapur,533130,06-03-2024,Regular,10,1368.49
50848069,Yahvi Golla,tdutta@example.net,9.15E+11,"35/772, Varghese Street, Shimla-179982",Belgaum,881993,07-03-2024,Inactive,11,586.25
1060685,Yadavi Rajagopalan,dipta24@example.net,9.13E+11,"48
Choudhary Ganj, Gorakhpur 965066",Mango,449803,07-03-2024,Inactive,4,999.24
12655794,Teerth Mand,karavrishti@example.net,9.17E+11,"74, Luthra Road
Raurkela Industrial Township 152924",Hosur,806093,07-03-2024,Regular,15,446.56
68128937,Girish Murthy,desainitara@example.net,9.14E+11,"194, Kumar Chowk
Bongaigaon 044195",Panipat,688117,07-03-2024,New,4,1817.62
21786873,Balhaar Ramesh,andraidika@example.com,9.16E+11,"48/273
Chacko Marg
Tirupati-417143",Lucknow,297685,07-03-2024,Regular,3,1600.68
95856869,Bahadurjit Ratta,dinradhika@example.org,9.15E+11,"H.No. 031, Lala Nagar, Nandyal 203236",Tirupati,650085,08-03-2024,New,12,531.83
49795571,Rajata Agrawal,charvikurian@example.net,9.12E+11,"43/482
Munshi Zila, Khandwa 356038",Loni,73093,08-03-2024,Premium,13,401.72
31328762,Vanya Sanghvi,banikishita@example.net,9.12E+11,"H.No. 98
Balasubramanian Path
Jamshedpur 087164",Durg,198685,08-03-2024,Premium,5,941.9
76987910,Oeshi Kannan,manderowen@example.com,9.10E+11,"35
Lad Road, Tenali 343537",Shahjahanpur,847001,08-03-2024,Inactive,5,728.54
3483295,Maya Nath,nmadan@example.org,9.11E+11,"573
Devi Ganj
Rajahmundry 145523",Imphal,632918,08-03-2024,Inactive,5,1334.49
5226128,Wridesh Mander,samakshshere@example.org,9.11E+11,"02/758, Garg Zila, Tinsukia-257738",Bhimavaram,227013,09-03-2024,New,10,1049.1
33685414,Nidhi Swaminathan,lajitasawhney@example.net,9.11E+11,"336, Nigam Nagar
Giridih-512900",Miryalaguda,269887,09-03-2024,Regular,8,1679.23
20956158,Kashish Misra,issacjalsa@example.net,9.18E+11,"55/77
Nadkarni Zila
Machilipatnam 232117",Kavali,767570,10-03-2024,Premium,7,312.69
84275450,Frederick Sem,ucchalsingh@example.com,9.20E+11,"50/504
Sha Zila
Agra-731162",Nellore,809285,10-03-2024,Premium,17,239.05
15931134,Azaan Gara,jai07@example.com,9.14E+11,"H.No. 099
Ghosh Zila, Serampore-691244",Darbhanga,121150,10-03-2024,Inactive,5,760.9
95269737,Aarini Vora,tmitra@example.com,9.15E+11,"152
Karan
Bathinda-640398",Machilipatnam,468669,10-03-2024,Regular,19,413.46
44409533,Vihaan Sule,varghesevasatika@example.net,9.19E+11,"H.No. 08, Kapadia Zila, Nagpur-853011",Tadipatri,789300,10-03-2024,New,12,1728.95
70084516,Ishaan Baria,gulatichaitaly@example.org,9.15E+11,"H.No. 765, Sangha, Pimpri-Chinchwad-976190",Pallavaram,932798,10-03-2024,New,11,486.51
8395343,Ekani Pingle,joshiwarhi@example.com,9.11E+11,"57/055
Tripathi Ganj
Fatehpur 117481",Bathinda,809596,10-03-2024,New,11,315.99
74840437,Rachit Arya,sarmachatresh@example.net,9.11E+11,"730, Sama Road, Bhopal-485906",Korba,807661,10-03-2024,Inactive,1,330.17
38902882,Ria Dugar,craval@example.org,9.13E+11,"80/48, Mangal Nagar, Ratlam-375288",Firozabad,226571,10-03-2024,Inactive,17,1583.52
86748343,Faris Pillay,anusharatti@example.net,9.15E+11,"H.No. 300, Barad Nagar, Morbi-324626",Sultan Pur Majra,916917,10-03-2024,Premium,16,1799.33
408590,Januja Zachariah,nakshsahni@example.net,9.16E+11,"25/639
Chandran Zila
Kozhikode 329055",Jorhat,356268,11-03-2024,Regular,17,436.74
45708879,Girindra Majumdar,faraj30@example.net,9.18E+11,"716, Kalita Path, Srinagar 803059",Ulhasnagar,25486,11-03-2024,Regular,20,988.63
5716817,Xalak Master,pandeyadvik@example.com,9.10E+11,"H.No. 47
Saran Ganj
Shimoga-583550",Aurangabad,378247,11-03-2024,Inactive,3,1607.05
33658749,Anjali Varty,bedidalbir@example.org,9.19E+11,"H.No. 37
Wagle Marg
Bongaigaon 438069",Ahmednagar,877365,11-03-2024,Inactive,6,547.78
19741509,Michael Vohra,choudhuryalka@example.org,9.11E+11,"88/20, Manne Path
Arrah 855340",Vellore,19974,11-03-2024,Regular,3,949.01
76202036,Ishita Patla,omajawali@example.com,9.13E+11,"97/622
Bhatnagar Marg
Varanasi 242752",Gwalior,620579,11-03-2024,Inactive,13,1118.75
93730857,Pratyush Goyal,gabrielghosh@example.net,9.15E+11,"93/581
Jayaraman Marg, Kalyan-Dombivli 367935",Singrauli,840019,11-03-2024,Premium,6,1446.09
63238941,Vidhi Misra,ramaswamyqushi@example.com,9.15E+11,"43/736, Sant Ganj
Guntur-200508",Gwalior,778124,11-03-2024,Regular,2,1374.76
9419030,Thomas Doctor,lhans@example.net,9.14E+11,"H.No. 82
Nazareth Ganj, Ambala-089016",Avadi,657231,11-03-2024,Inactive,1,340.77
73933840,Amara Gill,radhachand@example.net,9.19E+11,"39/48
Bhatt Marg
Maheshtala-742358",Raiganj,664697,12-03-2024,Regular,10,1339.52
55042740,Samuel Lanka,bhanumati39@example.net,9.10E+11,"36/962
Nazareth Circle, Tirupati-434921",Kadapa,97917,12-03-2024,Regular,7,404.02
81462774,Ishaan Sarkar,bdara@example.net,9.13E+11,"78
Chaudhuri Marg, Phusro 720202",Junagadh,513437,13-03-2024,Regular,12,1895.04
25722990,Nidra Radhakrishnan,yauvani33@example.net,9.11E+11,"236
Zacharia Path, Agartala-384748",Pallavaram,344843,13-03-2024,Regular,16,1409.6
31923338,Ishwar Goyal,ejaggi@example.com,9.18E+11,"H.No. 491, Ram Marg
Belgaum 471793",Yamunanagar,838368,13-03-2024,New,8,1166.83
72564495,Urmi Badami,quincyanne@example.com,9.16E+11,"H.No. 19, Ahuja Ganj, Meerut-057290",Gandhidham,140024,13-03-2024,New,11,1015.81
64562786,Neel Sankar,krishadvika@example.com,9.12E+11,"98
Chhabra Street, Hazaribagh-482791",Firozabad,785077,13-03-2024,Inactive,19,1483.65
57637943,Kiaan Kala,krish70@example.org,9.17E+11,"H.No. 760, Deshmukh Path, Mau 347656",Amroha,693916,13-03-2024,Premium,13,1865.94
85907588,Avni Rai,ybarad@example.org,9.14E+11,"H.No. 415
Dalal Circle
Sikar-264681",Rampur,639737,13-03-2024,Inactive,5,505.34
48765625,Aradhana Ganguly,gaganbanik@example.net,9.18E+11,"01/115, Mander Nagar, Morbi-897722",Bathinda,352264,13-03-2024,Inactive,17,218
42227189,Nilima Borah,kashishvenkatesh@example.com,9.12E+11,"H.No. 22, Oommen Marg
Bokaro-040725",Sonipat,618575,14-03-2024,Regular,19,723.21
8025622,Daksh Bali,xraju@example.org,9.19E+11,"18/209
Bumb Circle
Amravati-268871",Bulandshahr,177515,14-03-2024,Regular,15,1160.55
51812283,Vasana Rajagopalan,ucchal05@example.org,9.19E+11,"11/03
Dada Chowk
Rajpur Sonarpur 110283",Katni,474877,14-03-2024,Regular,6,1685.52
43649266,Ayushman Menon,anayrajagopalan@example.org,9.13E+11,"H.No. 554
Lata Marg, Nagaon 736446",Khandwa,984786,14-03-2024,Inactive,19,1803.11
40387944,Chavvi Gill,qabil65@example.net,9.14E+11,"584, Mohanty Marg, Mirzapur-256533",Parbhani,373298,15-03-2024,Regular,10,569.91
48647253,Theodore Ram,pranitsachdeva@example.net,9.12E+11,"H.No. 19, Dash Road
Morbi 758796",Warangal,950220,15-03-2024,Inactive,12,1736.69
19091057,Kalpit Kohli,chaudharyupma@example.com,9.13E+11,"96/84
Pai Path
Bulandshahr 159547",Kozhikode,471587,15-03-2024,Regular,9,1569
77085443,Prisha Nadkarni,yagneshdhar@example.net,9.18E+11,"H.No. 753
Bala Chowk, Bhalswa Jahangir Pur 704393",Naihati,455466,15-03-2024,Regular,9,1742.63
71890882,Mitali Parsa,khalsazaid@example.org,9.19E+11,"65
Balasubramanian Road, Akola 312577",Fatehpur,316173,16-03-2024,Premium,6,907.37
13978108,Oscar Oak,dubeywatika@example.org,9.16E+11,"28, Shukla Chowk, South Dumdum-353489",Kota,596608,16-03-2024,Premium,7,1307.21
23286884,Vedika Kaur,okumer@example.org,9.15E+11,"H.No. 97
Nagar Zila, Mahbubnagar-096292",Serampore,408435,16-03-2024,Premium,4,505.94
59009727,Charles Kulkarni,ysahni@example.com,9.13E+11,"324, Chopra Marg, Bilaspur 405151",Adoni,424255,16-03-2024,New,7,580.22
86704661,Kamala Chokshi,turvidas@example.net,9.11E+11,"09/68, Brahmbhatt Nagar
Davanagere-527950",Kamarhati,812273,16-03-2024,Premium,12,1726.51
27955158,Abeer Kamdar,aaggarwal@example.net,9.18E+11,"H.No. 535, Nair Path
Kurnool 247765",Shivpuri,950386,16-03-2024,New,13,1659.73
44198187,Charvi Lanka,vrishti63@example.com,9.17E+11,"H.No. 62
Ahluwalia, Salem 308338",North Dumdum,234734,16-03-2024,Regular,13,464.33
32635818,Panini Natt,amara35@example.org,9.19E+11,"59/87
Soni Nagar, Thrissur 291065",Loni,270937,16-03-2024,Regular,12,603
53523251,Yashoda Chauhan,unnigoswami@example.net,9.17E+11,"64/682, Mannan Circle
Farrukhabad 476505",Ranchi,290313,17-03-2024,New,4,1871.94
42989999,Ishwar Munshi,pganguly@example.org,9.20E+11,"643
Vaidya Circle
Kota-421541",Mahbubnagar,396934,17-03-2024,New,2,247.46
24644542,Harish Mahajan,darajeet@example.com,9.15E+11,"H.No. 942, Chaudhry Path
Bhatpara-381499",Tirupati,77875,17-03-2024,New,4,1252.89
6061349,Gautami Trivedi,iryasarin@example.org,9.18E+11,"H.No. 03
Dasgupta Marg
Ozhukarai 426511",Haldia,987109,17-03-2024,Regular,17,332.03
56480776,Matthew Parsa,sagate@example.com,9.15E+11,"41/331
Manne Zila
Jamalpur-589262",Udaipur,573808,17-03-2024,Regular,8,1401.79
93321933,Xalak Sangha,wallawahab@example.net,9.15E+11,"800
Sura Marg
Darbhanga 901631",Ozhukarai,381931,17-03-2024,Inactive,10,566.42
9388085,Faris Swaminathan,jbath@example.com,9.15E+11,"97/15, Gandhi Ganj
Varanasi 857882",Jamnagar,821263,17-03-2024,New,11,627.21
73392739,Chaitaly Kakar,vohrachameli@example.com,9.16E+11,"59/60, Bhatnagar Chowk
Mysore-383918",Bikaner,682021,17-03-2024,New,18,1378.5
66710182,Max Mallick,sameshdate@example.com,9.15E+11,"H.No. 31
Chowdhury Ganj
Rohtak 005657",Korba,565436,18-03-2024,Inactive,11,1751.48
91382237,Yashasvi Prasad,osanghvi@example.org,9.13E+11,"68/302, Dara
Agra 821445",Bhiwani,733394,18-03-2024,Regular,4,1790.07
7728356,Vasana Bumb,odikaraval@example.net,9.19E+11,"665, Vig Circle, Anand-237063",Raebareli,211437,18-03-2024,New,10,202.43
28286754,Bina Setty,nandini67@example.org,9.13E+11,"H.No. 864, Subramanian Ganj, Dibrugarh-834044",Singrauli,463264,18-03-2024,Regular,16,1337.18
31026200,Saksham Garg,suhani16@example.net,9.12E+11,"43/18, Chaudhuri Road, Tirunelveli 430798",Kavali,690956,18-03-2024,New,13,285.02
86715467,Chanakya Bansal,azad10@example.net,9.11E+11,"19/83, Acharya Marg, Alwar 879724",Amaravati,455609,18-03-2024,Inactive,9,495.2
90038364,Upadhriti Chand,ybawa@example.com,9.16E+11,"H.No. 860, Jain Zila, Aizawl-045836",Ozhukarai,733321,18-03-2024,Regular,17,650.89
75510747,Shaurya Luthra,yachana38@example.com,9.11E+11,"30/18, Bhandari Marg, Adoni 846635",Fatehpur,186578,18-03-2024,New,7,555.18
91791128,Warda Mand,aptejagdish@example.com,9.11E+11,"44, Gaba Nagar
Patna-177700",Allahabad,48642,18-03-2024,Regular,6,211.88
71688530,Umang Dash,gokhalenicholas@example.org,9.18E+11,"151, Parmer Ganj
Loni 906431",Kavali,528749,18-03-2024,Regular,1,1541.22
40626729,Rachit Toor,chavvigola@example.com,9.15E+11,"87/923
Bhavsar
Muzaffarpur 139781",Tinsukia,419606,19-03-2024,Regular,1,1921.19
49617531,Vamakshi Pradhan,thomassanghvi@example.com,9.12E+11,"71/92, Bajwa Path
Morbi-309555",Firozabad,856856,19-03-2024,Inactive,12,1346.9
94430842,Pallavi Kothari,nishakhatri@example.net,9.15E+11,"H.No. 11
Bal Nagar, Sri Ganganagar 444163",Jammu,634446,19-03-2024,New,5,399.54
88346104,Lakshit Hari,troy@example.net,9.15E+11,"H.No. 377, Agrawal Marg
Jhansi-922863",Udaipur,758,19-03-2024,Regular,17,1205.49
75566105,Dipta Doctor,peterdhaliwal@example.org,9.13E+11,"586
Badami Zila, Madhyamgram-394655",Hyderabad,871594,20-03-2024,Regular,18,1432.53
2928026,Vrishti Basak,gautamisrinivasan@example.com,9.15E+11,"H.No. 40, Sekhon Chowk
Ajmer 858814",Ahmedabad,960708,20-03-2024,New,9,280.45
28991365,Avi Menon,rachitapandey@example.com,9.18E+11,"04/26
Narain Street, Meerut-759858",Jamnagar,449419,20-03-2024,New,20,459.1
17843667,Yauvani Purohit,noahdevi@example.org,9.19E+11,"37/337, Tank Road
Mau-206951",Bhubaneswar,599055,20-03-2024,New,4,618.64
22694456,Eesha Saha,esarin@example.net,9.19E+11,"H.No. 78, Tiwari Ganj
Ahmednagar 908031",Nashik,66654,20-03-2024,New,6,697.9
21948041,Oni Amble,devbarman@example.com,9.12E+11,"20/02, Magar Chowk, Jaipur 910334",Bhavnagar,541006,21-03-2024,New,13,1381.95
87463923,Gagan Lal,pranit82@example.com,9.17E+11,"43, Sarna Street
Begusarai 207171",Katihar,276564,21-03-2024,Inactive,5,216.98
97664747,Sanaya Chatterjee,ranveer24@example.org,9.16E+11,"59
Nair Ganj, Sambhal-803177",Gulbarga,474294,21-03-2024,Premium,9,1160.21
82169898,Bhavna Pau,ssavant@example.net,9.11E+11,"20/330
Kala Chowk, Barasat-149624",Buxar,891289,21-03-2024,Premium,12,1208.52
32540616,Jairaj Sehgal,bumblaban@example.net,9.19E+11,"765, Sani Nagar
Fatehpur-530586",Nellore,40785,21-03-2024,New,5,1614.27
1507408,Kai Gara,dbera@example.net,9.17E+11,"97/84, Dhaliwal Chowk
Firozabad-233621",Bangalore,478862,21-03-2024,Inactive,8,972.22
57102800,Januja Verma,atideshpande@example.org,9.17E+11,"06
Om, Ambarnath 477463",Ichalkaranji,730539,22-03-2024,Inactive,14,578.14
96628029,Zansi Kara,qmitter@example.com,9.10E+11,"H.No. 297
Kamdar Nagar
Ghaziabad-068306",Tirupati,454533,22-03-2024,Premium,3,994.81
81229704,Vamakshi Hari,jason27@example.org,9.20E+11,"82/551
Mann Chowk
Burhanpur 650361",Noida,89095,22-03-2024,Premium,10,429.04
57892837,Thomas Bail,zarnasandhu@example.net,9.14E+11,"95/973, Pau Chowk, Thoothukudi-912925",Bally,584566,22-03-2024,Premium,14,581.57
70965437,Ayush Lanka,tpradhan@example.com,9.15E+11,"H.No. 032
Khalsa
Darbhanga-726459",Alwar,361355,22-03-2024,Inactive,17,1220.76
21409946,Ayushman Agrawal,vohraurishilla@example.com,9.20E+11,"03/23
Loyal Circle, Guna-092311",Bhilwara,472226,22-03-2024,Inactive,2,1428.68
8395610,Ranveer Subramanian,gourkeya@example.org,9.20E+11,"892, Shukla Path
Nandyal 578526",Erode,820741,23-03-2024,Inactive,18,294.53
71615827,Yash Contractor,aadi81@example.com,9.20E+11,"H.No. 89
Dhillon Path, Pondicherry 003231",Bulandshahr,346706,23-03-2024,Premium,3,900.98
13963450,Hemang Kakar,jjhaveri@example.org,9.11E+11,"H.No. 298, Sanghvi Chowk, Pali 342053",Malegaon,663144,23-03-2024,New,14,1364.82
70220141,Reyansh Dhaliwal,jganguly@example.org,9.10E+11,"49
Chaudhary Circle, Yamunanagar 303831",Sambalpur,988097,24-03-2024,Premium,13,469.6
63793401,Frado Ramakrishnan,saniijaya@example.org,9.15E+11,"21/657, Bala Nagar, Kulti-317039",Kavali,308708,24-03-2024,Regular,2,1901.32
45323391,Viraj Kota,sampathosha@example.org,9.16E+11,"H.No. 86, Bhalla Path
Mango-318186",North Dumdum,957395,24-03-2024,New,2,1008.14
66886852,Ubika Chand,advay03@example.org,9.14E+11,"03/249, Pant Zila
Ratlam-647336",Korba,953555,24-03-2024,Inactive,19,1546.79
18465047,Patrick Chaudhry,amairadevan@example.org,9.12E+11,"H.No. 31, Gour Zila, Ahmedabad 457410",Ghaziabad,531091,25-03-2024,New,8,746.88
10240052,Gagan Kakar,dipta34@example.org,9.18E+11,"33, Subramanian Circle
Katihar 845560",Guntakal,388744,25-03-2024,Regular,1,942.49
5712468,Zinal Shan,farisbadal@example.net,9.19E+11,"62
Karan Zila, Patna 168894",Thanjavur,858342,25-03-2024,Inactive,3,872.57
69762479,Joshua Banerjee,rohan04@example.org,9.20E+11,"H.No. 52
Ramaswamy Chowk
Madhyamgram 745891",Jamalpur,666332,25-03-2024,New,19,1766.61
30823988,Owen Sangha,ladlimisra@example.org,9.18E+11,"58
Bhardwaj Circle
Raipur 307531",Deoghar,787767,25-03-2024,Premium,9,1525.85
38496400,Dhruv Bakshi,mohinibhargava@example.com,9.19E+11,"H.No. 60
Yogi Path
Salem 323686",Bathinda,939391,25-03-2024,Premium,11,1402.36
10945990,Frado Keer,chandrananita@example.net,9.18E+11,"H.No. 91
Chahal Street
Dibrugarh-080347",Burhanpur,193503,25-03-2024,New,5,1337.11
79991320,Ojas Bawa,tnagi@example.net,9.11E+11,"498, Dhar
Buxar 995095",Kumbakonam,316134,25-03-2024,New,5,537.94
75913572,Aahana Menon,guhadalaja@example.com,9.18E+11,"652
Nori Road, Rajahmundry 374248",Guna,325080,26-03-2024,Inactive,9,1844.07
27304727,Farhan Patel,daveekavir@example.com,9.12E+11,"51/41
Arora Path, Gopalpur 325615",Tiruvottiyur,372198,26-03-2024,Regular,8,1675.04
74230420,Ati Choudhry,ronith00@example.com,9.19E+11,"399, Chahal Path, Bettiah-108157",Mathura,421244,26-03-2024,Regular,17,1315.38
4594944,Hardik Mane,abduldara@example.org,9.15E+11,"10/82
Sur Zila
Dibrugarh 044825",Cuttack,599557,26-03-2024,Inactive,12,857.13
63451391,Amrita Kibe,viswanathanekansh@example.org,9.19E+11,"95, Oommen Path
Bhatpara 540842",Surendranagar Dudhrej,477087,26-03-2024,Premium,7,731.46
55049973,Nicholas Badami,nsavant@example.org,9.18E+11,"60/984
Rajagopalan Chowk, Howrah 811703",Srikakulam,633900,27-03-2024,Regular,16,206.54
81136091,Yuvraj Chander,ichadha@example.net,9.19E+11,"H.No. 54
Vaidya Road, Bijapur-157933",Nanded,578739,27-03-2024,Regular,15,1205.96
88739922,Harrison Yogi,borraqadim@example.com,9.13E+11,"H.No. 758
Khatri Zila, Pune 227704",Madurai,138588,27-03-2024,Regular,4,1563.61
625395,Leena Loyal,devanshwalia@example.org,9.10E+11,"H.No. 758
Bhardwaj Street, Jamalpur-645017",Siliguri,645207,27-03-2024,Premium,4,1794.26
48554440,Rohan Ganesan,bhavika36@example.net,9.19E+11,"27/72
Raj Chowk, Bhiwani-471346",Malegaon,231443,28-03-2024,Regular,17,1354.99
14367270,Ganga Mody,siddharthkale@example.com,9.15E+11,"87
Barman Zila
Guna 597819",Jabalpur,191949,28-03-2024,Inactive,16,763.23
63360864,Idika Sahni,kotavrinda@example.net,9.19E+11,"87/887
Chatterjee Street
Karaikudi 061007",Bhopal,402853,28-03-2024,Inactive,16,1804.42
30188374,Naveen Chakrabarti,manbir37@example.org,9.10E+11,"01, Ramakrishnan Ganj, Bhavnagar-851185",Haldia,400684,28-03-2024,New,15,915.53
48160359,Zehaan Sundaram,vparsa@example.com,9.15E+11,"973
Bera Street, Morbi 708221",Karaikudi,324202,28-03-2024,Premium,8,1485.09
24478397,Jairaj Gill,vivaanagarwal@example.org,9.11E+11,"69, Goda Circle, Nagercoil 556537",Bidar,612763,28-03-2024,New,14,829.36
10608845,Aadi Gole,vbalan@example.com,9.19E+11,"69/876, Varughese Path
Tadipatri 100656",Bhilwara,702163,29-03-2024,Premium,2,735.36
38478423,Theodore Doctor,thomasdin@example.org,9.10E+11,"H.No. 40, Wason Ganj, Amaravati-597149",Nellore,156234,29-03-2024,Premium,3,263.3
42209203,Aryan Sundaram,jmahal@example.com,9.19E+11,"H.No. 22
Saraf Zila, Aligarh 160919",Bangalore,528483,29-03-2024,New,19,1051.3
31000129,Lohit Kaur,siddharth81@example.net,9.13E+11,"448, Rajagopal Ganj
Bhubaneswar-587599",Raichur,396599,29-03-2024,Premium,18,1120.64
54885705,David Date,ojasvisandhu@example.com,9.16E+11,"74/94, Badal Nagar, Jalna 695558",Amritsar,359792,30-03-2024,Premium,13,432.05
38615653,Xiti Sachdeva,hnarang@example.net,9.13E+11,"04/04, Padmanabhan Street, Hosur 637223",Motihari,309098,30-03-2024,Regular,8,1501.01
66354642,Priya Behl,pdas@example.org,9.18E+11,"H.No. 37, Karpe Marg
Rajkot 008569",Tenali,696330,30-03-2024,Premium,7,1153.17
99424244,Bhavini Mander,yashasvipalan@example.net,9.16E+11,"800
Subramanian Street
Dhule-015954",Mumbai,184817,30-03-2024,Premium,15,379.8
8155924,Suhani Kanda,srinivasanchanakya@example.net,9.19E+11,"794
Grover Chowk, Guntur-757863",Patiala,92581,30-03-2024,Regular,10,1749.17
86897973,Arin Pandya,wchoudhary@example.com,9.13E+11,"H.No. 950
Mann Circle
Amritsar-268863",Arrah,603962,30-03-2024,Inactive,14,802.09
36517334,Ria Dua,akshay40@example.com,9.20E+11,"16/46
Karan Nagar, Karaikudi 841373",Naihati,886615,30-03-2024,Premium,19,1603.14
34074184,Nakul Din,rajagopalisha@example.com,9.16E+11,"22/51
Nagy Nagar, Kolkata-282673",Bangalore,401130,30-03-2024,New,18,1988.77
75137446,Oliver Bahl,tamanna95@example.net,9.11E+11,"07/364
Mohan Road, Siwan-953038",Kochi,484847,30-03-2024,New,10,1290.79
30643619,Ethan Nagi,dmukherjee@example.com,9.20E+11,"219, Ratti Street
Gwalior 736989",Shimla,499186,31-03-2024,Inactive,5,1084.47
49833888,Harini Raja,ekavir40@example.net,9.14E+11,"00, Varma Zila, Amaravati 118550",Parbhani,925782,31-03-2024,Inactive,3,1908.42
14632090,Ria Baria,qsoman@example.net,9.18E+11,"H.No. 517, Bhatti Marg, Bihar Sharif-108740",Miryalaguda,564210,31-03-2024,Regular,15,1620.46
80862136,Pallavi Seth,deshpandebalhaar@example.net,9.19E+11,"21/80, Shetty Path, Haldia-849255",Ambattur,924868,31-03-2024,Premium,16,393.28
50557979,Kiaan Naidu,mdeol@example.org,9.15E+11,"H.No. 478
Rao Nagar, Noida 012414",Khammam,399392,31-03-2024,Premium,6,1557.45
74352908,Ishaan Chad,wishinagarajan@example.com,9.15E+11,"H.No. 660
Saha Nagar, Bhiwani-793040",Guntakal,653024,31-03-2024,Inactive,13,1879.61
28394354,Yatin Mohanty,nathaniel49@example.net,9.16E+11,"06/380, Mitra Circle
Jorhat 587416",Kumbakonam,269616,31-03-2024,Regular,19,1546.13
,,,,,,,,,,
,,,,,,,,,,
,,,,,,,,,,
,,,,,,,,,,
,,,,,,,,,,
,,,,,,,,,,
,,,,,,,,,,
,,,,,,,,,,
,,,,,,,,,,
,,,,,,,,,,
,,,,,,,,,,
,,,,,,,,,,
,,,,,,,,,,
,,,,,,,,,,
,,,,,,,,,,
,,,,,,,,,,
,,,,,,,,,,
,,,,,,,,,,
,,,,,,,,,,
,,,,,,,,,,
,,,,,,,,,,
,,,,,,,,,,
,,,,,,,,,,
,,,,,,,,,,
,,,,,,,,,,
,,,,,,,,,,
,,,,,,,,,,
,,,,,,,,,,
,,,,,,,,,,
,,,,,,,,,,
,,,,,,,,,,
,,,,,,,,,,
,,,,,,,,,,
,,,,,,,,,,
,,,,,,,,,,
,,,,,,,,,,
,,,,,,,,,,
,,,,,,,,,,
,,,,,,,,,,
,,,,,,,,,,
,,,,,,,,,,
,,,,,,,,,,
,,,,,,,,,,
,,,,,,,,,,
,,,,,,,,,,
,,,,,,,,,,
,,,,,,,,,,
,,,,,,,,,,
,,,,,,,,,,
,,,,,,,,,,
,,,,,,,,,,
,,,,,,,,,,
,,,,,,,,,,
,,,,,,,,,,
,,,,,,,,,,
,,,,,,,,,,
,,,,,,,,,,
,,,,,,,,,,
,,,,,,,,,,
,,,,,,,,,,
,,,,,,,,,,
,,,,,,,,,,
,,,,,,,,,,
,,,,,,,,,,
,,,,,,,,,,
,,,,,,,,,,
,,,,,,,,,,
,,,,,,,,,,
,,,,,,,,,,
,,,,,,,,,,
,,,,,,,,,,
,,,,,,,,,,
,,,,,,,,,,
,,,,,,,,,,
,,,,,,,,,,
,,,,,,,,,,
,,,,,,,,,,
,,,,,,,,,,
,,,,,,,,,,
,,,,,,,,,,
,,,,,,,,,,
,,,,,,,,,,
,,,,,,,,,,
,,,,,,,,,,
,,,,,,,,,,
,,,,,,,,,,
,,,,,,,,,,
,,,,,,,,,,
,,,,,,,,,,
,,,,,,,,,,
,,,,,,,,,,
,,,,,,,,,,
,,,,,,,,,,
,,,,,,,,,,
,,,,,,,,,,
,,,,,,,,,,
,,,,,,,,,,
,,,,,,,,,,
,,,,,,,,,,
,,,,,,,,,,
,,,,,,,,,,
,,,,,,,,,,
,,,,,,,,,,
,,,,,,,,,,
,,,,,,,,,,
,,,,,,,,,,
,,,,,,,,,,
,,,,,,,,,,
,,,,,,,,,,
,,,,,,,,,,
,,,,,,,,,,
,,,,,,,,,,
,,,,,,,,,,
,,,,,,,,,,
,,,,,,,,,,
,,,,,,,,,,
,,,,,,,,,,
,,,,,,,,,,
,,,,,,,,,,
,,,,,,,,,,
,,,,,,,,,,
,,,,,,,,,,
,,,,,,,,,,
,,,,,,,,,,
,,,,,,,,,,
,,,,,,,,,,
,,,,,,,,,,
,,,,,,,,,,
,,,,,,,,,,
,,,,,,,,,,
,,,,,,,,,,
,,,,,,,,,,
,,,,,,,,,,
,,,,,,,,,,
,,,,,,,,,,
,,,,,,,,,,
,,,,,,,,,,
,,,,,,,,,,
,,,,,,,,,,
,,,,,,,,,,
,,,,,,,,,,
,,,,,,,,,,
,,,,,,,,,,
,,,,,,,,,,
,,,,,,,,,,
,,,,,,,,,,
,,,,,,,,,,
,,,,,,,,,,
,,,,,,,,,,
,,,,,,,,,,
,,,,,,,,,,
,,,,,,,,,,
,,,,,,,,,,
,,,,,,,,,,
,,,,,,,,,,
,,,,,,,,,,
,,,,,,,,,,
,,,,,,,,,,
,,,,,,,,,,
,,,,,,,,,,
,,,,,,,,,,
,,,,,,,,,,
,,,,,,,,,,
,,,,,,,,,,
,,,,,,,,,,
,,,,,,,,,,
,,,,,,,,,,
,,,,,,,,,,
,,,,,,,,,,
,,,,,,,,,,
,,,,,,,,,,
,,,,,,,,,,
,,,,,,,,,,
,,,,,,,,,,
,,,,,,,,,,
,,,,,,,,,,
,,,,,,,,,,
,,,,,,,,,,
,,,,,,,,,,
,,,,,,,,,,
,,,,,,,,,,
,,,,,,,,,,
,,,,,,,,,,
,,,,,,,,,,
,,,,,,,,,,
,,,,,,,,,,
,,,,,,,,,,
,,,,,,,,,,
,,,,,,,,,,
,,,,,,,,,,
,,,,,,,,,,
,,,,,,,,,,
,,,,,,,,,,
,,,,,,,,,,
,,,,,,,,,,
,,,,,,,,,,
,,,,,,,,,,
,,,,,,,,,,
,,,,,,,,,,
,,,,,,,,,,
,,,,,,,,,,
,,,,,,,,,,
,,,,,,,,,,
,,,,,,,,,,
,,,,,,,,,,
,,,,,,,,,,
,,,,,,,,,,
,,,,,,,,,,
,,,,,,,,,,
,,,,,,,,,,
,,,,,,,,,,
,,,,,,,,,,
,,,,,,,,,,
,,,,,,,,,,
,,,,,,,,,,
,,,,,,,,,,
,,,,,,,,,,
,,,,,,,,,,
,,,,,,,,,,
,,,,,,,,,,
,,,,,,,,,,
,,,,,,,,,,
,,,,,,,,,,
,,,,,,,,,,
,,,,,,,,,,
,,,,,,,,,,
,,,,,,,,,,
,,,,,,,,,,
,,,,,,,,,,
,,,,,,,,,,
,,,,,,,,,,
,,,,,,,,,,
,,,,,,,,,,
,,,,,,,,,,
,,,,,,,,,,
,,,,,,,,,,
,,,,,,,,,,
,,,,,,,,,,
,,,,,,,,,,
,,,,,,,,,,
,,,,,,,,,,
,,,,,,,,,,
,,,,,,,,,,
,,,,,,,,,,
,,,,,,,,,,
,,,,,,,,,,
,,,,,,,,,,
,,,,,,,,,,
,,,,,,,,,,
,,,,,,,,,,
,,,,,,,,,,
,,,,,,,,,,
,,,,,,,,,,
,,,,,,,,,,
,,,,,,,,,,
,,,,,,,,,,
,,,,,,,,,,
,,,,,,,,,,
,,,,,,,,,,
,,,,,,,,,,
,,,,,,,,,,
,,,,,,,,,,
,,,,,,,,,,
,,,,,,,,,,
,,,,,,,,,,
,,,,,,,,,,
,,,,,,,,,,
,,,,,,,,,,
,,,,,,,,,,
,,,,,,,,,,
,,,,,,,,,,
,,,,,,,,,,
,,,,,,,,,,
,,,,,,,,,,
,,,,,,,,,,
,,,,,,,,,,
,,,,,,,,,,
,,,,,,,,,,
,,,,,,,,,,
,,,,,,,,,,
,,,,,,,,,,
,,,,,,,,,,
,,,,,,,,,,
,,,,,,,,,,
,,,,,,,,,,
,,,,,,,,,,
,,,,,,,,,,
,,,,,,,,,,
,,,,,,,,,,
,,,,,,,,,,
,,,,,,,,,,
,,,,,,,,,,
,,,,,,,,,,
,,,,,,,,,,
,,,,,,,,,,
,,,,,,,,,,
,,,,,,,,,,
,,,,,,,,,,
,,,,,,,,,,
,,,,,,,,,,
,,,,,,,,,,
,,,,,,,,,,
,,,,,,,,,,
,,,,,,,,,,
,,,,,,,,,,
,,,,,,,,,,
,,,,,,,,,,
,,,,,,,,,,
,,,,,,,,,,
,,,,,,,,,,
,,,,,,,,,,
,,,,,,,,,,
,,,,,,,,,,
,,,,,,,,,,
,,,,,,,,,,
,,,,,,,,,,
,,,,,,,,,,
,,,,,,,,,,
,,,,,,,,,,
,,,,,,,,,,
,,,,,,,,,,
,,,,,,,,,,
,,,,,,,,,,
,,,,,,,,,,
,,,,,,,,,,
,,,,,,,,,,
,,,,,,,,,,
,,,,,,,,,,
,,,,,,,,,,
,,,,,,,,,,
,,,,,,,,,,
,,,,,,,,,,
,,,,,,,,,,
,,,,,,,,,,
,,,,,,,,,,
,,,,,,,,,,
,,,,,,,,,,
,,,,,,,,,,
,,,,,,,,,,
,,,,,,,,,,
,,,,,,,,,,
,,,,,,,,,,
,,,,,,,,,,
,,,,,,,,,,
,,,,,,,,,,
,,,,,,,,,,
,,,,,,,,,,
,,,,,,,,,,
,,,,,,,,,,
,,,,,,,,,,
,,,,,,,,,,
,,,,,,,,,,
,,,,,,,,,,
,,,,,,,,,,
,,,,,,,,,,
,,,,,,,,,,
,,,,,,,,,,
,,,,,,,,,,
,,,,,,,,,,
,,,,,,,,,,
,,,,,,,,,,
,,,,,,,,,,
,,,,,,,,,,
,,,,,,,,,,
,,,,,,,,,,
,,,,,,,,,,
,,,,,,,,,,
,,,,,,,,,,
,,,,,,,,,,
,,,,,,,,,,
,,,,,,,,,,
,,,,,,,,,,
,,,,,,,,,,
,,,,,,,,,,
,,,,,,,,,,
,,,,,,,,,,
,,,,,,,,,,
,,,,,,,,,,
,,,,,,,,,,
,,,,,,,,,,
,,,,,,,,,,
,,,,,,,,,,
,,,,,,,,,,
,,,,,,,,,,
,,,,,,,,,,
,,,,,,,,,,
,,,,,,,,,,
,,,,,,,,,,
,,,,,,,,,,
,,,,,,,,,,
,,,,,,,,,,
,,,,,,,,,,
,,,,,,,,,,
,,,,,,,,,,
,,,,,,,,,,
,,,,,,,,,,
,,,,,,,,,,
,,,,,,,,,,
,,,,,,,,,,
,,,,,,,,,,
,,,,,,,,,,
,,,,,,,,,,
,,,,,,,,,,
,,,,,,,,,,
,,,,,,,,,,
,,,,,,,,,,
,,,,,,,,,,
,,,,,,,,,,
,,,,,,,,,,
,,,,,,,,,,
,,,,,,,,,,
,,,,,,,,,,
,,,,,,,,,,
,,,,,,,,,,
,,,,,,,,,,
,,,,,,,,,,
,,,,,,,,,,
,,,,,,,,,,
,,,,,,,,,,
,,,,,,,,,,
,,,,,,,,,,
,,,,,,,,,,
,,,,,,,,,,
,,,,,,,,,,
,,,,,,,,,,
,,,,,,,,,,
,,,,,,,,,,
,,,,,,,,,,
,,,,,,,,,,
,,,,,,,,,,
,,,,,,,,,,
,,,,,,,,,,
,,,,,,,,,,
,,,,,,,,,,
,,,,,,,,,,
,,,,,,,,,,
,,,,,,,,,,
,,,,,,,,,,
,,,,,,,,,,
,,,,,,,,,,
,,,,,,,,,,
,,,,,,,,,,
,,,,,,,,,,
,,,,,,,,,,
,,,,,,,,,,
,,,,,,,,,,
,,,,,,,,,,
,,,,,,,,,,
,,,,,,,,,,
,,,,,,,,,,
,,,,,,,,,,
,,,,,,,,,,
,,,,,,,,,,
,,,,,,,,,,
,,,,,,,,,,
,,,,,,,,,,
,,,,,,,,,,
,,,,,,,,,,
,,,,,,,,,,
,,,,,,,,,,
,,,,,,,,,,
,,,,,,,,,,
,,,,,,,,,,
,,,,,,,,,,
,,,,,,,,,,
,,,,,,,,,,
,,,,,,,,,,
,,,,,,,,,,
,,,,,,,,,,
,,,,,,,,,,
,,,,,,,,,,
,,,,,,,,,,
,,,,,,,,,,
,,,,,,,,,,
,,,,,,,,,,
,,,,,,,,,,
,,,,,,,,,,
,,,,,,,,,,
,,,,,,,,,,
,,,,,,,,,,
,,,,,,,,,,
,,,,,,,,,,
,,,,,,,,,,
,,,,,,,,,,
,,,,,,,,,,
,,,,,,,,,,
,,,,,,,,,,
,,,,,,,,,,
,,,,,,,,,,
,,,,,,,,,,
,,,,,,,,,,
,,,,,,,,,,
,,,,,,,,,,
,,,,,,,,,,
,,,,,,,,,,
,,,,,,,,,,
,,,,,,,,,,
,,,,,,,,,,
,,,,,,,,,,
,,,,,,,,,,
,,,,,,,,,,
,,,,,,,,,,
,,,,,,,,,,
,,,,,,,,,,
,,,,,,,,,,
,,,,,,,,,,
,,,,,,,,,,
,,,,,,,,,,
,,,,,,,,,,
,,,,,,,,,,
,,,,,,,,,,
,,,,,,,,,,
,,,,,,,,,,
,,,,,,,,,,
,,,,,,,,,,
,,,,,,,,,,
,,,,,,,,,,
,,,,,,,,,,
,,,,,,,,,,
,,,,,,,,,,
,,,,,,,,,,
,,,,,,,,,,
,,,,,,,,,,
,,,,,,,,,,
,,,,,,,,,,
,,,,,,,,,,
,,,,,,,,,,
,,,,,,,,,,
,,,,,,,,,,
,,,,,,,,,,
,,,,,,,,,,
,,,,,,,,,,
,,,,,,,,,,
,,,,,,,,,,
,,,,,,,,,,
,,,,,,,,,,
,,,,,,,,,,
,,,,,,,,,,
,,,,,,,,,,
,,,,,,,,,,
,,,,,,,,,,
,,,,,,,,,,
,,,,,,,,,,
,,,,,,,,,,
,,,,,,,,,,
,,,,,,,,,,
,,,,,,,,,,
,,,,,,,,,,
,,,,,,,,,,
,,,,,,,,,,
,,,,,,,,,,
,,,,,,,,,,
,,,,,,,,,,
,,,,,,,,,,
,,,,,,,,,,
,,,,,,,,,,
,,,,,,,,,,
,,,,,,,,,,
,,,,,,,,,,
,,,,,,,,,,
,,,,,,,,,,
,,,,,,,,,,
,,,,,,,,,,
,,,,,,,,,,
,,,,,,,,,,
,,,,,,,,,,
,,,,,,,,,,
,,,,,,,,,,
,,,,,,,,,,
,,,,,,,,,,
,,,,,,,,,,
,,,,,,,,,,
,,,,,,,,,,
,,,,,,,,,,
,,,,,,,,,,
,,,,,,,,,,
,,,,,,,,,,
,,,,,,,,,,
,,,,,,,,,,
,,,,,,,,,,
,,,,,,,,,,
,,,,,,,,,,
,,,,,,,,,,
,,,,,,,,,,
,,,,,,,,,,
,,,,,,,,,,
,,,,,,,,,,
,,,,,,,,,,
,,,,,,,,,,
,,,,,,,,,,
,,,,,,,,,,
,,,,,,,,,,
,,,,,,,,,,
,,,,,,,,,,
,,,,,,,,,,
,,,,,,,,,,
,,,,,,,,,,
,,,,,,,,,,
,,,,,,,,,,
,,,,,,,,,,
,,,,,,,,,,
,,,,,,,,,,
,,,,,,,,,,
,,,,,,,,,,
,,,,,,,,,,
,,,,,,,,,,
,,,,,,,,,,
,,,,,,,,,,
,,,,,,,,,,
,,,,,,,,,,
,,,,,,,,,,
,,,,,,,,,,
,,,,,,,,,,
,,,,,,,,,,
,,,,,,,,,,
,,,,,,,,,,
,,,,,,,,,,
,,,,,,,,,,
,,,,,,,,,,
,,,,,,,,,,
,,,,,,,,,,
,,,,,,,,,,
,,,,,,,,,,
,,,,,,,,,,
,,,,,,,,,,
,,,,,,,,,,
,,,,,,,,,,
,,,,,,,,,,
,,,,,,,,,,
,,,,,,,,,,
,,,,,,,,,,
,,,,,,,,,,
,,,,,,,,,,
,,,,,,,,,,
,,,,,,,,,,
,,,,,,,,,,
,,,,,,,,,,
,,,,,,,,,,
,,,,,,,,,,
,,,,,,,,,,
,,,,,,,,,,
,,,,,,,,,,
,,,,,,,,,,
,,,,,,,,,,
,,,,,,,,,,
,,,,,,,,,,
,,,,,,,,,,
,,,,,,,,,,
,,,,,,,,,,
,,,,,,,,,,
,,,,,,,,,,
,,,,,,,,,,
,,,,,,,,,,
,,,,,,,,,,
,,,,,,,,,,
,,,,,,,,,,
,,,,,,,,,,
,,,,,,,,,,
,,,,,,,,,,
,,,,,,,,,,
,,,,,,,,,,
,,,,,,,,,,
,,,,,,,,,,
,,,,,,,,,,
,,,,,,,,,,
,,,,,,,,,,
,,,,,,,,,,
,,,,,,,,,,
,,,,,,,,,,
,,,,,,,,,,
,,,,,,,,,,
,,,,,,,,,,
,,,,,,,,,,
,,,,,,,,,,
,,,,,,,,,,
,,,,,,,,,,
,,,,,,,,,,
,,,,,,,,,,
,,,,,,,,,,
,,,,,,,,,,
,,,,,,,,,,
,,,,,,,,,,
,,,,,,,,,,
,,,,,,,,,,
,,,,,,,,,,
,,,,,,,,,,
,,,,,,,,,,
,,,,,,,,,,
,,,,,,,,,,
,,,,,,,,,,
,,,,,,,,,,
,,,,,,,,,,
,,,,,,,,,,
,,,,,,,,,,
,,,,,,,,,,
,,,,,,,,,,
,,,,,,,,,,
,,,,,,,,,,
,,,,,,,,,,
,,,,,,,,,,
,,,,,,,,,,
,,,,,,,,,,
,,,,,,,,,,
,,,,,,,,,,
,,,,,,,,,,
,,,,,,,,,,
,,,,,,,,,,
,,,,,,,,,,
,,,,,,,,,,
,,,,,,,,,,
,,,,,,,,,,
,,,,,,,,,,
,,,,,,,,,,
,,,,,,,,,,
,,,,,,,,,,
,,,,,,,,,,
,,,,,,,,,,
,,,,,,,,,,
,,,,,,,,,,
,,,,,,,,,,
,,,,,,,,,,
,,,,,,,,,,
,,,,,,,,,,
,,,,,,,,,,
,,,,,,,,,,
,,,,,,,,,,
,,,,,,,,,,
,,,,,,,,,,
,,,,,,,,,,
,,,,,,,,,,
,,,,,,,,,,
,,,,,,,,,,
,,,,,,,,,,
,,,,,,,,,,
,,,,,,,,,,
,,,,,,,,,,
,,,,,,,,,,
,,,,,,,,,,
,,,,,,,,,,
,,,,,,,,,,
,,,,,,,,,,
,,,,,,,,,,
,,,,,,,,,,
,,,,,,,,,,
,,,,,,,,,,
,,,,,,,,,,
,,,,,,,,,,
,,,,,,,,,,
,,,,,,,,,,
,,,,,,,,,,
,,,,,,,,,,
,,,,,,,,,,
,,,,,,,,,,
,,,,,,,,,,
,,,,,,,,,,
,,,,,,,,,,
,,,,,,,,,,
,,,,,,,,,,
,,,,,,,,,,
,,,,,,,,,,
,,,,,,,,,,
,,,,,,,,,,
,,,,,,,,,,
,,,,,,,,,,
,,,,,,,,,,
,,,,,,,,,,
,,,,,,,,,,
,,,,,,,,,,
,,,,,,,,,,
,,,,,,,,,,
,,,,,,,,,,
,,,,,,,,,,
,,,,,,,,,,
,,,,,,,,,,
,,,,,,,,,,
,,,,,,,,,,
,,,,,,,,,,
,,,,,,,,,,
,,,,,,,,,,
,,,,,,,,,,
,,,,,,,,,,
,,,,,,,,,,
,,,,,,,,,,
,,,,,,,,,,
,,,,,,,,,,
,,,,,,,,,,
,,,,,,,,,,
,,,,,,,,,,
,,,,,,,,,,
,,,,,,,,,,
,,,,,,,,,,
,,,,,,,,,,
,,,,,,,,,,
,,,,,,,,,,
,,,,,,,,,,
,,,,,,,,,,
,,,,,,,,,,
,,,,,,,,,,
,,,,,,,,,,
,,,,,,,,,,
,,,,,,,,,,
,,,,,,,,,,
,,,,,,,,,,
,,,,,,,,,,
,,,,,,,,,,
,,,,,,,,,,
,,,,,,,,,,
,,,,,,,,,,
,,,,,,,,,,
,,,,,,,,,,
,,,,,,,,,,
,,,,,,,,,,
,,,,,,,,,,
,,,,,,,,,,
,,,,,,,,,,
,,,,,,,,,,
,,,,,,,,,,
,,,,,,,,,,
,,,,,,,,,,
,,,,,,,,,,
,,,,,,,,,,
,,,,,,,,,,
,,,,,,,,,,
,,,,,,,,,,
,,,,,,,,,,
,,,,,,,,,,
,,,,,,,,,,
,,,,,,,,,,
,,,,,,,,,,
,,,,,,,,,,
,,,,,,,,,,
,,,,,,,,,,
,,,,,,,,,,
,,,,,,,,,,
,,,,,,,,,,
,,,,,,,,,,
,,,,,,,,,,
,,,,,,,,,,
,,,,,,,,,,
,,,,,,,,,,
,,,,,,,,,,
,,,,,,,,,,
,,,,,,,,,,
,,,,,,,,,,
,,,,,,,,,,
,,,,,,,,,,
,,,,,,,,,,
,,,,,,,,,,
,,,,,,,,,,
,,,,,,,,,,
,,,,,,,,,,
,,,,,,,,,,
,,,,,,,,,,
,,,,,,,,,,
,,,,,,,,,,
,,,,,,,,,,
,,,,,,,,,,
,,,,,,,,,,
,,,,,,,,,,
,,,,,,,,,,
,,,,,,,,,,
,,,,,,,,,,
,,,,,,,,,,
,,,,,,,,,,
,,,,,,,,,,
,,,,,,,,,,
,,,,,,,,,,
,,,,,,,,,,
,,,,,,,,,,
,,,,,,,,,,
,,,,,,,,,,
,,,,,,,,,,
,,,,,,,,,,
,,,,,,,,,,
,,,,,,,,,,
,,,,,,,,,,
,,,,,,,,,,
,,,,,,,,,,
,,,,,,,,,,
,,,,,,,,,,
,,,,,,,,,,
,,,,,,,,,,
,,,,,,,,,,
,,,,,,,,,,
,,,,,,,,,,
,,,,,,,,,,
,,,,,,,,,,
,,,,,,,,,,
,,,,,,,,,,
,,,,,,,,,,
,,,,,,,,,,
,,,,,,,,,,
,,,,,,,,,,
,,,,,,,,,,
,,,,,,,,,,
,,,,,,,,,,
,,,,,,,,,,
,,,,,,,,,,
,,,,,,,,,,
,,,,,,,,,,
,,,,,,,,,,
,,,,,,,,,,
,,,,,,,,,,
,,,,,,,,,,
,,,,,,,,,,
,,,,,,,,,,
,,,,,,,,,,
,,,,,,,,,,
,,,,,,,,,,
,,,,,,,,,,
,,,,,,,,,,
,,,,,,,,,,
,,,,,,,,,,
,,,,,,,,,,
,,,,,,,,,,
,,,,,,,,,,
,,,,,,,,,,
