customer_id,customer_name,email,phone,address,area,pincode,registration_date,customer_segment,total_orders,avg_order_value
9347990,Aarush Pingle,natarajantanay@example.com,9.12E+11,"39/93
Khare, Kolkata 775692",Nizamabad,16949,01-04-2024,Premium,6,492.04
16420489,Divya Peri,imaran88@example.net,9.18E+11,"032, Pandey Chowk, Medininagar-342499",Nandyal,543319,01-04-2024,New,14,1368.05
11153360,Libni Sastry,warjaschoudhury@example.com,9.16E+11,"66/78
Baral Zila
Sonipat-698595",Amaravati,724136,01-04-2024,Inactive,20,1575.46
75674671,Balendra Bains,chaayabuch@example.org,9.18E+11,"53/208
Loyal Circle
Srikakulam 469930",Tadipatri,851131,01-04-2024,New,13,1085.52
13383642,Xavier Kashyap,okulkarni@example.org,9.10E+11,"61
Yadav Road
Jorhat-609503",Mumbai,385101,02-04-2024,Regular,16,1114.11
89784343,Radhika Kaul,vidhimitra@example.net,9.11E+11,"24/53
Koshy Chowk, Bangalore-414625",Dibrugarh,451264,02-04-2024,Premium,11,673.6
49258916,Zehaan Thakur,yash08@example.com,9.17E+11,"42, Mittal Marg
Raiganj-402582",Jaipur,153207,02-04-2024,Inactive,16,997.43
4597433,Lipika Kumer,faras46@example.org,9.17E+11,"H.No. 038, Devan Path, Bally-571011",Tadepalligudem,580130,02-04-2024,Inactive,3,821.84
51341672,Aarna Mital,ghoshlavanya@example.org,9.20E+11,"H.No. 75
Bobal Path
Hajipur 676112",Bhagalpur,789995,03-04-2024,Regular,10,1898.18
82529927,Yoshita Jain,omyapadmanabhan@example.com,9.12E+11,"53, Iyer Ganj
Sangli-Miraj & Kupwad 327741",Chinsurah,934156,03-04-2024,Inactive,3,587.28
48730063,Jatin Dua,sethiojas@example.org,9.16E+11,"H.No. 50, Contractor
Ambattur 379240",Farrukhabad,949389,03-04-2024,New,19,1497.71
9049965,Ishani Kalla,wakeetachaudhary@example.org,9.16E+11,"55
Wable Path, Sikar-177388",Raichur,224637,03-04-2024,New,3,1390.06
18082040,Jonathan Bir,fzachariah@example.net,9.13E+11,"H.No. 32, Khalsa Street, Ludhiana 691751",Kochi,824038,03-04-2024,Regular,17,1098.59
13461704,Zayan Ratta,shivansh35@example.com,9.15E+11,"33/78
Joshi Path, Ludhiana-975587",Nanded,770516,04-04-2024,Premium,4,1024.45
76830090,Harshil Dey,kannantanvi@example.net,9.10E+11,"H.No. 99, Pau Path
Dewas-413529",Panipat,292989,04-04-2024,New,4,821.83
62868582,Chaitaly Anand,rishi88@example.net,9.12E+11,"39
Dalal Circle
Karawal Nagar-027066",Asansol,253211,04-04-2024,New,11,1082.3
13455530,Yoshita Varty,mdoshi@example.com,9.16E+11,"98
Bose, Kozhikode 567183",Saharsa,419575,05-04-2024,Inactive,3,1812.55
48268435,Triveni Padmanabhan,bishakhaprasad@example.com,9.14E+11,"40
Bandi Chowk
Bally-447625",Ramagundam,631598,05-04-2024,Inactive,15,1670.86
25850478,Jeevika Taneja,barkha46@example.net,9.15E+11,"H.No. 65
Balakrishnan Nagar
Ambarnath-424723",Danapur,112691,05-04-2024,Inactive,2,679.32
87691707,Radha Jha,subramanianveer@example.org,9.17E+11,"95/78
Narain Path, Farrukhabad-849186",Miryalaguda,930945,05-04-2024,Inactive,18,1423.63
26936578,Lavanya Bawa,riya23@example.net,9.17E+11,"H.No. 59
Amble
Pali 954401",Maheshtala,200144,05-04-2024,Regular,5,1610.07
55971849,Orinder Joshi,anamikasuri@example.org,9.10E+11,"962, Ganesh Nagar, Kota-336060",Rewa,920798,05-04-2024,Regular,3,490.69
95912198,Bhavna Gara,zwagle@example.com,9.10E+11,"28/51, Balan Path
Agra-216895",Anantapuram,543627,05-04-2024,Inactive,12,1065.72
13939675,Edhitha Lal,mukherjeejai@example.net,9.16E+11,"53/947, Jayaraman Street, Bangalore-157373",Amroha,960333,05-04-2024,New,18,783.47
97484394,Ayush Choudhry,deoikshita@example.org,9.19E+11,"57/065, Gala Path
Hindupur 640702",Jaipur,577563,05-04-2024,Inactive,4,669.01
32203588,Krish Srinivas,agastya33@example.org,9.17E+11,"51/956
Krish Road
Tezpur-618176",Berhampur,622176,06-04-2024,Premium,9,1678.38
69632084,Max Sandal,amrutakhosla@example.org,9.14E+11,"25, Master Ganj
Jorhat-231554",Etawah,59625,07-04-2024,Premium,17,1400.31
54347213,Devansh Prasad,brijesh54@example.org,9.16E+11,"49/494, Sodhi, Morbi 621218",Lucknow,12673,07-04-2024,Premium,16,1388.04
76602787,Qasim Chandra,pavanijaggi@example.org,9.19E+11,"H.No. 07, Guha Marg
Deoghar 511184",Mehsana,856383,07-04-2024,New,9,1683.71
78158536,Yatan Gola,tailoraryan@example.org,9.14E+11,"499
Iyengar Road
Ichalkaranji-651065",Imphal,390560,07-04-2024,Premium,16,705.47
31156674,Aarav Jaggi,golalila@example.net,9.17E+11,"04/919
Vaidya Zila, Bettiah-369312",Jamnagar,457035,07-04-2024,Inactive,3,1552.42
36428139,Hemani Ben,reva92@example.com,9.15E+11,"H.No. 45
Maharaj Circle, Bardhaman-464292",Nagaon,993212,09-04-2024,Premium,15,619.69
41494517,Maya Dara,hamsini77@example.com,9.10E+11,"28/79, Peri Ganj, Satna 501343",Latur,726616,09-04-2024,Inactive,10,860.07
92409489,Deepa Devi,dhingrachaitaly@example.net,9.18E+11,"H.No. 984, Shere Nagar
Kolkata 345413",Shivpuri,850210,09-04-2024,Regular,4,1614.57
16379942,Harshil Kuruvilla,pathakanirudh@example.org,9.14E+11,"37/62, Basu Chowk
Sikar 515907",Orai,332997,10-04-2024,Inactive,15,1370.56
67749649,Oviya Mitra,aaravdugar@example.com,9.20E+11,"103, Mahajan Circle
Silchar 256345",Mira-Bhayandar,222577,10-04-2024,Inactive,11,281.16
67383024,Riya Kothari,chowdhuryimaran@example.net,9.18E+11,"648, Biswas Street, Jalandhar 957104",Kollam,436202,10-04-2024,Premium,14,1240.9
67310893,Idika Patla,arya77@example.org,9.18E+11,"91/165, Dewan Circle
Ajmer-980052",Chennai,286135,10-04-2024,New,19,1592.94
18326028,Lekha Bakshi,chakradharganesh@example.com,9.11E+11,"H.No. 58
Talwar, Udupi-285349",Ratlam,685813,10-04-2024,Inactive,3,244.31
31813,Indrajit Pau,wakeetasehgal@example.com,9.12E+11,"66, Vora Chowk
Maheshtala 376030",Sultan Pur Majra,666762,10-04-2024,Regular,18,1230.75
15808945,Vrinda Khurana,wsekhon@example.com,9.18E+11,"H.No. 515, Balay Path
Amravati 503358",Gangtok,890545,10-04-2024,New,6,1255.9
54923640,Azad Nath,kmadan@example.net,9.18E+11,"20/90, Mohanty Ganj
Raurkela Industrial Township 943348",Gandhidham,664697,10-04-2024,Inactive,15,234.66
98709982,Dhruv Kalita,toormegha@example.org,9.15E+11,"H.No. 40
Vig Ganj, Dehri 859344",Dehri,79160,11-04-2024,Inactive,1,1704.93
55286608,Ekaraj Shan,psankaran@example.net,9.15E+11,"06/50, Loke Nagar, Tadepalligudem 421448",Kozhikode,112691,11-04-2024,New,11,374.96
3588443,Yashica Pingle,nakul94@example.org,9.18E+11,"63/847
Garg, Gwalior 577648",Rohtak,586174,11-04-2024,Premium,20,1727.18
10418604,Xavier Agrawal,lopaagrawal@example.org,9.20E+11,"10, Sangha Street, Bharatpur-212237",Gandhidham,850794,11-04-2024,New,15,501.27
13284996,Irya Dayal,shamanbir@example.org,9.14E+11,"H.No. 614, Sehgal Path
Akola-450080",Phagwara,363237,11-04-2024,Regular,9,449.79
1497747,Nachiket Kalla,solankibarkha@example.org,9.18E+11,"83/053
Deshmukh Road
Amravati-859834",Sangli-Miraj & Kupwad,323849,11-04-2024,Inactive,7,1241.73
51872499,Nakul Banerjee,sanghayashoda@example.org,9.10E+11,"H.No. 60, Narain Chowk
Sirsa 944864",Bareilly,264965,11-04-2024,Premium,1,1234
87120918,Wyatt Basak,maanav92@example.com,9.11E+11,"08, Prabhu Path
Haldia 489368",Malda,526640,12-04-2024,Inactive,10,1017.63
71755645,Hemang Raja,netra96@example.org,9.15E+11,"291, Varty Circle, Vijayanagaram-507487",Pallavaram,279065,12-04-2024,Regular,10,963.44
11705793,Tripti Barad,natarajanfaris@example.org,9.15E+11,"H.No. 502, Chhabra Zila
Ramagundam 546778",Dindigul,645810,12-04-2024,New,18,1164.81
88745052,Leena Zacharia,krishnaprabhu@example.org,9.12E+11,"H.No. 01
Sengupta Street, Bahraich 125364",Kumbakonam,583025,12-04-2024,Regular,5,516.9
57809174,Girindra Dara,hemalad@example.org,9.17E+11,"46/681
Bobal Path
Navi Mumbai-347951",Lucknow,284807,12-04-2024,Premium,11,1898.72
15545780,Ekansh Baria,mammenqasim@example.net,9.12E+11,"99/11, Bhattacharyya Street
Nangloi Jat-388866",Ambala,953801,13-04-2024,Regular,18,1268.44
38133873,Rehaan Borde,janya13@example.net,9.19E+11,"93, Das Path
Haridwar 763529",Khammam,123704,13-04-2024,Premium,10,770.71
25977417,Lohit Sengupta,agarwalamol@example.net,9.17E+11,"H.No. 985, Sarma Road, Raebareli 726376",Berhampore,363245,13-04-2024,Inactive,11,399.59
31776996,Bhavya Shankar,bavakai@example.com,9.18E+11,"09/679, Wali Chowk
Ongole 073167",Madanapalle,643542,13-04-2024,New,12,872.26
25795941,Urishilla Dhillon,ryanbath@example.com,9.12E+11,"04, Barman Street, Bhind 281577",Bhalswa Jahangir Pur,311683,14-04-2024,Regular,10,765.4
60210778,Upasna Bhasin,chandran47@example.org,9.18E+11,"03/393, Devan Marg
Bhiwani 325747",Motihari,841574,14-04-2024,Regular,4,938.8
54850870,Jatin Magar,ganesanshaurya@example.com,9.19E+11,"383, Parikh Road
Belgaum-311274",Panipat,645655,14-04-2024,New,6,894.79
52001314,Libni Manda,zarnagrewal@example.com,9.18E+11,"249
Rama, Raiganj-319572",Kota,492160,14-04-2024,Premium,7,1081.06
91196901,Atharv Kurian,balhaar57@example.net,9.16E+11,"54/93, Menon Circle
Lucknow-115301",Jabalpur,1489,15-04-2024,Premium,11,1086.3
99824171,Vasatika Ram,tkhare@example.com,9.13E+11,"34/661
Divan Zila
Chandrapur-092281",Thoothukudi,298856,15-04-2024,Inactive,1,1663.58
65294340,Jasmit Kota,arjunbandi@example.com,9.19E+11,"53/982, Pandya Marg
Anantapur-635508",Jamalpur,835263,16-04-2024,New,17,356.29
88667557,Gunbir Anand,avni95@example.net,9.15E+11,"H.No. 13, Sarma Path
Bhilwara 520495",Chennai,478377,16-04-2024,New,10,792.85
69240186,Triya Memon,ssoman@example.org,9.20E+11,"83/387
Shankar Chowk, Suryapet 985417",Kottayam,850470,16-04-2024,Regular,8,884
53392567,Darika Banerjee,chadhapallavi@example.net,9.11E+11,"88/17, Guha Zila, Avadi 258872",Aligarh,227395,16-04-2024,Regular,18,398.91
66499992,Anirudh Barad,nsundaram@example.org,9.17E+11,"29/059
Parsa Zila
Serampore-060287",Haridwar,240315,17-04-2024,Regular,11,927
75752515,Gagan Chakraborty,tbadal@example.com,9.15E+11,"352, Chahal Ganj, Aurangabad-005102",Ballia,636676,17-04-2024,Premium,14,763.15
49756591,Madhav Murthy,jai91@example.org,9.15E+11,"853, Date Nagar, Bongaigaon 192745",Miryalaguda,796425,17-04-2024,Inactive,20,745.4
81757554,Yagnesh Nadkarni,srinivasnisha@example.net,9.20E+11,"46/12, Dash Street, Ujjain 348748",Shimoga,591693,18-04-2024,Premium,12,1815.02
56780331,Vinaya Atwal,niharikasuresh@example.net,9.19E+11,"770
Yohannan Path
Sultan Pur Majra-654003",Gaya,980372,18-04-2024,Premium,8,903.37
78841932,Bhavani Rai,varkeyalexander@example.com,9.15E+11,"H.No. 104
Tak Ganj, Bhatpara 028985",Guna,907803,19-04-2024,Inactive,4,979.63
4439806,Balendra Sethi,johalmadhavi@example.net,9.13E+11,"89/706, Grewal Street, Jalgaon-268348",Mathura,838796,19-04-2024,New,7,790.59
93938425,Darpan Goyal,nitaratara@example.net,9.18E+11,"64, Borra Chowk
Gandhidham-484636",Nagercoil,553703,19-04-2024,Regular,10,1735.57
70554546,Jonathan Doctor,rushil75@example.net,9.14E+11,"855, Rana Circle, Dibrugarh 752009",Bulandshahr,169284,19-04-2024,Inactive,14,1601.91
21553672,Udyati Puri,rsarin@example.org,9.18E+11,"H.No. 647, Kade Nagar, Bhiwani-273365",Morbi,278827,19-04-2024,New,1,429.36
66130660,Lopa Bhasin,tanishverma@example.com,9.13E+11,"78/65
Trivedi Road
Chandigarh 042818",Gandhinagar,773293,20-04-2024,New,1,1673.4
50652833,Aarnav Mittal,mohananika@example.org,9.11E+11,"H.No. 921, Choudhary Marg
Ahmednagar-371806",Belgaum,138728,20-04-2024,Premium,16,274.21
89617089,Kamala Apte,warjasnayar@example.org,9.14E+11,"H.No. 63
Sarkar Circle
Orai 521594",Bidhannagar,710095,20-04-2024,New,9,541.33
91312072,Joshua Rana,mkakar@example.net,9.19E+11,"40, Dutta Zila, Katihar 605477",Jalna,409142,20-04-2024,Inactive,4,1518.25
75732571,Garima Behl,alata@example.com,9.15E+11,"H.No. 218, Lad Path
Kumbakonam 190927",Muzaffarnagar,882501,20-04-2024,New,20,1981.72
84986716,Eta Hegde,aishanisachar@example.org,9.13E+11,"H.No. 47, Bhavsar Path, Baranagar-818711",Begusarai,408698,21-04-2024,Regular,8,420.78
54748429,Darsh More,ynayar@example.org,9.13E+11,"26/961
Salvi Circle, Durg 406361",Visakhapatnam,883122,22-04-2024,New,2,669.35
41155125,Yahvi Doshi,daliaoviya@example.com,9.19E+11,"11
Kaul Path, Berhampore 085176",Tenali,82916,22-04-2024,Inactive,14,1454.3
83034412,Unnati Deol,vchoudhary@example.com,9.18E+11,"H.No. 276
Dugal Circle
Rourkela-734631",Jamnagar,743423,22-04-2024,New,11,1077.88
29265216,Samuel Buch,ethankala@example.com,9.19E+11,"05
Wable Nagar, Varanasi-387829",Bidar,638496,22-04-2024,New,3,609.49
87220860,Yashvi Dua,lmane@example.net,9.15E+11,"H.No. 769, Sengupta Street
Pondicherry-124635",Kochi,736698,22-04-2024,Regular,6,1474.44
64489709,Ekavir Kade,qasimganguly@example.net,9.16E+11,"413
Ahluwalia Zila
Ludhiana 958493",North Dumdum,300054,22-04-2024,Premium,2,1435.66
29415527,Abha Behl,yastidin@example.net,9.16E+11,"13/08
Toor Circle
Dindigul-600955",Pudukkottai,675974,22-04-2024,Regular,11,498.21
64162093,Nakul Mall,sbarman@example.net,9.15E+11,"42/193
Subramaniam Circle
Sultan Pur Majra-294414",Korba,818200,22-04-2024,Premium,6,413.3
38244021,Samaksh Oza,sankaransara@example.net,9.17E+11,"72/71, Randhawa, Bhubaneswar 329836",Chapra,223908,22-04-2024,Inactive,13,1326.66
59930550,Anamika Wali,madhavi76@example.org,9.14E+11,"H.No. 45
Dhar Marg, Kulti 279105",Agra,661359,22-04-2024,Inactive,20,1680.48
29097987,Matthew Subramanian,samuel89@example.net,9.11E+11,"H.No. 42
Korpal Zila
Kollam 079499",Hosur,56400,23-04-2024,Inactive,12,224.41
9107360,Anvi Iyer,dmane@example.net,9.14E+11,"029, Aurora Marg
Hospet 337208",Dindigul,390035,23-04-2024,Inactive,12,617.79
81091233,Divya Dada,hemal96@example.com,9.15E+11,"H.No. 10, Balay Zila, Panipat 734804",Durgapur,538157,24-04-2024,Regular,4,1993.07
62816600,Gagan Kumar,karajhalak@example.org,9.14E+11,"H.No. 60
Garde Zila
Bikaner-229719",Kavali,243459,24-04-2024,Inactive,2,1790.22
60835946,Yoshita Sani,fganesh@example.org,9.11E+11,"H.No. 370, Nagi Street
Bulandshahr 539967",Fatehpur,847170,24-04-2024,Inactive,14,1400.1
41512861,Veer Kant,qarinsundaram@example.org,9.11E+11,"37/812, Pal Zila
Bidar-969809",Purnia,831675,24-04-2024,Regular,11,696.12
98241853,Lila Mangal,reddydamini@example.com,9.12E+11,"99/06
Kala Zila
Gandhidham 366062",Vellore,575103,25-04-2024,Premium,19,1203.76
85838438,Advay Mann,dixitakshay@example.org,9.16E+11,"194, Mukherjee Chowk
Ahmedabad-136214",Suryapet,544363,25-04-2024,Inactive,15,1754.47
89523804,Girik Sangha,smane@example.net,9.12E+11,"H.No. 42
Dhar Nagar, Akola-282403",Kottayam,262919,25-04-2024,Inactive,1,1054
52757321,Hritik Narain,jagvi66@example.net,9.15E+11,"500
Raghavan Circle
Nellore 449924",Bulandshahr,262684,26-04-2024,New,11,1059.22
27709218,Ryan Dhingra,rthaman@example.org,9.17E+11,"H.No. 69, Kadakia Chowk
Bilaspur-453013",Dindigul,36144,26-04-2024,Regular,18,1872.09
29653387,Aradhana Rout,fitannadig@example.net,9.20E+11,"H.No. 02
Dutt Road
Davanagere-916145",Malda,599799,26-04-2024,New,12,519.73
78961097,Irya Agarwal,hemanisinghal@example.org,9.10E+11,"H.No. 806
Vala
Aizawl-476044",Udupi,387337,26-04-2024,Inactive,16,1375.64
17287733,Balhaar Chaudhari,ranveerkrish@example.com,9.15E+11,"824
Bedi Nagar
Siliguri 925880",Morbi,410335,27-04-2024,Premium,12,1897.84
65391539,Yashica Khurana,kkata@example.org,9.16E+11,"H.No. 134, Mangat
Jamshedpur-231579",Satara,480445,27-04-2024,New,3,446.4
13071673,Ijaya Bir,tkalla@example.com,9.19E+11,"02/685, Dar Street
Mathura 835017",Jhansi,491822,27-04-2024,Regular,17,1208.04
60399360,Gavin Solanki,kuruvillachaman@example.net,9.10E+11,"336, Nath, Loni-751166",Jamnagar,624598,27-04-2024,Premium,3,1757.64
96629034,Raghav Nayak,bchahal@example.org,9.11E+11,"112
Buch Marg, Nanded 682578",Hyderabad,769553,27-04-2024,Premium,10,839.31
45033270,Manan Chandran,keermugdha@example.org,9.19E+11,"64
Padmanabhan Path
Bulandshahr 387848",Thanjavur,372814,28-04-2024,New,15,252.26
74833221,Agastya Saran,nde@example.net,9.17E+11,"43, Mane Circle
Kishanganj-282155",Nashik,247247,28-04-2024,Regular,1,1764.07
14994388,Charles Wason,wrao@example.com,9.17E+11,"533
Jhaveri Marg
Bharatpur-930354",Gwalior,941934,29-04-2024,Premium,20,1782.84
48158494,Hamsini Choudhury,wmagar@example.net,9.10E+11,"23/254, Ram Street
Avadi 502744",Kishanganj,179510,30-04-2024,Inactive,13,1787.2
14472401,Ayaan Rege,dubeyekanta@example.com,9.14E+11,"625, Atwal Street
Pudukkottai-889365",Thiruvananthapuram,481131,30-04-2024,Regular,1,208.09
37054866,Avi Sodhi,guhawarjas@example.net,9.19E+11,"89
Tak Marg, Mangalore 446678",Guntur,224009,30-04-2024,Regular,2,1503.54
31978160,Kiaan Khare,januja42@example.net,9.14E+11,"H.No. 76, Sharma Zila
Bharatpur 622055",Saharanpur,506540,01-05-2024,New,8,1881.61
53886685,Ayaan Dixit,henrykanda@example.net,9.12E+11,"90, Issac Circle
Giridih-159208",Bhimavaram,771068,01-05-2024,New,11,1066.86
41008070,Libni Dua,kariwyatt@example.net,9.14E+11,"H.No. 036, Sarma Path
Hapur 500317",Vijayawada,129888,01-05-2024,New,1,1017.46
17106161,Gagan Prabhakar,chaitanyaraman@example.net,9.12E+11,"40/59, Rai Street
Vijayawada 675290",Shimoga,758004,01-05-2024,Inactive,9,331.15
52659908,Lucky Kala,jaggiurmi@example.com,9.13E+11,"H.No. 72, Lalla Chowk, Panipat 548209",Kozhikode,108922,02-05-2024,Regular,5,1590.28
12574626,Nitesh Joshi,cborra@example.net,9.18E+11,"393
Narasimhan Chowk
Satara 333915",Amritsar,409487,02-05-2024,Inactive,18,852.27
64151769,Teerth Mallick,dalbir88@example.com,9.16E+11,"H.No. 81, Pathak Marg, Purnia-445538",Mysore,33453,02-05-2024,New,14,1311.86
31233120,Veer Krish,mitesh54@example.org,9.17E+11,"60/849
Venkatesh Road
Navi Mumbai-093276",Lucknow,9792,03-05-2024,Regular,2,555.76
39976965,Dayamai Sawhney,seshadrizilmil@example.com,9.10E+11,"980
Soni Circle, Chapra 478764",Pimpri-Chinchwad,858879,03-05-2024,Regular,13,714.17
65559853,Yahvi Bali,tthakur@example.com,9.11E+11,"47
Ahluwalia Path
Bangalore 348145",Kamarhati,160165,03-05-2024,Regular,17,1734.36
96795047,Osha Desai,rachitabehl@example.org,9.15E+11,"H.No. 940, Goda Chowk, Morena 883030",Chittoor,679019,03-05-2024,New,15,1834.19
49869358,Varenya Nigam,ekiya67@example.com,9.13E+11,"H.No. 15
Lad Nagar
Vadodara 873657",Dharmavaram,13634,03-05-2024,Regular,16,1002.95
81046421,Jacob Narayan,choudharyayushman@example.com,9.15E+11,"99, Sekhon Nagar
Phagwara 174118",Kalyan-Dombivli,657178,03-05-2024,Inactive,6,484.37
13189939,Ishanvi Raman,kalaoviya@example.net,9.16E+11,"38, Goyal Road
Ballia 891603",Bhopal,626288,04-05-2024,Inactive,17,1906.92
76218218,Vedant Dubey,patlaanamika@example.com,9.13E+11,"695
Bansal Chowk, Erode 117771",Etawah,638879,04-05-2024,Inactive,10,1170.57
85658166,Faraj Krish,parikhcharvi@example.org,9.11E+11,"H.No. 13, Bumb Road, Bharatpur-659171",Thrissur,74399,04-05-2024,New,11,1326.65
96729650,Yochana Ravel,rnagi@example.org,9.13E+11,"98/20
Tiwari Road
Tiruppur-972702",Ahmednagar,543068,04-05-2024,Inactive,2,847.93
38327793,Yug Brar,wallachandran@example.net,9.18E+11,"17
Kurian Ganj
Durgapur 843749",Nandyal,506488,04-05-2024,Inactive,12,1924.53
82854537,Yauvani Korpal,kulkarnidhriti@example.org,9.20E+11,"754
Mody Marg
Aligarh-411970",Varanasi,690385,05-05-2024,Inactive,2,1027.48
94281220,Teerth Balan,xdubey@example.net,9.14E+11,"10/49
Kanda Zila, Arrah-883000",Pondicherry,185375,05-05-2024,Regular,1,325.65
63858550,Neha Balakrishnan,parsaviraj@example.net,9.13E+11,"71, Choudhry Street
Adoni 161614",Ichalkaranji,742412,05-05-2024,Premium,7,1197.2
58214883,Udant Grover,cnarayan@example.com,9.16E+11,"79/852
Nadkarni
Panchkula 391511",Darbhanga,871302,05-05-2024,Regular,11,229.17
25585013,Ishita Amble,baradjanani@example.com,9.13E+11,"24/60, Morar Nagar, Mirzapur 616969",Vasai-Virar,699030,05-05-2024,Inactive,18,840.15
79895967,Hema Luthra,omfalan@example.net,9.18E+11,"785, Karpe Path
Ramgarh 103332",Chennai,715090,05-05-2024,Regular,8,1829.16
71176678,Garima Tata,charita65@example.com,9.14E+11,"56/972, Yadav Road, Gwalior 194187",Dhule,103327,05-05-2024,Regular,20,669.58
40858753,Samaksh Sharma,neel23@example.net,9.16E+11,"59
Kumar Path, Ajmer 208298",Bharatpur,674980,06-05-2024,Regular,5,1149.5
48409448,Pavani Vaidya,varsha47@example.net,9.14E+11,"76
Chana Street
Bhimavaram-424017",Ludhiana,743825,07-05-2024,New,18,1652.89
92642745,Nicholas Puri,ekta46@example.net,9.13E+11,"H.No. 95, Gulati Circle, Ozhukarai-920887",Bihar Sharif,404970,07-05-2024,Regular,18,415.99
72889295,Samuel Pal,banikyadavi@example.org,9.18E+11,"90/605
Naidu Zila, Raichur 666950",Sasaram,545125,07-05-2024,New,18,1965.81
23380116,Neelima Mody,cvenkataraman@example.com,9.18E+11,"931, Karnik Chowk
Loni 350235",Jehanabad,616737,07-05-2024,New,11,606.28
48358028,Xavier Kibe,agatesiya@example.org,9.15E+11,"986
Banerjee Marg, Bhagalpur 966590",Gudivada,666095,08-05-2024,Premium,14,1852.36
6668498,Bimala Prakash,vchander@example.net,9.11E+11,"757, Sandhu Street
Nagpur-709424",Ratlam,62592,08-05-2024,Inactive,11,1413.4
10210309,Deepa Dewan,sagarjagdish@example.com,9.18E+11,"16/10, Seshadri, Tenali-896132",Kharagpur,318476,08-05-2024,Inactive,13,515.07
35912599,Neha Atwal,sacharindali@example.org,9.13E+11,"65, Purohit Path, Jamalpur-094676",Bilaspur,525952,08-05-2024,Regular,16,461.95
60271325,Michael Chopra,harshdalal@example.org,9.16E+11,"H.No. 38
Sankar Circle, Kota-391161",Malegaon,838512,08-05-2024,New,8,356.62
46088132,Benjamin Ramanathan,ssahota@example.com,9.16E+11,"12/15, Jha Ganj, Adoni-465226",Sasaram,881157,09-05-2024,New,13,321.43
12397668,Ojasvi Mahal,vedant21@example.org,9.11E+11,"H.No. 86, Aurora Ganj
Sikar-722421",Guwahati,637399,09-05-2024,Premium,13,204.06
17805991,Jhalak Rai,panditdev@example.net,9.19E+11,"73/063, Dutt Road
Kishanganj-424784",Dhule,819317,09-05-2024,New,10,924.9
84824280,Kamya Narayan,bhavyabakshi@example.com,9.10E+11,"92/87, Golla Road, Bihar Sharif 337412",Ongole,989821,09-05-2024,Inactive,17,1752.91
30733165,Gaurang Grewal,gramesh@example.org,9.17E+11,"94/94, Hayer Ganj, Dhanbad-672298",Ujjain,119364,10-05-2024,Inactive,10,1609.11
39317905,Gagan Garg,wvarkey@example.com,9.14E+11,"763, Ben Zila, Hapur-382162",Hazaribagh,289050,10-05-2024,New,8,1546.54
58644651,Gaurangi Vala,mohantyidika@example.net,9.10E+11,"69, Nayak Path
Thanjavur-153372",Secunderabad,274378,10-05-2024,New,13,646.92
23961725,Zayyan Buch,kalpithayre@example.net,9.13E+11,"71/67, Oommen Ganj, Purnia 250900",Bhiwandi,629210,11-05-2024,Regular,6,367.74
38780509,Ira Guha,haritabasu@example.com,9.12E+11,"55
Zachariah Road
Jaunpur 869945",Ongole,715292,11-05-2024,Regular,3,1238.37
43243913,Rushil Iyer,zkrishnan@example.net,9.17E+11,"68
Deep Road, Bhilai 520000",Jehanabad,602923,11-05-2024,Regular,4,1897.16
43574734,Falak Magar,daliajack@example.net,9.15E+11,"H.No. 28
Narayanan Street
Begusarai-921005",Rourkela,537609,11-05-2024,New,5,551.29
2903620,Bahadurjit Rama,faraj37@example.com,9.11E+11,"418, Desai Chowk, Tiruvottiyur 558463",Proddatur,495945,11-05-2024,New,11,1815.06
12531927,Ayush Tripathi,vmodi@example.net,9.12E+11,"H.No. 084, Mody Ganj, Panipat-412839",Bhiwandi,581091,12-05-2024,New,20,1511.87
52815265,Daniel Bains,lopa03@example.net,9.12E+11,"H.No. 00
Tandon Street
Rohtak 114577",Pudukkottai,765060,12-05-2024,New,10,806.63
24988999,Yashawini Goyal,suhani03@example.com,9.15E+11,"79
Bobal, Jaunpur 969256",Raiganj,72237,12-05-2024,Regular,6,1748.52
55056284,Devika Lal,kamdarkalpit@example.com,9.12E+11,"H.No. 812, Iyengar Path
Jaunpur 333582",Ichalkaranji,969027,13-05-2024,Inactive,11,373.44
22076522,Chaaya Andra,baniklila@example.org,9.16E+11,"11/294, Chander Zila, Ambarnath-944366",Hindupur,271246,13-05-2024,Regular,5,1670.28
44776601,Krisha Sood,dugalgayathri@example.net,9.19E+11,"25, Nayak Street, Sonipat 822794",Durg,94769,13-05-2024,Regular,15,1278.59
96149069,Omisha Pall,jhabhavya@example.com,9.10E+11,"H.No. 89, Date Ganj, Ambala 994646",Ozhukarai,900241,13-05-2024,Regular,19,346.93
94979163,Warda Sarin,yloke@example.com,9.18E+11,"07/82
Brahmbhatt Zila, Tumkur-832067",Kanpur,98338,14-05-2024,New,7,1146.5
77086539,Gayathri Kumer,pranav05@example.net,9.14E+11,"23, Butala Marg, Sagar 674981",Sangli-Miraj & Kupwad,813233,14-05-2024,New,3,1591.27
94404245,Quincy Chauhan,kadetamanna@example.com,9.11E+11,"01
Hayer Chowk
Gopalpur 936167",Rampur,630779,14-05-2024,Inactive,5,564.03
63310076,Chavvi Jani,dbhandari@example.com,9.17E+11,"067
Dalal Zila
Sambalpur-237974",Etawah,334921,15-05-2024,Regular,17,1123.43
60757351,Naksh Sule,frederickkunda@example.org,9.15E+11,"994, Ramanathan Chowk, Davanagere 176352",Salem,411662,15-05-2024,Premium,3,1099.62
46023497,Baljiwan Nagi,wjayaraman@example.com,9.18E+11,"863
Sarkar Road, Bokaro-229992",Delhi,31910,15-05-2024,Premium,12,1856.92
243838,Sudiksha Nagar,chandanikrish@example.net,9.14E+11,"H.No. 58
Cherian Zila
Dhule 851724",Visakhapatnam,865844,16-05-2024,New,11,1158.27
50484778,Hiral Saxena,kurianatharv@example.com,9.12E+11,"07/185
Agate Zila, Shivpuri 496563",Kanpur,7186,16-05-2024,Inactive,2,1495.86
93018527,Lekha Rout,ibhargava@example.net,9.18E+11,"48, Dugal Chowk, Varanasi-890255",Narasaraopet,722749,16-05-2024,New,1,913.11
60698094,Matthew Bhatti,wazir62@example.org,9.16E+11,"H.No. 77, Bahl Nagar, Purnia 411171",Malegaon,108567,16-05-2024,New,2,1894.4
49529811,Zayyan Swaminathan,liam57@example.net,9.13E+11,"H.No. 528, Uppal, Arrah 830864",Pimpri-Chinchwad,945135,16-05-2024,Regular,13,1595.6
5901440,Faris Chopra,waida01@example.org,9.18E+11,"H.No. 50
Rastogi Path
Mehsana-686891",Sambhal,719965,16-05-2024,Premium,8,761.17
77618011,Bhavna Bath,klad@example.com,9.16E+11,"91
Gade Path, Tenali-329534",Silchar,207673,16-05-2024,Inactive,11,454.04
2442235,Pushti Bhattacharyya,qmaharaj@example.org,9.10E+11,"H.No. 38
Loyal Street
Vellore 607787",Latur,117097,17-05-2024,Premium,11,661.58
76925460,Tara Narasimhan,reva48@example.org,9.14E+11,"29, Tak Path, Yamunanagar 262795",Kharagpur,501619,17-05-2024,Regular,2,1526.55
80761521,Yashica Rama,laladarika@example.com,9.18E+11,"H.No. 25, Loke Circle, Aligarh 718926",Latur,257938,17-05-2024,Inactive,5,850.56
10605484,Rachit Chakraborty,karabhiram@example.com,9.18E+11,"H.No. 714
Das Circle, Nanded-127585",Visakhapatnam,411956,17-05-2024,Inactive,13,652
88299992,Laban Bandi,ikrish@example.org,9.16E+11,"56/317, Sanghvi
Unnao 580760",Firozabad,943812,17-05-2024,Premium,6,1524.68
57537308,Ayush Buch,morejagdish@example.net,9.12E+11,"079
Goyal Zila, Bhiwani-715658",Jorhat,779981,18-05-2024,New,8,1641.88
59824662,Tanish Jayaraman,sarmaavi@example.net,9.17E+11,"H.No. 55, Kala Path
Dibrugarh 172574",Bhilwara,406032,18-05-2024,Premium,1,741.83
54205055,Yasti Shukla,moreekaja@example.com,9.18E+11,"87, Om Ganj
Mirzapur 784887",Junagadh,964252,18-05-2024,Regular,9,1637.67
81382213,Victor Khurana,jkaur@example.org,9.14E+11,"92/411
Kannan Nagar, Tirunelveli 887984",Burhanpur,952694,18-05-2024,Inactive,9,845.85
21784094,Lakshit Rai,jagdish68@example.com,9.19E+11,"07/299, Shenoy Circle
Raipur 072826",Bareilly,284389,18-05-2024,Regular,17,1530.19
66233704,Adya Wason,ibiswas@example.org,9.12E+11,"72/459
Ranganathan
Baranagar 535808",Jorhat,836682,18-05-2024,Inactive,7,1341.67
75038062,Udarsh Bail,maharajhredhaan@example.com,9.16E+11,"86/06
Nigam Zila, Kumbakonam-777283",Avadi,554021,18-05-2024,New,19,1882.45
59190584,Xiti Tata,jgolla@example.com,9.12E+11,"77/806, Sethi Nagar
Phusro-516017",Vijayawada,483920,19-05-2024,Premium,6,1175.38
75073623,Yashvi Bansal,dasskabir@example.net,9.13E+11,"604, Brar Chowk, Meerut-986766",Kumbakonam,470494,19-05-2024,New,19,1042.05
12799092,William Sarkar,vsridhar@example.net,9.17E+11,"H.No. 578, Dugal Zila, Chinsurah 373691",Unnao,817262,19-05-2024,Inactive,5,557.19
31410886,Ayush Manda,finnraman@example.com,9.18E+11,"56/79, Shere Nagar
Pallavaram-288622",Sasaram,122681,20-05-2024,Inactive,9,757.75
66359719,Diya Murty,mitalihayer@example.com,9.16E+11,"693, Sankar Road, Bhavnagar 420251",Nagercoil,262617,20-05-2024,Regular,2,949.36
95382317,Aradhana Sen,indiraseshadri@example.com,9.14E+11,"790, Tata Marg
Asansol-472717",Patiala,466894,20-05-2024,New,14,940.85
49433260,Abhiram Wason,fdevan@example.com,9.19E+11,"15
Sabharwal Marg, Aurangabad 966257",Hospet,246851,20-05-2024,Premium,17,307.03
43518622,Pooja Gole,yutika87@example.com,9.15E+11,"93/53, Batra Marg, Pudukkottai 797906",Jaunpur,694453,20-05-2024,Regular,5,512.48
65963876,Vamakshi Talwar,pahalhora@example.net,9.16E+11,"02/85
Nanda Marg
Nizamabad-518067",Loni,830494,20-05-2024,New,13,1714.99
68159723,Yashvi Pathak,wallaarunima@example.org,9.16E+11,"866, Zachariah Zila
Madurai 896328",Orai,197279,21-05-2024,New,6,1214.62
17159117,Tripti Bassi,vinayaganguly@example.net,9.17E+11,"28
Venkataraman, Silchar 532742",Karawal Nagar,778786,21-05-2024,Premium,1,336.26
90448312,Chandani Tata,raiishanvi@example.net,9.20E+11,"H.No. 24
Biswas Path
Sambalpur-658004",Panihati,753285,21-05-2024,Inactive,10,1678.01
85476508,Orinder Dua,sarafekavir@example.net,9.19E+11,"55/632
Ratta Path, Bareilly 643413",Pallavaram,314585,22-05-2024,Inactive,18,1607.33
19400174,Urvi Grover,bawamaanav@example.org,9.18E+11,"H.No. 70
Sem Ganj
Rajkot-074481",Saharanpur,467162,22-05-2024,New,2,907.16
64017365,Vasatika Banerjee,warjaschanda@example.net,9.17E+11,"71, Issac Marg, Malda-139706",Delhi,130657,22-05-2024,Premium,2,1767.76
1705969,Qasim Kalla,ekannan@example.com,9.15E+11,"56/445
Jayaraman Marg
Ichalkaranji-658913",Surat,962834,23-05-2024,Premium,20,877
97928781,Dhriti Om,ychander@example.org,9.19E+11,"37
Kade Marg
Raichur 315310",Gaya,464706,24-05-2024,Inactive,2,1278.88
71252391,Mohini Johal,ajaggi@example.com,9.15E+11,"68/70
Merchant Ganj
Anand 877850",Kulti,40488,24-05-2024,New,8,1558.97
99412119,Samarth Sachar,cmurty@example.net,9.14E+11,"H.No. 900
Konda Zila
Sikar-445716",Agartala,868483,24-05-2024,New,17,653.57
1601161,Chanchal Thakur,faras36@example.com,9.12E+11,"09/92
Oak Circle, Nandyal 041635",Amaravati,562508,24-05-2024,Inactive,1,589.31
30468930,Nirja Manda,chavvisavant@example.com,9.12E+11,"H.No. 723
Shankar Marg, Bhiwani-677157",Gandhinagar,478625,24-05-2024,Regular,6,1449.81
14693393,Chavvi Iyer,kannanvedant@example.com,9.10E+11,"11, Balakrishnan Marg
Motihari-662977",Proddatur,496205,24-05-2024,New,14,928.3
47335806,Pavani Borde,yashodhara92@example.com,9.17E+11,"H.No. 70, Chatterjee
Thrissur-635211",Pimpri-Chinchwad,553989,25-05-2024,Regular,9,1188
20689141,Maya Yohannan,yatandhawan@example.net,9.15E+11,"60, Chaudry Circle, Surat 576801",Korba,687107,25-05-2024,Premium,19,995.55
3875480,Harshil Mital,qnarula@example.com,9.19E+11,"58
Chaudhry Zila
Bhind 676771",Berhampur,743842,26-05-2024,Inactive,8,1863.49
1589656,Xiti Prabhu,maharajmitesh@example.org,9.19E+11,"H.No. 729, Raval
Sambalpur 817241",Gorakhpur,374983,26-05-2024,Premium,13,1548.76
1152215,Yachana Pathak,chakradevnigam@example.org,9.13E+11,"067, Rao Street
Motihari 908674",Dhanbad,251590,27-05-2024,Inactive,2,1637.43
80476444,Qadim Bail,vrittikoshy@example.com,9.16E+11,"96/75
Dutta Street
Dhule-206857",Eluru,868809,27-05-2024,Premium,1,1677.06
47618810,Ekalinga Mandal,avi52@example.net,9.15E+11,"H.No. 57
Goda Chowk, Pimpri-Chinchwad 391055",Ghaziabad,423916,27-05-2024,Inactive,17,1395.84
8164639,Pushti Dhillon,varenya91@example.com,9.10E+11,"81/62
Char Circle, Ramagundam 071898",Gandhidham,975982,27-05-2024,Premium,11,329.17
66308810,Utkarsh Ramaswamy,chadharajata@example.org,9.19E+11,"H.No. 20
Dugar Circle
Bardhaman 787914",Sangli-Miraj & Kupwad,851715,27-05-2024,Premium,18,1746.8
32426778,Falguni Kapadia,jdivan@example.net,9.17E+11,"H.No. 55
Khatri Circle, Jalna 323326",Naihati,484917,27-05-2024,Inactive,14,304.06
73727901,Chanakya Khatri,azad52@example.net,9.12E+11,"68/982
Desai Road
Anantapuram 384618",Solapur,164307,27-05-2024,Premium,15,1299.49
21201299,Ladli Hegde,girikprashad@example.org,9.10E+11,"07/818
Bhat Ganj, Bhusawal 661115",Unnao,383439,27-05-2024,New,19,1488.68
55170753,Praneel Nagy,gchauhan@example.net,9.10E+11,"H.No. 660
Krishna Path, Mango-105239",Miryalaguda,951611,27-05-2024,Inactive,19,1414.63
88965399,Darsh Sura,yachanabalakrishnan@example.net,9.16E+11,"H.No. 599
Menon Path, Kalyan-Dombivli 164642",Guntur,563500,28-05-2024,Regular,3,1144.21
39423691,Lucky Goel,wparikh@example.com,9.15E+11,"67/88, Mukherjee, Bellary-497259",Chandrapur,923560,28-05-2024,New,18,332.84
46615831,Wishi Chada,avi03@example.org,9.16E+11,"30/93, Chadha Road
Nizamabad-229304",Raurkela Industrial Township,947965,28-05-2024,Inactive,4,855.3
23794330,Nisha Amble,xbhakta@example.net,9.14E+11,"H.No. 55, Choudhary Chowk
Ongole 045956",Machilipatnam,324950,28-05-2024,Regular,1,822.37
26805477,Xavier Hans,doctoraradhana@example.org,9.12E+11,"H.No. 02, Deep Ganj
Firozabad 664104",Sambhal,593073,28-05-2024,New,18,1148.4
18567760,Ethan Natarajan,semnakul@example.net,9.18E+11,"H.No. 63
Viswanathan Circle, Medininagar 960193",Fatehpur,321200,28-05-2024,Regular,13,1933.7
31718565,Andrew Wable,jackson06@example.org,9.14E+11,"77, Dhar Zila
Kozhikode-400515",Durgapur,16828,29-05-2024,Regular,6,245.16
27692428,Warjas Tara,akshaydeshmukh@example.com,9.12E+11,"859, Kumar Nagar, Chittoor-489508",Chennai,691326,29-05-2024,Regular,11,1889.95
91228580,Ojasvi Yadav,hiteshsekhon@example.net,9.16E+11,"21/429, Hegde Chowk, Erode 713443",Mangalore,627586,29-05-2024,Regular,3,330.22
36998375,Yatin Mammen,william17@example.net,9.13E+11,"54/801, Iyengar Path
Proddatur-802798",Tirupati,153951,29-05-2024,Inactive,11,1231.91
23126356,Oliver Kaur,fmurty@example.org,9.10E+11,"34/473, Gaba Circle
Raiganj 302856",Bhopal,28548,29-05-2024,Inactive,7,1580.04
70867736,Madhavi Nagarajan,harijeremiah@example.com,9.14E+11,"43/105
Mitter Ganj, Jamnagar-690461",Ambattur,596147,29-05-2024,Premium,17,574.18
58415368,Frederick Virk,jroy@example.com,9.18E+11,"430
Savant Road
Ramagundam-958730",Shahjahanpur,603119,29-05-2024,New,10,297.38
32595806,Radha Bhardwaj,mchatterjee@example.com,9.19E+11,"65
Thaker Path, Ranchi 954884",Chandigarh,980380,30-05-2024,Inactive,19,442.13
12415659,Damini Wagle,omamol@example.net,9.11E+11,"168
Balay Street, Allahabad-779838",Ambala,813277,30-05-2024,New,10,1786.5
39042103,Maanav Gupta,mohammed78@example.org,9.20E+11,"H.No. 26, Chaudhary
Kolkata 469720",Bareilly,148727,31-05-2024,Regular,20,1519.5
41878908,Barkha Kanda,khuranamason@example.net,9.12E+11,"08/81
Chandra Path, Mehsana-925891",Raiganj,376225,31-05-2024,Premium,6,390.11
67386193,Wakeeta Khurana,pillaifariq@example.net,9.19E+11,"H.No. 48, Luthra Ganj
Baranagar-391311",Pali,488313,01-06-2024,Regular,14,1029.98
27304827,Arjun Bhardwaj,jason04@example.org,9.12E+11,"H.No. 452
Bobal Path, Medininagar-979279",Coimbatore,986968,01-06-2024,Premium,9,1736.28
13581527,Jhalak Kalla,saanvimammen@example.org,9.15E+11,"166
Batra, Pudukkottai 869970",Hajipur,786331,01-06-2024,New,10,1614.59
43761120,Tarak Kumer,hbava@example.com,9.18E+11,"H.No. 534
Taneja Ganj
Bangalore 238371",Bhagalpur,33353,01-06-2024,Inactive,19,1954.78
69034027,Udarsh Gole,tatwal@example.com,9.15E+11,"H.No. 751
Khanna Street, Kolkata-181161",Nagaon,299457,02-06-2024,Regular,4,1230.08
92245432,Ayushman Goel,zagate@example.net,9.18E+11,"H.No. 556
Rege Zila
Davanagere 091304",Tadipatri,863697,02-06-2024,Premium,12,316.16
3786105,Ojas Sankaran,jyoti35@example.net,9.18E+11,"H.No. 66
Mahajan Chowk, Yamunanagar 911948",Kirari Suleman Nagar,288478,02-06-2024,New,13,1172.32
47295676,Neel Sandhu,kadelopa@example.net,9.12E+11,"91, Gulati Street
Ghaziabad-764436",Bhopal,468224,02-06-2024,New,2,1758.3
95873651,Shivani Divan,matthewbal@example.org,9.20E+11,"836, Seshadri Road, Khammam-540650",Ballia,584545,02-06-2024,Inactive,14,536.02
56441247,Aashi Narula,girindrachar@example.com,9.19E+11,"H.No. 291
Bassi, Nashik 127808",Meerut,27074,02-06-2024,Premium,18,1667.94
3468355,Chameli Subramanian,lekhanarula@example.org,9.19E+11,"73/891
Tailor Nagar
Raiganj-161841",Pune,427282,02-06-2024,New,12,1734.51
45052594,Harish Venkatesh,hiteshlanka@example.com,9.13E+11,"46/45
Banik Marg, Madurai-527305",Aligarh,740540,03-06-2024,New,19,859.59
10855630,Anya Rajagopal,sbajwa@example.org,9.17E+11,"39
Lata Chowk
Nellore 099220",Rajahmundry,39724,03-06-2024,Premium,15,1447.55
72089140,Kritika Kalla,ishanviacharya@example.net,9.19E+11,"02
Chanda Circle, Kurnool-724694",Kamarhati,462353,04-06-2024,Regular,18,1751.47
60904312,Jagdish Badami,isha60@example.com,9.12E+11,"588, Dass
Kakinada 672163",Mumbai,503282,04-06-2024,Regular,20,564.73
34580200,Unni Dara,janyamisra@example.org,9.17E+11,"26/93
Hans Ganj
Madurai-579587",Bally,46262,04-06-2024,Premium,2,1418.51
99734256,Ishwar Nair,ambleira@example.com,9.17E+11,"20/227, Sant Nagar
Danapur-130747",Ratlam,477588,04-06-2024,Premium,1,301.12
95018817,Ucchal Bajaj,vpathak@example.net,9.18E+11,"H.No. 69
Sankaran Marg
Adoni 056161",North Dumdum,112162,04-06-2024,Inactive,19,466.48
80567870,Andrew Bajaj,ekavir45@example.org,9.13E+11,"740, Ramachandran, Shivpuri-023391",Khammam,390449,05-06-2024,Regular,1,1769.49
30767655,Aarnav Issac,onimandal@example.com,9.19E+11,"H.No. 824
Goel, Miryalaguda-574451",Karnal,942916,05-06-2024,Regular,15,698.87
1491857,Naveen Balakrishnan,xuppal@example.net,9.14E+11,"21/938, Ravel Street, Gurgaon 597187",Morena,260718,05-06-2024,Premium,9,855.24
30535703,Dev Comar,jmurthy@example.net,9.19E+11,"H.No. 353
Ramakrishnan Street, Begusarai-376450",Morbi,267760,06-06-2024,Regular,3,301.96
26844216,Yochana Babu,sibalmaya@example.com,9.17E+11,"H.No. 593
Mangat Street
Nagpur-588651",Pali,245058,07-06-2024,Premium,16,927.07
1529180,Darsh Gokhale,randhawaaashi@example.com,9.13E+11,"406
Chanda Chowk
Jalandhar 950864",Bareilly,516534,07-06-2024,Inactive,5,596.54
85854265,Vasatika Naidu,amerchant@example.net,9.12E+11,"94/55
Pradhan Path, Nashik 460184",Vijayanagaram,772253,07-06-2024,Premium,9,1492.09
81528623,Qasim Hans,dbains@example.net,9.15E+11,"34
Rai Zila
Proddatur-395778",Jamshedpur,156998,08-06-2024,Premium,3,957.94
31619915,Joshua Trivedi,dnair@example.net,9.12E+11,"75/382, Sengupta Ganj
Madurai-669210",Gandhinagar,297641,09-06-2024,New,13,722.45
1603358,Samaksh Randhawa,ubumb@example.com,9.16E+11,"H.No. 78, Palla
Sultan Pur Majra-672854",Gandhinagar,600850,09-06-2024,Inactive,5,1155.87
32500305,Ridhi Khatri,anthonydey@example.net,9.14E+11,"825
Arya Street
Deoghar 673152",Orai,277971,09-06-2024,New,5,362.53
97509888,Rushil Patil,utkarsh96@example.net,9.16E+11,"518, Swamy Zila
Kadapa-043623",Thanjavur,987744,09-06-2024,Inactive,6,1011.59
10796846,Waida Sanghvi,qbera@example.com,9.13E+11,"H.No. 080
Vala Path, Nizamabad 974676",Tiruvottiyur,379070,10-06-2024,Regular,2,1548.31
6622751,Nachiket Ratti,dyalaahana@example.com,9.11E+11,"481, Jaggi Path
Barasat-074501",Thiruvananthapuram,690638,10-06-2024,Inactive,9,598.89
22210238,Rayaan Krishna,fsuri@example.org,9.11E+11,"585, Mandal Zila, Nandyal 508289",Muzaffarnagar,118790,10-06-2024,New,8,351.08
29038113,Wridesh Vyas,hamsini20@example.net,9.10E+11,"H.No. 190, Gandhi Path
Phusro 927759",Kalyan-Dombivli,119441,10-06-2024,New,18,875.32
211163,Hiral Baral,bhavsaryagnesh@example.com,9.11E+11,"H.No. 11
Sharma Chowk, Jhansi-302598",Satna,50152,10-06-2024,Regular,9,1169.11
15484407,Saksham Kaur,nathmohammed@example.net,9.12E+11,"45, Gera Path, Medininagar-812341",Kakinada,457519,11-06-2024,Premium,18,560.95
98930670,Anjali Raju,wriddhish20@example.com,9.12E+11,"97, Singhal Circle, Howrah-648166",Singrauli,463489,11-06-2024,Regular,6,1092.16
27694927,Vedant Chandra,bhavikadara@example.org,9.10E+11,"H.No. 46
Oak Path, Dewas 419841",Nagpur,711139,11-06-2024,Premium,8,267.32
63060947,Kamala Bobal,canne@example.net,9.18E+11,"613, Saran Road, Alappuzha 680503",Hindupur,56676,11-06-2024,New,18,1884.15
73393269,William Varughese,xsachar@example.org,9.20E+11,"91/001
Naik Circle
Bhopal 342050",Ajmer,857535,11-06-2024,Regular,8,1615.2
61851054,Bhavya Tiwari,aarnav95@example.org,9.18E+11,"H.No. 19
Solanki Street
Kadapa-649070",Tadipatri,380443,11-06-2024,Regular,10,1154.65
22800586,Jacob Lad,ramakrishnanchandresh@example.net,9.17E+11,"09, Varma
Bareilly-794732",Bijapur,339864,12-06-2024,New,10,1332.02
58974323,Reva Bhavsar,chaudharychaitaly@example.com,9.12E+11,"598, Sankar Path, Vijayanagaram 596256",Burhanpur,526621,12-06-2024,New,20,1716.92
26412689,Yadavi Rastogi,hemanimander@example.net,9.16E+11,"H.No. 486, Chaudhary Road
Gangtok-942061",Bahraich,693005,13-06-2024,Regular,1,1700.46
82425179,Gagan Patil,diyalal@example.net,9.10E+11,"83/41
Kota, New Delhi 417281",Kakinada,367377,13-06-2024,Regular,17,1532.5
47043878,Frado Batra,birnicholas@example.net,9.13E+11,"581
Ramakrishnan Path
Naihati-117037",Bilaspur,280957,13-06-2024,Premium,18,1411.67
53025962,Sai Mandal,narangsai@example.org,9.17E+11,"H.No. 575, Borah Marg
Salem-633370",Dibrugarh,95444,13-06-2024,Premium,10,324.92
68906393,Zilmil Ranganathan,mahalabha@example.net,9.17E+11,"76/579
Doctor, Maheshtala 065837",Jalgaon,278297,13-06-2024,Regular,13,1094.35
92455970,Bhavna Chada,rbakshi@example.org,9.12E+11,"06/035
Rama Zila, Tenali 341605",Navi Mumbai,772301,13-06-2024,Inactive,10,1413.21
31384626,Tanay Desai,hayremeera@example.net,9.10E+11,"610
Parikh Nagar
Thiruvananthapuram-208098",Nangloi Jat,65311,13-06-2024,Regular,13,600.95
2667357,Nathan Kaul,godavarenya@example.com,9.11E+11,"81/284
Gopal Chowk, Rajkot-722713",Guntakal,819570,13-06-2024,Premium,6,1516.67
21697638,Hredhaan Bhagat,taraksrinivas@example.net,9.14E+11,"H.No. 774
Rastogi Road, Bhusawal 085217",Sirsa,422943,13-06-2024,New,1,381.19
37556526,Anjali Varkey,triveni48@example.org,9.16E+11,"H.No. 66, D’Alia Zila
Muzaffarpur-364745",Farrukhabad,243420,14-06-2024,Inactive,18,1200.18
23081177,Harinakshi Batta,bhavanibajaj@example.net,9.11E+11,"82/83, Shan Circle
Chittoor-396809",Panchkula,828437,14-06-2024,New,14,969.68
30755306,Divya Kakar,samakshravel@example.org,9.18E+11,"47/88
Dubey Zila
Ambattur-437317",Bhilwara,523338,14-06-2024,Inactive,9,555.67
81088747,Peter Wagle,bhattshravya@example.net,9.15E+11,"623, Dave Chowk
Bettiah 729338",Ujjain,941766,14-06-2024,Regular,3,1238.99
60446619,Yashvi Kar,hsaha@example.com,9.12E+11,"18/11
Balakrishnan Marg
Vellore-979843",Guntakal,797149,15-06-2024,Regular,20,1259.49
48481702,Dayita Kothari,upadhyaylohit@example.org,9.10E+11,"14/904, Bal Path
Jehanabad 025610",Shivpuri,351248,15-06-2024,Regular,4,1209.16
18935489,Krishna Dugal,seshadriekaja@example.net,9.12E+11,"30/94, Bora Road, Pune 320103",Tezpur,781987,15-06-2024,New,8,1957.21
65406127,Anita Ganguly,yutika10@example.org,9.11E+11,"H.No. 749
Pillai Chowk, Nanded-873039",Nangloi Jat,460669,15-06-2024,Premium,20,1391.48
97678578,Jagat Hayre,ymalhotra@example.net,9.17E+11,"95/43, Chahal Path
Mathura 774115",Loni,214414,15-06-2024,Regular,7,1531.63
44269569,Chasmum Natarajan,nisha81@example.org,9.14E+11,"H.No. 852, Comar Chowk, Sangli-Miraj & Kupwad-332124",Agra,129271,16-06-2024,New,18,812.22
25294147,Daksh Guha,rattabalveer@example.com,9.18E+11,"H.No. 55, Mittal Street
Coimbatore-087516",Amritsar,125429,16-06-2024,New,9,1458.87
97388817,Yahvi Bala,vkant@example.org,9.11E+11,"075, Pau Path, Kolkata-515895",Bathinda,522694,16-06-2024,Regular,1,1161.94
4940671,Sarthak Doshi,fariq53@example.org,9.11E+11,"42, Mand Nagar
Kolkata-949731",Silchar,431653,17-06-2024,Inactive,7,494.03
85233498,Arin Chad,banjeetanne@example.org,9.16E+11,"H.No. 28, Agarwal Zila, Karnal-493549",Bijapur,369390,17-06-2024,New,4,1715.9
91853589,Xavier Wali,jatin71@example.net,9.11E+11,"67/39
Yogi Ganj, Loni 127098",Jalna,649749,17-06-2024,New,5,918.69
74682740,Aarush Badami,vradhakrishnan@example.org,9.11E+11,"296, Mann Path, Howrah-899866",Rewa,875966,17-06-2024,Regular,10,1507.28
22077605,Megha Sachar,vedant45@example.com,9.15E+11,"51/302, Buch Chowk
Srinagar-570271",Aligarh,149394,18-06-2024,Inactive,4,825.48
24153726,Azad Sachdev,ugara@example.net,9.17E+11,"68/08
Dube Zila
Ambala-132424",Orai,411944,19-06-2024,Premium,16,546.12
3421258,Ishita Chaudhuri,tara78@example.com,9.16E+11,"17/31, Dora Chowk
Erode-651124",Kota,192064,19-06-2024,Premium,19,806.62
49241309,Pahal Palla,wrideshmannan@example.net,9.19E+11,"87/32, Parekh Nagar, Jaipur-419966",Gurgaon,751303,19-06-2024,Inactive,11,1340.89
45553300,Panini Lall,jtrivedi@example.com,9.19E+11,"615
Mital Street, Morbi-030259",Latur,710487,19-06-2024,Premium,9,1713.65
86839058,Kashvi Sarma,samuel91@example.org,9.11E+11,"H.No. 860, Agate Ganj
Medininagar 205852",Ujjain,72586,19-06-2024,Regular,5,1953.24
64846124,Anusha Sagar,jeremiah29@example.com,9.14E+11,"60/157
Modi Chowk
Lucknow 233763",Bidar,46181,19-06-2024,Inactive,1,997.65
78678612,Kritika Padmanabhan,divyaluthra@example.com,9.20E+11,"H.No. 71
Shroff Nagar, Bellary-820754",Mehsana,505469,20-06-2024,Premium,1,795.06
31084686,Jai Ramaswamy,ylad@example.net,9.14E+11,"60/650, Yogi Road
Baranagar 657937",Aurangabad,587018,20-06-2024,Regular,4,893.55
67340606,Onkar Arya,lekharadhakrishnan@example.org,9.20E+11,"H.No. 08, Goda Street
Madurai 153185",Tirunelveli,991020,20-06-2024,Premium,6,263.58
22102079,Vrinda Lalla,balakrishnanyutika@example.net,9.18E+11,"H.No. 73
Gupta Road, Barasat 506282",Alwar,595920,21-06-2024,Premium,10,615.86
48943848,Tarak Nair,atwalmeghana@example.org,9.14E+11,"145, Apte Street
Orai-869408",Patiala,993533,21-06-2024,Premium,13,245.46
26912171,Jagat Banerjee,sudikshabhatt@example.com,9.10E+11,"66/690
Gala Zila
Motihari 873668",Rampur,426824,21-06-2024,New,2,386.54
31456752,Henry Borah,ramachandrankavya@example.com,9.16E+11,"H.No. 046, Cherian Road, Jamnagar 499840",Thanjavur,988334,21-06-2024,Premium,16,1337.43
48418662,Matthew Joshi,rattanhamsini@example.net,9.20E+11,"H.No. 465, Vala Zila, Indore-145041",Machilipatnam,124809,21-06-2024,Premium,12,1479.93
24896263,Nachiket Prasad,dorafalan@example.net,9.12E+11,"79/84
Randhawa Path
Mehsana 618412",Amroha,948603,21-06-2024,Regular,13,532.9
9195970,Riya Uppal,sunderabhimanyu@example.com,9.17E+11,"85/83, Jaggi Road, Jalandhar 841040",Karawal Nagar,785030,21-06-2024,New,14,517.58
69416782,Gagan Goel,abhalla@example.com,9.14E+11,"60/09
Doshi Ganj
Farrukhabad 134691",Bijapur,48895,21-06-2024,Regular,8,646.2
14519263,Edhitha Sawhney,mohantyhitesh@example.net,9.15E+11,"53/91
Keer Street, Parbhani-126657",Ajmer,270755,21-06-2024,Premium,16,762.06
76857266,Liam Nadig,siddharthissac@example.com,9.14E+11,"H.No. 70
Om Nagar
Mango 097340",Mumbai,3787,22-06-2024,Premium,17,1514.21
83867512,Aarush Samra,rayvasudha@example.org,9.12E+11,"12/95
Bhavsar Circle, Faridabad 252485",Kadapa,693161,22-06-2024,Inactive,18,1476
76917159,Hiral Arya,mason40@example.net,9.19E+11,"53/93, Saran Road, Sambhal 129176",Ludhiana,591173,23-06-2024,Premium,11,1777.83
17521263,Tanvi Patla,kvarughese@example.com,9.13E+11,"H.No. 90
Pant Ganj
Bally 308097",Serampore,580825,23-06-2024,Inactive,19,1990.96
77661491,Jyoti Srinivas,zramesh@example.org,9.15E+11,"236, Parikh Nagar, Rajpur Sonarpur-736094",Hosur,276733,23-06-2024,New,20,1628.56
68857118,Hritik Batta,horajacob@example.org,9.19E+11,"03/83
Sankaran Road, Davanagere-746406",Nanded,149991,23-06-2024,New,4,1596.98
43799224,Vasatika Agate,chandrahemangini@example.net,9.19E+11,"97
Radhakrishnan Chowk, Delhi-697602",Karaikudi,8953,23-06-2024,Regular,9,1566.49
57896058,Samuel Gara,kibechandresh@example.com,9.12E+11,"64/37
Khurana Nagar
Bhiwandi-628111",Begusarai,487693,23-06-2024,Regular,8,982.05
75739462,Vasana Ganesh,xsarma@example.org,9.19E+11,"548
Wali Chowk, Gwalior 656688",Satna,756186,23-06-2024,Premium,2,1474.27
91347159,Turvi Parikh,wdua@example.org,9.14E+11,"215, Loyal Road
Patna-061006",Pallavaram,1281,23-06-2024,Premium,6,887.04
63092485,Jeet Magar,hemanikalla@example.net,9.15E+11,"910, Kunda Chowk
Bathinda 253701",Alappuzha,231756,23-06-2024,Premium,11,1295.42
57392064,Lavanya Jain,deshpandeom@example.com,9.16E+11,"391, Edwin Path, Korba 202726",Udupi,688100,23-06-2024,Regular,4,1540.81
34657654,Vidhi Devi,zaid59@example.com,9.12E+11,"95, Srivastava Road, Rourkela 177189",Ramgarh,189096,24-06-2024,Inactive,18,1243.18
90753712,Amruta Bhatt,hkant@example.net,9.16E+11,"50/595, Mall Nagar
Bhusawal 169200",Dharmavaram,22174,24-06-2024,Regular,4,1408.03
82286908,Oliver Sengupta,wallawriddhish@example.org,9.11E+11,"30/07, Varghese Street, Nadiad-719989",Vasai-Virar,414399,24-06-2024,New,16,713.26
96989204,Nimrat Kalita,yparsa@example.net,9.13E+11,"46/171, Mangat Road
Maheshtala 453232",Deoghar,952634,24-06-2024,Regular,5,1844.33
32564478,Ekbal Dubey,wsrinivasan@example.com,9.11E+11,"H.No. 620
Dube Chowk
Katni-733668",Kishanganj,330178,24-06-2024,Premium,5,211.3
90299101,Kamala Kakar,dattalibni@example.com,9.16E+11,"H.No. 20, Tandon Road
Secunderabad 431984",Akola,567715,24-06-2024,Regular,7,291.45
56195475,Falguni Date,sharmaaradhana@example.com,9.13E+11,"94
Venkataraman Ganj, Patiala-174200",Ahmedabad,31357,25-06-2024,Regular,18,1149.91
899941,Lopa Venkataraman,gavinchoudhary@example.org,9.19E+11,"H.No. 780, Oommen Chowk
Satna 564861",Sambhal,12225,25-06-2024,Premium,18,1202.35
16485871,Chaman Kota,pillaijanaki@example.org,9.11E+11,"90/64
Sibal Chowk, Saharsa-081703",Salem,105468,25-06-2024,Premium,6,1805.76
29941225,Oviya Bhandari,luke76@example.net,9.12E+11,"25, Bava Circle, Rajahmundry-530281",Chapra,556077,25-06-2024,Premium,3,689.11
35812567,Xalak Sood,khuranaurmi@example.com,9.12E+11,"H.No. 444
Varma Marg
Hazaribagh-735198",Bikaner,668122,25-06-2024,Regular,6,1313.89
76020843,Banjeet Behl,nairnihal@example.net,9.16E+11,"H.No. 222, Natt Ganj
Motihari 339268",New Delhi,619007,25-06-2024,Regular,6,784.7
4386273,Jagrati Sengupta,pandeymahika@example.org,9.12E+11,"20, Jayaraman Zila
Khora -207127",Nandyal,494307,26-06-2024,Inactive,12,298.97
96511007,Hema Mannan,minhasria@example.net,9.15E+11,"25/07
Sarraf Ganj
Ajmer-104308",Dindigul,470156,26-06-2024,New,14,1243.4
85763665,Eshana Narula,lekha86@example.net,9.14E+11,"812, Dutta Zila, Hindupur-529803",Sikar,238167,26-06-2024,Premium,13,1062.57
98211325,Tristan Varkey,rrao@example.com,9.18E+11,"H.No. 96
Dewan Circle
Silchar 718127",Bhilai,30634,26-06-2024,Regular,15,1044.86
78053306,Meera Naik,sdeo@example.org,9.15E+11,"96/063
Aggarwal Ganj, Kozhikode 808109",Visakhapatnam,436981,27-06-2024,Inactive,6,1037.09
78439088,Ria Taneja,mbanerjee@example.com,9.16E+11,"68, Verma Zila, Gurgaon 268634",Ballia,527348,27-06-2024,Regular,6,1507.04
90902199,Faras Dua,sairajagopal@example.com,9.11E+11,"72/803, Puri Ganj, Kottayam 970220",Kishanganj,502489,27-06-2024,Regular,17,707.15
55693909,Darsh Pandey,mdugar@example.net,9.20E+11,"32, Lad Street
Tiruvottiyur 643887",Narasaraopet,15855,27-06-2024,Premium,1,1965.46
88775948,Yug Pal,dsankaran@example.com,9.18E+11,"57/17
Chaudry Path
Karawal Nagar 060987",Nagaon,558701,27-06-2024,New,19,227.1
62828341,Darika Deol,xbakshi@example.net,9.17E+11,"716
Borra Chowk, Bokaro 793011",Howrah,460118,27-06-2024,Inactive,20,283.63
40434527,Liam Nigam,advay02@example.net,9.16E+11,"699
Chaudhuri Road, Bhagalpur-271359",Vellore,693390,27-06-2024,Inactive,5,815.01
8138417,Champak Narayan,xnath@example.com,9.18E+11,"292
Basak Street
Kumbakonam-181430",Nangloi Jat,773735,28-06-2024,Premium,7,1446.82
52915166,Harita Gulati,sanaya15@example.net,9.17E+11,"H.No. 019, Parsa Street, Deoghar 818465",Dehri,272048,28-06-2024,Inactive,18,505.66
71189232,Darsh Bedi,agastyabhatia@example.net,9.15E+11,"51/101, Sarna Nagar, Bettiah 417621",New Delhi,116341,28-06-2024,Inactive,14,1754.14
30317733,Janani Sawhney,amritaoommen@example.com,9.13E+11,"H.No. 27, Kara Road, Ranchi-263406",Durgapur,98666,28-06-2024,Inactive,12,569.16
67960179,Nakul Goda,udantgole@example.com,9.10E+11,"H.No. 25
Kala Path
Udaipur 950049",Bidar,366198,28-06-2024,Premium,10,1797.89
80796977,Nicholas Chandra,issacgeorge@example.com,9.12E+11,"62/330, Mammen Marg, Kamarhati-528007",Deoghar,659205,28-06-2024,Premium,7,1170.84
49449238,Omaja Mukhopadhyay,onarayan@example.com,9.16E+11,"96/115
Kadakia Path
Gorakhpur 379524",Dindigul,120070,28-06-2024,Inactive,4,1878.39
12402437,Kamala Rama,raymegha@example.net,9.10E+11,"63
Mallick Chowk
Lucknow 415089",Rajahmundry,126465,29-06-2024,New,14,1580.62
44562310,Harsh Om,vincent86@example.com,9.18E+11,"86/38
Ganesan Zila, Srikakulam 027873",Warangal,439591,29-06-2024,Inactive,3,483.87
11928321,Nikita Palan,hdivan@example.net,9.14E+11,"H.No. 09, Dave Street, Kochi-481440",Maheshtala,554594,30-06-2024,Inactive,17,1770.94
45112520,Anamika Hayre,eeshaganesan@example.net,9.19E+11,"058
Wagle Street, Eluru 310344",Rajahmundry,753100,30-06-2024,Premium,1,499.85
,,,,,,,,,,
,,,,,,,,,,
,,,,,,,,,,
,,,,,,,,,,
,,,,,,,,,,
,,,,,,,,,,
,,,,,,,,,,
,,,,,,,,,,
,,,,,,,,,,
,,,,,,,,,,
,,,,,,,,,,
,,,,,,,,,,
,,,,,,,,,,
,,,,,,,,,,
,,,,,,,,,,
,,,,,,,,,,
,,,,,,,,,,
,,,,,,,,,,
,,,,,,,,,,
,,,,,,,,,,
,,,,,,,,,,
,,,,,,,,,,
,,,,,,,,,,
,,,,,,,,,,
,,,,,,,,,,
,,,,,,,,,,
,,,,,,,,,,
,,,,,,,,,,
,,,,,,,,,,
,,,,,,,,,,
,,,,,,,,,,
,,,,,,,,,,
,,,,,,,,,,
,,,,,,,,,,
,,,,,,,,,,
,,,,,,,,,,
,,,,,,,,,,
,,,,,,,,,,
,,,,,,,,,,
,,,,,,,,,,
,,,,,,,,,,
,,,,,,,,,,
,,,,,,,,,,
,,,,,,,,,,
,,,,,,,,,,
,,,,,,,,,,
,,,,,,,,,,
,,,,,,,,,,
,,,,,,,,,,
,,,,,,,,,,
,,,,,,,,,,
,,,,,,,,,,
,,,,,,,,,,
,,,,,,,,,,
,,,,,,,,,,
,,,,,,,,,,
,,,,,,,,,,
,,,,,,,,,,
,,,,,,,,,,
,,,,,,,,,,
,,,,,,,,,,
,,,,,,,,,,
,,,,,,,,,,
,,,,,,,,,,
,,,,,,,,,,
,,,,,,,,,,
,,,,,,,,,,
,,,,,,,,,,
,,,,,,,,,,
,,,,,,,,,,
,,,,,,,,,,
,,,,,,,,,,
,,,,,,,,,,
,,,,,,,,,,
,,,,,,,,,,
,,,,,,,,,,
,,,,,,,,,,
,,,,,,,,,,
,,,,,,,,,,
,,,,,,,,,,
,,,,,,,,,,
,,,,,,,,,,
,,,,,,,,,,
,,,,,,,,,,
,,,,,,,,,,
,,,,,,,,,,
,,,,,,,,,,
,,,,,,,,,,
,,,,,,,,,,
,,,,,,,,,,
,,,,,,,,,,
,,,,,,,,,,
,,,,,,,,,,
,,,,,,,,,,
,,,,,,,,,,
,,,,,,,,,,
,,,,,,,,,,
,,,,,,,,,,
,,,,,,,,,,
,,,,,,,,,,
,,,,,,,,,,
,,,,,,,,,,
,,,,,,,,,,
,,,,,,,,,,
,,,,,,,,,,
,,,,,,,,,,
,,,,,,,,,,
,,,,,,,,,,
,,,,,,,,,,
,,,,,,,,,,
,,,,,,,,,,
,,,,,,,,,,
,,,,,,,,,,
,,,,,,,,,,
,,,,,,,,,,
,,,,,,,,,,
,,,,,,,,,,
,,,,,,,,,,
,,,,,,,,,,
,,,,,,,,,,
,,,,,,,,,,
,,,,,,,,,,
,,,,,,,,,,
,,,,,,,,,,
,,,,,,,,,,
,,,,,,,,,,
,,,,,,,,,,
,,,,,,,,,,
,,,,,,,,,,
,,,,,,,,,,
,,,,,,,,,,
,,,,,,,,,,
,,,,,,,,,,
,,,,,,,,,,
,,,,,,,,,,
,,,,,,,,,,
,,,,,,,,,,
,,,,,,,,,,
,,,,,,,,,,
,,,,,,,,,,
,,,,,,,,,,
,,,,,,,,,,
,,,,,,,,,,
,,,,,,,,,,
,,,,,,,,,,
,,,,,,,,,,
,,,,,,,,,,
,,,,,,,,,,
,,,,,,,,,,
,,,,,,,,,,
,,,,,,,,,,
,,,,,,,,,,
,,,,,,,,,,
,,,,,,,,,,
,,,,,,,,,,
,,,,,,,,,,
,,,,,,,,,,
,,,,,,,,,,
,,,,,,,,,,
,,,,,,,,,,
,,,,,,,,,,
,,,,,,,,,,
,,,,,,,,,,
,,,,,,,,,,
,,,,,,,,,,
,,,,,,,,,,
,,,,,,,,,,
,,,,,,,,,,
,,,,,,,,,,
,,,,,,,,,,
,,,,,,,,,,
,,,,,,,,,,
,,,,,,,,,,
,,,,,,,,,,
,,,,,,,,,,
,,,,,,,,,,
,,,,,,,,,,
,,,,,,,,,,
,,,,,,,,,,
,,,,,,,,,,
,,,,,,,,,,
,,,,,,,,,,
,,,,,,,,,,
,,,,,,,,,,
,,,,,,,,,,
,,,,,,,,,,
,,,,,,,,,,
,,,,,,,,,,
,,,,,,,,,,
,,,,,,,,,,
,,,,,,,,,,
,,,,,,,,,,
,,,,,,,,,,
,,,,,,,,,,
,,,,,,,,,,
,,,,,,,,,,
,,,,,,,,,,
,,,,,,,,,,
,,,,,,,,,,
,,,,,,,,,,
,,,,,,,,,,
,,,,,,,,,,
,,,,,,,,,,
,,,,,,,,,,
,,,,,,,,,,
,,,,,,,,,,
,,,,,,,,,,
,,,,,,,,,,
,,,,,,,,,,
,,,,,,,,,,
,,,,,,,,,,
,,,,,,,,,,
,,,,,,,,,,
,,,,,,,,,,
,,,,,,,,,,
,,,,,,,,,,
,,,,,,,,,,
,,,,,,,,,,
,,,,,,,,,,
,,,,,,,,,,
,,,,,,,,,,
,,,,,,,,,,
,,,,,,,,,,
,,,,,,,,,,
,,,,,,,,,,
,,,,,,,,,,
,,,,,,,,,,
,,,,,,,,,,
,,,,,,,,,,
,,,,,,,,,,
,,,,,,,,,,
,,,,,,,,,,
,,,,,,,,,,
,,,,,,,,,,
,,,,,,,,,,
,,,,,,,,,,
,,,,,,,,,,
,,,,,,,,,,
,,,,,,,,,,
,,,,,,,,,,
,,,,,,,,,,
,,,,,,,,,,
,,,,,,,,,,
,,,,,,,,,,
,,,,,,,,,,
,,,,,,,,,,
,,,,,,,,,,
,,,,,,,,,,
,,,,,,,,,,
,,,,,,,,,,
,,,,,,,,,,
,,,,,,,,,,
,,,,,,,,,,
,,,,,,,,,,
,,,,,,,,,,
,,,,,,,,,,
,,,,,,,,,,
,,,,,,,,,,
,,,,,,,,,,
,,,,,,,,,,
,,,,,,,,,,
,,,,,,,,,,
,,,,,,,,,,
,,,,,,,,,,
,,,,,,,,,,
,,,,,,,,,,
,,,,,,,,,,
,,,,,,,,,,
,,,,,,,,,,
,,,,,,,,,,
,,,,,,,,,,
,,,,,,,,,,
,,,,,,,,,,
,,,,,,,,,,
,,,,,,,,,,
,,,,,,,,,,
,,,,,,,,,,
,,,,,,,,,,
,,,,,,,,,,
,,,,,,,,,,
,,,,,,,,,,
,,,,,,,,,,
,,,,,,,,,,
,,,,,,,,,,
,,,,,,,,,,
,,,,,,,,,,
,,,,,,,,,,
,,,,,,,,,,
,,,,,,,,,,
,,,,,,,,,,
,,,,,,,,,,
,,,,,,,,,,
,,,,,,,,,,
,,,,,,,,,,
,,,,,,,,,,
,,,,,,,,,,
,,,,,,,,,,
,,,,,,,,,,
,,,,,,,,,,
,,,,,,,,,,
,,,,,,,,,,
,,,,,,,,,,
,,,,,,,,,,
,,,,,,,,,,
,,,,,,,,,,
,,,,,,,,,,
,,,,,,,,,,
,,,,,,,,,,
,,,,,,,,,,
,,,,,,,,,,
,,,,,,,,,,
,,,,,,,,,,
,,,,,,,,,,
,,,,,,,,,,
,,,,,,,,,,
,,,,,,,,,,
,,,,,,,,,,
,,,,,,,,,,
,,,,,,,,,,
,,,,,,,,,,
,,,,,,,,,,
,,,,,,,,,,
,,,,,,,,,,
,,,,,,,,,,
,,,,,,,,,,
,,,,,,,,,,
,,,,,,,,,,
,,,,,,,,,,
,,,,,,,,,,
,,,,,,,,,,
,,,,,,,,,,
,,,,,,,,,,
,,,,,,,,,,
,,,,,,,,,,
,,,,,,,,,,
,,,,,,,,,,
,,,,,,,,,,
,,,,,,,,,,
,,,,,,,,,,
,,,,,,,,,,
,,,,,,,,,,
,,,,,,,,,,
,,,,,,,,,,
,,,,,,,,,,
,,,,,,,,,,
,,,,,,,,,,
,,,,,,,,,,
,,,,,,,,,,
,,,,,,,,,,
,,,,,,,,,,
,,,,,,,,,,
,,,,,,,,,,
,,,,,,,,,,
,,,,,,,,,,
,,,,,,,,,,
,,,,,,,,,,
,,,,,,,,,,
,,,,,,,,,,
,,,,,,,,,,
,,,,,,,,,,
,,,,,,,,,,
,,,,,,,,,,
,,,,,,,,,,
,,,,,,,,,,
,,,,,,,,,,
,,,,,,,,,,
,,,,,,,,,,
,,,,,,,,,,
,,,,,,,,,,
,,,,,,,,,,
,,,,,,,,,,
,,,,,,,,,,
,,,,,,,,,,
,,,,,,,,,,
,,,,,,,,,,
,,,,,,,,,,
,,,,,,,,,,
,,,,,,,,,,
,,,,,,,,,,
,,,,,,,,,,
,,,,,,,,,,
,,,,,,,,,,
,,,,,,,,,,
,,,,,,,,,,
,,,,,,,,,,
,,,,,,,,,,
,,,,,,,,,,
,,,,,,,,,,
,,,,,,,,,,
,,,,,,,,,,
,,,,,,,,,,
,,,,,,,,,,
,,,,,,,,,,
,,,,,,,,,,
,,,,,,,,,,
,,,,,,,,,,
,,,,,,,,,,
,,,,,,,,,,
,,,,,,,,,,
,,,,,,,,,,
,,,,,,,,,,
,,,,,,,,,,
,,,,,,,,,,
,,,,,,,,,,
,,,,,,,,,,
,,,,,,,,,,
,,,,,,,,,,
,,,,,,,,,,
,,,,,,,,,,
,,,,,,,,,,
,,,,,,,,,,
,,,,,,,,,,
,,,,,,,,,,
,,,,,,,,,,
,,,,,,,,,,
,,,,,,,,,,
,,,,,,,,,,
,,,,,,,,,,
,,,,,,,,,,
,,,,,,,,,,
,,,,,,,,,,
,,,,,,,,,,
,,,,,,,,,,
,,,,,,,,,,
,,,,,,,,,,
,,,,,,,,,,
,,,,,,,,,,
,,,,,,,,,,
,,,,,,,,,,
,,,,,,,,,,
,,,,,,,,,,
,,,,,,,,,,
,,,,,,,,,,
,,,,,,,,,,
,,,,,,,,,,
,,,,,,,,,,
,,,,,,,,,,
,,,,,,,,,,
,,,,,,,,,,
,,,,,,,,,,
,,,,,,,,,,
,,,,,,,,,,
,,,,,,,,,,
,,,,,,,,,,
,,,,,,,,,,
,,,,,,,,,,
,,,,,,,,,,
,,,,,,,,,,
,,,,,,,,,,
,,,,,,,,,,
,,,,,,,,,,
,,,,,,,,,,
,,,,,,,,,,
,,,,,,,,,,
,,,,,,,,,,
,,,,,,,,,,
,,,,,,,,,,
,,,,,,,,,,
,,,,,,,,,,
,,,,,,,,,,
,,,,,,,,,,
,,,,,,,,,,
,,,,,,,,,,
,,,,,,,,,,
,,,,,,,,,,
,,,,,,,,,,
,,,,,,,,,,
,,,,,,,,,,
,,,,,,,,,,
,,,,,,,,,,
,,,,,,,,,,
,,,,,,,,,,
,,,,,,,,,,
,,,,,,,,,,
,,,,,,,,,,
,,,,,,,,,,
,,,,,,,,,,
,,,,,,,,,,
,,,,,,,,,,
,,,,,,,,,,
,,,,,,,,,,
,,,,,,,,,,
,,,,,,,,,,
,,,,,,,,,,
,,,,,,,,,,
,,,,,,,,,,
,,,,,,,,,,
,,,,,,,,,,
,,,,,,,,,,
,,,,,,,,,,
,,,,,,,,,,
,,,,,,,,,,
,,,,,,,,,,
,,,,,,,,,,
,,,,,,,,,,
,,,,,,,,,,
,,,,,,,,,,
,,,,,,,,,,
,,,,,,,,,,
,,,,,,,,,,
,,,,,,,,,,
,,,,,,,,,,
,,,,,,,,,,
,,,,,,,,,,
,,,,,,,,,,
,,,,,,,,,,
,,,,,,,,,,
,,,,,,,,,,
,,,,,,,,,,
,,,,,,,,,,
,,,,,,,,,,
,,,,,,,,,,
,,,,,,,,,,
,,,,,,,,,,
,,,,,,,,,,
,,,,,,,,,,
,,,,,,,,,,
,,,,,,,,,,
,,,,,,,,,,
,,,,,,,,,,
,,,,,,,,,,
,,,,,,,,,,
,,,,,,,,,,
,,,,,,,,,,
,,,,,,,,,,
,,,,,,,,,,
,,,,,,,,,,
,,,,,,,,,,
,,,,,,,,,,
,,,,,,,,,,
,,,,,,,,,,
,,,,,,,,,,
,,,,,,,,,,
,,,,,,,,,,
,,,,,,,,,,
