feedback_id,order_id,customer_id,rating,feedback_text,feedback_category,sentiment,feedback_date
5234515,9290203003,21573815,3,"Average experience, could improve.",Delivery,Neutral,01-04-2024
3045217,6229535077,77869660,2,Not worth the price I paid.,Customer Service,Negative,01-04-2024
8890516,1934158144,65134271,3,"Delivery was fine, but the product could be better.",Product Quality,Neutral,02-04-2024
761648,1557893814,75244116,2,Product was damaged during delivery.,Delivery,Negative,02-04-2024
9845439,4105779656,58644651,3,"Nothing to complain about, but nothing exceptional.",Product Quality,Neutral,02-04-2024
4096289,6968636396,38902193,3,Items were missing from my order.,Customer Service,Negative,02-04-2024
2756848,8602707005,77673290,4,The product met my expectations.,Product Quality,Neutral,02-04-2024
7614687,3597752998,37759707,1,I had a bad experience.,Delivery,Negative,03-04-2024
4253376,6983253839,62629494,4,Items were in perfect condition.,App Experience,Positive,03-04-2024
6417467,7479207574,64846124,5,Items were in perfect condition.,Customer Service,Positive,03-04-2024
5129748,1330806043,29415527,5,Very fresh and well-packaged.,Customer Service,Positive,03-04-2024
8726995,6947225582,89051578,4,Items were in perfect condition.,Customer Service,Positive,03-04-2024
4200126,3276478503,10048910,4,"Average experience, could improve.",App Experience,Neutral,03-04-2024
8208481,3583323379,10418604,1,Taste was not as expected.,Customer Service,Negative,03-04-2024
5980183,4080156881,97770901,2,Product was damaged during delivery.,Delivery,Negative,03-04-2024
4829327,4665187954,97739583,4,"It was okay, nothing special.",Product Quality,Neutral,03-04-2024
5641165,5438908316,59815512,5,Good selection of products.,App Experience,Positive,03-04-2024
3295542,2694800415,36675827,1,Items were missing from my order.,Delivery,Negative,04-04-2024
2285851,8337736091,66768157,3,"Average experience, could improve.",Delivery,Neutral,04-04-2024
6397248,4481256065,66499992,3,I had a bad experience.,App Experience,Negative,04-04-2024
3341226,3610035622,20956158,1,The packaging was poor.,App Experience,Negative,04-04-2024
1418143,9516720368,97466783,5,Great prices and fast delivery!,App Experience,Positive,04-04-2024
7092340,5108704843,10951674,2,The order was incorrect.,Delivery,Negative,04-04-2024
8042237,3057907418,81757554,1,Items were missing from my order.,Product Quality,Negative,04-04-2024
2137807,3436107152,64141971,2,Taste was not as expected.,Customer Service,Negative,04-04-2024
9149526,3584794157,96253172,3,The order was incorrect.,Product Quality,Negative,04-04-2024
3919018,8178275820,55060796,4,"Nothing to complain about, but nothing exceptional.",Delivery,Neutral,05-04-2024
3594486,3414036630,32809328,4,The product met my expectations.,Product Quality,Neutral,05-04-2024
3435466,673592541,75213636,3,The packaging was poor.,Delivery,Negative,05-04-2024
7222962,4541530278,59517074,4,Will definitely order again.,Delivery,Positive,05-04-2024
1410361,4538825340,45700739,4,"Average experience, could improve.",Delivery,Neutral,05-04-2024
656526,2319044818,82425179,5,"Excellent quality, will buy again!",Delivery,Positive,06-04-2024
5794134,2249567137,20298398,2,Customer service was not helpful.,Customer Service,Negative,06-04-2024
4996036,39791095,625395,4,"It was okay, nothing special.",Delivery,Neutral,06-04-2024
8325609,3864051985,31776996,3,The product met my expectations.,Product Quality,Neutral,06-04-2024
9598125,6159164139,35690581,1,The packaging was poor.,Delivery,Negative,06-04-2024
7156102,577600718,72857290,4,Very fresh and well-packaged.,Customer Service,Positive,06-04-2024
1966186,943278538,22227829,3,"Delivery was fine, but the product could be better.",Product Quality,Neutral,06-04-2024
8680329,6023721507,8791577,4,"Nothing to complain about, but nothing exceptional.",Customer Service,Neutral,07-04-2024
3525651,8852367079,22694456,3,The product met my expectations.,Customer Service,Neutral,07-04-2024
2137564,7311621328,30891209,5,"Excellent quality, will buy again!",Product Quality,Positive,07-04-2024
918353,9802569856,33741801,4,The product met my expectations.,Delivery,Neutral,07-04-2024
3219602,576022547,31681710,4,Items were in perfect condition.,Product Quality,Positive,07-04-2024
337769,9611327860,6335221,1,The order was incorrect.,Product Quality,Negative,07-04-2024
7964081,1571085226,78961097,3,Delivery was late and I was unhappy.,Delivery,Negative,07-04-2024
3769570,2819297954,5540556,5,"Excellent quality, will buy again!",App Experience,Positive,07-04-2024
8049438,891583492,13651980,4,"Excellent quality, will buy again!",Customer Service,Positive,07-04-2024
3051987,4466643926,82989313,4,The product met my expectations.,Product Quality,Neutral,08-04-2024
8788075,9097056321,16424635,5,Very fresh and well-packaged.,Product Quality,Positive,08-04-2024
5998210,8924056486,74172010,3,"Delivery was fine, but the product could be better.",Customer Service,Neutral,08-04-2024
711431,9960808976,78748184,4,"Overall good experience, thank you!",App Experience,Positive,08-04-2024
659804,4380367305,8955057,4,"It was okay, nothing special.",App Experience,Neutral,08-04-2024
9491660,2818967815,74212242,4,"It was okay, nothing special.",Delivery,Neutral,08-04-2024
8026322,1388300707,84824280,3,"It was okay, nothing special.",Customer Service,Neutral,08-04-2024
1423073,9736844695,31978160,5,Will definitely order again.,Delivery,Positive,09-04-2024
4065348,883309006,71229024,4,"It was okay, nothing special.",App Experience,Neutral,09-04-2024
1500768,8091385479,16082651,5,Very happy with the service!,Customer Service,Positive,09-04-2024
5644836,9640662474,74761384,4,"Nothing to complain about, but nothing exceptional.",Delivery,Neutral,09-04-2024
3026456,2356272189,42432226,4,Items were in perfect condition.,Delivery,Positive,09-04-2024
5475798,16878685,37556526,4,Very fresh and well-packaged.,App Experience,Positive,09-04-2024
1175026,7102272749,10508763,1,Items were missing from my order.,Product Quality,Negative,09-04-2024
4706710,7884745950,13585482,3,Items were missing from my order.,App Experience,Negative,09-04-2024
9869403,2247940574,11202130,3,"Average experience, could improve.",Delivery,Neutral,09-04-2024
9432013,5053033745,66485571,5,"Excellent quality, will buy again!",Product Quality,Positive,09-04-2024
8458237,2948696008,51872499,2,Customer service was not helpful.,Customer Service,Negative,10-04-2024
2440501,2551179741,18791381,2,Items were missing from my order.,Customer Service,Negative,10-04-2024
998290,6497069610,52672659,3,The product met my expectations.,Delivery,Neutral,10-04-2024
7875906,1086881691,77035814,4,"Nothing to complain about, but nothing exceptional.",Delivery,Neutral,10-04-2024
7220721,6766424456,21866852,4,"Delivery was fine, but the product could be better.",App Experience,Neutral,10-04-2024
5169641,9102202025,98896871,4,Items were in perfect condition.,Product Quality,Positive,10-04-2024
7746441,5132792285,19080489,4,The product met my expectations.,App Experience,Neutral,10-04-2024
2683251,1821573240,32019725,4,"Average experience, could improve.",App Experience,Neutral,10-04-2024
6108696,4099108156,24144240,5,Highly recommended!,Delivery,Positive,10-04-2024
3262226,6801124715,26912171,3,"Nothing to complain about, but nothing exceptional.",Product Quality,Neutral,10-04-2024
1618838,5874940276,38875754,3,Product was damaged during delivery.,Product Quality,Negative,11-04-2024
4049457,238484255,73869823,2,Product was damaged during delivery.,App Experience,Negative,11-04-2024
7209678,5222812863,65294340,4,"Average experience, could improve.",Product Quality,Neutral,11-04-2024
1224951,6564176767,28221067,3,"Average experience, could improve.",Product Quality,Neutral,11-04-2024
5237621,4359807852,81136091,3,"Nothing to complain about, but nothing exceptional.",Delivery,Neutral,11-04-2024
5502049,5519983123,78678612,1,The packaging was poor.,Product Quality,Negative,11-04-2024
5748221,8801161214,9107360,4,"Average experience, could improve.",Product Quality,Neutral,11-04-2024
6798988,274863669,39140039,4,"Delivery was fine, but the product could be better.",Customer Service,Neutral,11-04-2024
8770972,2161235338,38902882,5,Good selection of products.,App Experience,Positive,12-04-2024
8008163,9318325652,89986926,3,"Average experience, could improve.",Customer Service,Neutral,12-04-2024
1187780,7894708851,78678612,3,The product met my expectations.,Product Quality,Neutral,12-04-2024
9178763,1509646137,31456752,4,"Average experience, could improve.",App Experience,Neutral,12-04-2024
5711326,5927852227,37556526,3,"Delivery was fine, but the product could be better.",Product Quality,Neutral,12-04-2024
4192455,8159868515,2558646,3,Items were missing from my order.,App Experience,Negative,12-04-2024
8054142,4048252396,75213636,5,"Excellent quality, will buy again!",Customer Service,Positive,12-04-2024
4500794,7487631571,77397957,4,"Nothing to complain about, but nothing exceptional.",Customer Service,Neutral,12-04-2024
7825181,4795344310,91562028,5,Great prices and fast delivery!,App Experience,Positive,12-04-2024
7458232,5626888972,24323106,4,Will definitely order again.,App Experience,Positive,13-04-2024
8155170,8623808984,37551429,3,"Nothing to complain about, but nothing exceptional.",Product Quality,Neutral,13-04-2024
4804085,3411233779,79991320,4,Items were in perfect condition.,App Experience,Positive,13-04-2024
4172409,7039570964,68941950,5,Highly recommended!,Customer Service,Positive,13-04-2024
992859,6141016209,20469626,3,The product met my expectations.,Customer Service,Neutral,13-04-2024
3899333,8521887524,5961261,2,Very disappointed with the quality.,Customer Service,Negative,13-04-2024
5097936,9015471552,23081177,2,Very disappointed with the quality.,App Experience,Negative,13-04-2024
1325935,9043955242,92123198,5,"Overall good experience, thank you!",App Experience,Positive,13-04-2024
5626572,5793453795,70543108,3,The product met my expectations.,App Experience,Neutral,13-04-2024
1731482,8781520615,85519349,4,The product met my expectations.,Delivery,Neutral,14-04-2024
6344921,2996133401,83964902,4,"It was okay, nothing special.",Customer Service,Neutral,14-04-2024
4357427,8357671697,97388817,3,Taste was not as expected.,Customer Service,Negative,14-04-2024
4238083,7158825499,63571453,4,"Overall good experience, thank you!",Product Quality,Positive,14-04-2024
4709509,5581769906,41164215,4,"It was okay, nothing special.",Product Quality,Neutral,14-04-2024
4112206,8561203503,6390687,4,Will definitely order again.,Customer Service,Positive,14-04-2024
8178959,7971819985,48511124,5,Good selection of products.,Customer Service,Positive,15-04-2024
6704730,5278014717,31776996,5,Highly recommended!,Product Quality,Positive,15-04-2024
6467390,5813507399,76019750,4,Good selection of products.,App Experience,Positive,15-04-2024
4285730,4160230443,87889031,4,"Average experience, could improve.",Product Quality,Neutral,15-04-2024
6555494,7536187765,19091057,4,"Delivery was fine, but the product could be better.",Product Quality,Neutral,15-04-2024
9104541,7188270379,86487478,3,Items were missing from my order.,Customer Service,Negative,15-04-2024
6386579,1348544692,72489544,5,Very fresh and well-packaged.,App Experience,Positive,15-04-2024
6177173,8140652447,11705793,1,Taste was not as expected.,Delivery,Negative,15-04-2024
9266040,3024045336,54877984,4,"Average experience, could improve.",Customer Service,Neutral,15-04-2024
5228421,4285784267,82169898,5,Highly recommended!,App Experience,Positive,15-04-2024
6833413,1721655048,79742293,3,"Delivery was fine, but the product could be better.",App Experience,Neutral,15-04-2024
263631,9448306266,74038361,1,The packaging was poor.,App Experience,Negative,16-04-2024
1695867,5386652055,71252391,5,Good selection of products.,Delivery,Positive,16-04-2024
686445,5798831066,42102289,4,"It was okay, nothing special.",Customer Service,Neutral,16-04-2024
3490538,665402174,51557673,3,"Average experience, could improve.",Delivery,Neutral,16-04-2024
517627,1443292147,8395610,4,Will definitely order again.,App Experience,Positive,16-04-2024
5734305,3620570172,25829710,4,The product met my expectations.,Customer Service,Neutral,16-04-2024
5492345,1271431612,18082040,1,Not worth the price I paid.,App Experience,Negative,16-04-2024
3562195,2574349065,51547198,4,"Nothing to complain about, but nothing exceptional.",Customer Service,Neutral,17-04-2024
3232027,6767935470,70372270,3,The order was incorrect.,App Experience,Negative,17-04-2024
3630731,8320461939,83298567,4,"Average experience, could improve.",App Experience,Neutral,17-04-2024
473283,2297027645,36578947,3,Not worth the price I paid.,App Experience,Negative,17-04-2024
3025053,4115558056,98088303,4,The product met my expectations.,App Experience,Neutral,17-04-2024
6204691,7683077217,22047134,1,Very disappointed with the quality.,App Experience,Negative,17-04-2024
5396526,354149805,41164215,3,Very disappointed with the quality.,App Experience,Negative,17-04-2024
6541743,6896732047,62068277,4,"Nothing to complain about, but nothing exceptional.",Delivery,Neutral,18-04-2024
662031,7178188501,3786105,3,Not worth the price I paid.,App Experience,Negative,18-04-2024
2238576,5289436093,98211325,5,"Excellent quality, will buy again!",Delivery,Positive,18-04-2024
2894327,227162938,28111842,4,"It was okay, nothing special.",Customer Service,Neutral,18-04-2024
7763140,5327013494,89418072,5,Items were in perfect condition.,Product Quality,Positive,18-04-2024
9295609,604050223,29689766,5,"Excellent quality, will buy again!",App Experience,Positive,18-04-2024
5815158,7624598493,69516494,2,I had a bad experience.,Customer Service,Negative,18-04-2024
7514619,3209732414,87335844,3,The product met my expectations.,Customer Service,Neutral,18-04-2024
694806,8008880980,57505804,5,Great prices and fast delivery!,Customer Service,Positive,18-04-2024
4314327,3239613823,966247,2,The packaging was poor.,Customer Service,Negative,18-04-2024
8588485,5059907679,65963876,5,"Excellent quality, will buy again!",Product Quality,Positive,18-04-2024
7675201,2624138741,31718565,4,"Delivery was fine, but the product could be better.",Product Quality,Neutral,18-04-2024
8623710,372962997,43799224,4,Customer service was very helpful.,Product Quality,Positive,18-04-2024
7789018,1860491452,99893898,5,Great prices and fast delivery!,App Experience,Positive,18-04-2024
1886083,6688079478,57392064,1,The packaging was poor.,Product Quality,Negative,18-04-2024
1117265,4054936140,28286754,2,The packaging was poor.,Product Quality,Negative,19-04-2024
6325282,2864819888,9419030,2,Items were missing from my order.,Delivery,Negative,19-04-2024
8740185,2892588628,54797119,4,Good selection of products.,Delivery,Positive,19-04-2024
9615396,424087401,90753712,1,I had a bad experience.,Delivery,Negative,19-04-2024
5368561,4044591373,65782437,4,"It was okay, nothing special.",Product Quality,Neutral,19-04-2024
7581449,655792395,11254582,4,Good selection of products.,Customer Service,Positive,19-04-2024
3048275,4528445001,20163931,4,"It was okay, nothing special.",App Experience,Neutral,19-04-2024
6802786,3961971562,89811984,4,"Delivery was fine, but the product could be better.",Product Quality,Neutral,19-04-2024
1724433,5744553133,60495351,4,The product met my expectations.,Customer Service,Neutral,19-04-2024
1727402,3262295808,15487049,2,Taste was not as expected.,Product Quality,Negative,19-04-2024
116114,231328814,25287111,4,The product met my expectations.,App Experience,Neutral,19-04-2024
4783620,3460208027,78725001,1,Taste was not as expected.,Delivery,Negative,19-04-2024
9132205,6538760883,119099,3,The order was incorrect.,App Experience,Negative,19-04-2024
8896295,9077946933,81808190,1,Very disappointed with the quality.,Customer Service,Negative,19-04-2024
330848,6074837981,61015113,5,Items were in perfect condition.,Customer Service,Positive,20-04-2024
3428194,5951090793,27878182,1,The order was incorrect.,App Experience,Negative,20-04-2024
4877018,8485398781,40593638,3,"It was okay, nothing special.",App Experience,Neutral,20-04-2024
9676654,8875274470,57102800,5,Great prices and fast delivery!,Product Quality,Positive,20-04-2024
187542,8941550852,54145987,4,Will definitely order again.,Delivery,Positive,20-04-2024
6348419,9685973820,34281470,4,"Delivery was fine, but the product could be better.",Product Quality,Neutral,20-04-2024
2904387,6659686612,90919603,3,"Nothing to complain about, but nothing exceptional.",Customer Service,Neutral,20-04-2024
7563634,6126557370,61982521,3,The packaging was poor.,Product Quality,Negative,20-04-2024
7421626,4486349175,45481936,4,"Delivery was fine, but the product could be better.",Customer Service,Neutral,20-04-2024
7165598,4254814926,59890331,3,The packaging was poor.,App Experience,Negative,21-04-2024
7342761,8252905093,42589311,5,Great prices and fast delivery!,Customer Service,Positive,21-04-2024
9045201,1486655525,74572121,1,The packaging was poor.,Delivery,Negative,21-04-2024
316860,9997121955,46623192,5,"Excellent quality, will buy again!",App Experience,Positive,21-04-2024
5570618,71793937,13189939,5,Customer service was very helpful.,Product Quality,Positive,21-04-2024
7892860,951657166,63624332,1,Not worth the price I paid.,Delivery,Negative,21-04-2024
3225831,1022764286,62243869,3,"Average experience, could improve.",Delivery,Neutral,21-04-2024
5532216,8388644219,4444673,4,Very fresh and well-packaged.,Delivery,Positive,21-04-2024
4844693,1398230967,46876240,1,The packaging was poor.,App Experience,Negative,22-04-2024
6630006,8168261752,65903057,4,Customer service was very helpful.,App Experience,Positive,22-04-2024
7873851,9421270813,26844216,3,Items were missing from my order.,Product Quality,Negative,22-04-2024
8754801,848332407,376144,4,"Average experience, could improve.",Delivery,Neutral,22-04-2024
1757691,2984879441,16379942,3,"Delivery was fine, but the product could be better.",Product Quality,Neutral,22-04-2024
3097656,7429306851,62541176,4,"Nothing to complain about, but nothing exceptional.",Customer Service,Neutral,22-04-2024
2505564,4192669219,44589829,3,"Nothing to complain about, but nothing exceptional.",Delivery,Neutral,22-04-2024
7781934,9439713009,4439806,4,Good selection of products.,App Experience,Positive,22-04-2024
9049814,5075205264,51034600,1,Product was damaged during delivery.,Product Quality,Negative,22-04-2024
6585928,1402916311,14275043,5,Good selection of products.,Customer Service,Positive,23-04-2024
9843205,4461788759,79895967,5,Will definitely order again.,Customer Service,Positive,23-04-2024
2818195,9074325310,35435896,2,Very disappointed with the quality.,Customer Service,Negative,23-04-2024
8397738,4867298468,13492411,3,Taste was not as expected.,App Experience,Negative,23-04-2024
7488100,6257851675,65488134,4,Very happy with the service!,Delivery,Positive,23-04-2024
7296724,979766779,57081917,1,Items were missing from my order.,Product Quality,Negative,23-04-2024
893849,3855709201,13651980,4,Customer service was very helpful.,Product Quality,Positive,23-04-2024
559101,5307231496,14330483,4,"Delivery was fine, but the product could be better.",Customer Service,Neutral,23-04-2024
7932307,394951937,65406127,4,Highly recommended!,App Experience,Positive,24-04-2024
4248541,9650124390,46717997,4,"Nothing to complain about, but nothing exceptional.",Customer Service,Neutral,24-04-2024
1942072,4092653338,13604883,1,Delivery was late and I was unhappy.,Customer Service,Negative,24-04-2024
1302585,3592747590,12755730,2,I had a bad experience.,Customer Service,Negative,24-04-2024
8133334,3612128358,8513589,3,The packaging was poor.,App Experience,Negative,24-04-2024
7393708,690652905,75289676,5,Will definitely order again.,Product Quality,Positive,24-04-2024
753793,1297253359,77811864,4,Customer service was very helpful.,App Experience,Positive,24-04-2024
8823012,7378521428,10857389,2,Taste was not as expected.,App Experience,Negative,24-04-2024
6262953,9307961643,82322028,3,The order was incorrect.,Delivery,Negative,24-04-2024
6204921,3554645781,26227445,3,"Average experience, could improve.",Customer Service,Neutral,25-04-2024
7984701,4521042050,99734256,5,Very happy with the service!,App Experience,Positive,25-04-2024
4833861,4415332793,7333934,1,Product was damaged during delivery.,Product Quality,Negative,25-04-2024
3857057,243077069,46623192,3,The packaging was poor.,Delivery,Negative,25-04-2024
9831534,2858966982,77214094,3,I had a bad experience.,App Experience,Negative,25-04-2024
6852937,2185375786,46313756,4,Customer service was very helpful.,Delivery,Positive,25-04-2024
9407783,1458051433,50760752,4,The product met my expectations.,App Experience,Neutral,26-04-2024
4015052,1461604569,25713335,2,I had a bad experience.,Customer Service,Negative,26-04-2024
9534772,7702588270,55094848,4,Will definitely order again.,Customer Service,Positive,26-04-2024
193776,2611271708,11446157,3,Items were missing from my order.,Delivery,Negative,26-04-2024
5788491,1241631129,3897936,4,Good selection of products.,Customer Service,Positive,26-04-2024
5969571,439562091,36400756,3,"Nothing to complain about, but nothing exceptional.",Delivery,Neutral,26-04-2024
3371369,8572946020,41168392,3,Items were missing from my order.,Customer Service,Negative,26-04-2024
8943085,9801174908,54347213,3,"Delivery was fine, but the product could be better.",Product Quality,Neutral,27-04-2024
2944984,1416102774,92245432,5,"Excellent quality, will buy again!",Customer Service,Positive,27-04-2024
733011,8655600303,12867472,3,"Nothing to complain about, but nothing exceptional.",App Experience,Neutral,27-04-2024
2664164,7848556658,97191387,2,The order was incorrect.,Customer Service,Negative,27-04-2024
4749424,6884010758,22210238,4,Items were in perfect condition.,Product Quality,Positive,27-04-2024
1277801,7423918026,84448310,4,"Nothing to complain about, but nothing exceptional.",Delivery,Neutral,27-04-2024
6372332,2845333894,4192351,4,"Nothing to complain about, but nothing exceptional.",Product Quality,Neutral,28-04-2024
8894946,5073549838,75082508,4,"Average experience, could improve.",Product Quality,Neutral,28-04-2024
8273824,1577703194,25641500,1,Not worth the price I paid.,Delivery,Negative,28-04-2024
6397203,2503209946,26844216,1,Very disappointed with the quality.,Customer Service,Negative,28-04-2024
3199955,9296381620,50630016,3,"Nothing to complain about, but nothing exceptional.",Customer Service,Neutral,28-04-2024
6424645,5387247994,19182548,1,The packaging was poor.,Product Quality,Negative,28-04-2024
3708986,3136056666,57770044,3,Very disappointed with the quality.,Customer Service,Negative,29-04-2024
9017576,8946821991,31582950,3,"Nothing to complain about, but nothing exceptional.",App Experience,Neutral,29-04-2024
6852774,4852718488,71902700,5,Will definitely order again.,Product Quality,Positive,29-04-2024
1076549,9150146711,54923640,5,Will definitely order again.,Product Quality,Positive,29-04-2024
2675938,6808771388,88739922,3,Not worth the price I paid.,Customer Service,Negative,29-04-2024
4994356,7071557807,19375332,1,Taste was not as expected.,Product Quality,Negative,29-04-2024
8267419,2889700050,84848018,4,"Average experience, could improve.",Delivery,Neutral,30-04-2024
9824318,8187201830,82529927,4,"Overall good experience, thank you!",Product Quality,Positive,30-04-2024
7512998,1440606577,76917159,2,I had a bad experience.,Delivery,Negative,30-04-2024
6647320,4052544342,58214883,4,"Excellent quality, will buy again!",Product Quality,Positive,30-04-2024
1426176,528309380,52409516,4,"Overall good experience, thank you!",App Experience,Positive,30-04-2024
6890637,4074537770,2400009,4,Will definitely order again.,Delivery,Positive,30-04-2024
9963297,6899859775,33706378,4,"Delivery was fine, but the product could be better.",Product Quality,Neutral,30-04-2024
7609889,7307394687,47043878,4,Good selection of products.,Customer Service,Positive,01-05-2024
9461028,9696466906,40434527,4,Highly recommended!,Customer Service,Positive,01-05-2024
4686285,1920923798,71189232,4,"Delivery was fine, but the product could be better.",App Experience,Neutral,01-05-2024
5522580,9543126726,24308515,4,"Nothing to complain about, but nothing exceptional.",Delivery,Neutral,01-05-2024
1013486,6770208707,8241122,3,Delivery was late and I was unhappy.,App Experience,Negative,01-05-2024
7724959,8465045467,13604883,5,Great prices and fast delivery!,Customer Service,Positive,01-05-2024
8087614,7494002152,91382237,2,The packaging was poor.,Customer Service,Negative,01-05-2024
8357382,7367673526,97144544,5,Good selection of products.,Customer Service,Positive,01-05-2024
6408690,2319921666,97150234,1,Very disappointed with the quality.,Product Quality,Negative,01-05-2024
8049557,2878307830,97150234,1,Customer service was not helpful.,App Experience,Negative,01-05-2024
417728,3773745777,67701771,4,"It was okay, nothing special.",Customer Service,Neutral,02-05-2024
8476626,2032956677,66932104,3,The product met my expectations.,Product Quality,Neutral,02-05-2024
697306,5134666123,38613642,3,The product met my expectations.,Customer Service,Neutral,02-05-2024
4054276,1743268828,53332493,4,"Average experience, could improve.",Product Quality,Neutral,02-05-2024
7344441,3904134741,58631874,4,"Delivery was fine, but the product could be better.",Delivery,Neutral,02-05-2024
3713853,6120818381,34768050,3,"Nothing to complain about, but nothing exceptional.",Delivery,Neutral,02-05-2024
9900587,1456550348,39674723,3,The product met my expectations.,Delivery,Neutral,02-05-2024
5135242,966294309,89619421,3,Items were missing from my order.,App Experience,Negative,02-05-2024
1918092,8167716321,73392739,4,"Delivery was fine, but the product could be better.",App Experience,Neutral,02-05-2024
4763044,3162249401,85519349,4,"Excellent quality, will buy again!",Delivery,Positive,03-05-2024
7935010,8609945311,51670882,1,Very disappointed with the quality.,Customer Service,Negative,03-05-2024
5957084,3402631472,52032226,3,"Average experience, could improve.",Customer Service,Neutral,03-05-2024
2328761,438111050,74174956,3,"Nothing to complain about, but nothing exceptional.",App Experience,Neutral,03-05-2024
8778008,8125884987,31718565,3,I had a bad experience.,Product Quality,Negative,03-05-2024
7025995,8757869416,85518832,1,The order was incorrect.,Delivery,Negative,03-05-2024
3002219,7976032064,72946405,2,Taste was not as expected.,Customer Service,Negative,03-05-2024
2111693,5500008514,31371112,5,"Excellent quality, will buy again!",Product Quality,Positive,03-05-2024
142652,6201821502,45166203,4,"Overall good experience, thank you!",Product Quality,Positive,03-05-2024
11897,343479370,5043760,4,"Overall good experience, thank you!",Delivery,Positive,03-05-2024
3966870,6597871211,59815512,4,"It was okay, nothing special.",Product Quality,Neutral,03-05-2024
4999738,1535818185,99772709,4,Very happy with the service!,Product Quality,Positive,03-05-2024
9584921,8006034379,43784632,4,The product met my expectations.,Customer Service,Neutral,03-05-2024
7352466,2204489775,79257353,5,Customer service was very helpful.,Customer Service,Positive,03-05-2024
2202823,2030125421,44477365,4,Will definitely order again.,Customer Service,Positive,03-05-2024
5379697,1556153632,67215939,4,The product met my expectations.,App Experience,Neutral,04-05-2024
1967173,2109203997,40277444,1,I had a bad experience.,App Experience,Negative,04-05-2024
2027892,4605056279,23976957,4,"Average experience, could improve.",Customer Service,Neutral,04-05-2024
3534065,7074219396,36737539,2,The order was incorrect.,Customer Service,Negative,04-05-2024
4081612,8218080678,53538932,4,Very happy with the service!,Customer Service,Positive,04-05-2024
6198175,9877212995,30065862,1,Customer service was not helpful.,Delivery,Negative,04-05-2024
9331423,299059193,26805477,2,Not worth the price I paid.,Product Quality,Negative,04-05-2024
7065647,2580381935,4394659,4,Highly recommended!,App Experience,Positive,05-05-2024
6528921,5319633841,95364457,2,Delivery was late and I was unhappy.,Delivery,Negative,05-05-2024
2079618,4189022307,21597477,3,Delivery was late and I was unhappy.,Delivery,Negative,05-05-2024
9353375,3164922639,74230420,4,"It was okay, nothing special.",Customer Service,Neutral,05-05-2024
3584525,6309784337,26250082,2,Delivery was late and I was unhappy.,Delivery,Negative,06-05-2024
3376281,5842420654,43307488,1,Customer service was not helpful.,Product Quality,Negative,06-05-2024
9649271,607125614,55425478,4,"Nothing to complain about, but nothing exceptional.",Product Quality,Neutral,06-05-2024
8766510,932273820,17287733,3,The product met my expectations.,App Experience,Neutral,06-05-2024
7479682,5663657880,69632084,3,I had a bad experience.,Product Quality,Negative,06-05-2024
4064423,3562901354,5039883,4,"It was okay, nothing special.",App Experience,Neutral,06-05-2024
2398116,5619049608,56572297,1,The order was incorrect.,Delivery,Negative,06-05-2024
8476521,3371892236,81763298,4,"Overall good experience, thank you!",Delivery,Positive,06-05-2024
5467509,456278500,62526567,4,"Average experience, could improve.",Customer Service,Neutral,06-05-2024
8488227,3311686914,63310076,3,The order was incorrect.,Delivery,Negative,06-05-2024
7511717,2064484752,89995124,3,The product met my expectations.,Customer Service,Neutral,07-05-2024
9347337,8787105023,81822935,4,"Excellent quality, will buy again!",Delivery,Positive,07-05-2024
8972017,3209538967,41874489,3,"Delivery was fine, but the product could be better.",App Experience,Neutral,07-05-2024
9525031,976104194,6061349,2,The packaging was poor.,Product Quality,Negative,07-05-2024
1869090,5647827263,96171594,3,"Nothing to complain about, but nothing exceptional.",App Experience,Neutral,07-05-2024
9969996,7936106887,95309983,4,Customer service was very helpful.,App Experience,Positive,07-05-2024
8384019,5148599328,28350645,2,I had a bad experience.,Customer Service,Negative,07-05-2024
4276242,3886370975,96903782,4,"Excellent quality, will buy again!",Delivery,Positive,08-05-2024
8679133,6065607924,91868185,4,Will definitely order again.,Product Quality,Positive,08-05-2024
6447756,9111535172,9274874,2,Delivery was late and I was unhappy.,Delivery,Negative,08-05-2024
4261875,2802699236,83262890,3,Items were missing from my order.,Customer Service,Negative,08-05-2024
7286626,8315937318,64497538,2,Taste was not as expected.,App Experience,Negative,08-05-2024
7602818,3952040848,31156674,3,Delivery was late and I was unhappy.,Product Quality,Negative,09-05-2024
5189587,7660904370,30455484,4,Very happy with the service!,App Experience,Positive,09-05-2024
8461435,8171660349,79628054,5,"Overall good experience, thank you!",Product Quality,Positive,09-05-2024
7974792,9323909987,47990044,1,The order was incorrect.,App Experience,Negative,09-05-2024
7143754,5948575331,92038780,4,Very happy with the service!,Product Quality,Positive,09-05-2024
2778322,1256813796,12832151,5,Highly recommended!,App Experience,Positive,09-05-2024
7711020,7590214417,69240186,3,"It was okay, nothing special.",App Experience,Neutral,09-05-2024
6773414,5640741373,90298394,3,I had a bad experience.,Delivery,Negative,10-05-2024
2095888,3672658084,48228547,4,"Overall good experience, thank you!",Delivery,Positive,10-05-2024
7465998,6519941559,29902416,5,Will definitely order again.,App Experience,Positive,10-05-2024
7575431,3192917514,16617201,4,Great prices and fast delivery!,Delivery,Positive,10-05-2024
2007716,4903544026,57331847,4,"Delivery was fine, but the product could be better.",Customer Service,Neutral,11-05-2024
3398355,2175298644,72132838,5,"Excellent quality, will buy again!",Delivery,Positive,11-05-2024
9072122,6318008970,30265929,4,Highly recommended!,Delivery,Positive,11-05-2024
5646360,7049717910,44410149,5,Customer service was very helpful.,Customer Service,Positive,11-05-2024
5411652,8432150432,9650263,3,"It was okay, nothing special.",Customer Service,Neutral,11-05-2024
9494956,6779626333,55404382,3,"Nothing to complain about, but nothing exceptional.",Customer Service,Neutral,11-05-2024
3727954,2611200126,91448742,2,Very disappointed with the quality.,App Experience,Negative,12-05-2024
3827516,2785467351,59009727,4,Good selection of products.,Delivery,Positive,12-05-2024
59148,9871546057,39418109,1,Delivery was late and I was unhappy.,Product Quality,Negative,12-05-2024
1642213,1958942711,30643619,5,Good selection of products.,Delivery,Positive,12-05-2024
1800432,5475369740,49433260,4,Items were in perfect condition.,Product Quality,Positive,12-05-2024
2215592,1732091066,93018527,3,"It was okay, nothing special.",App Experience,Neutral,12-05-2024
1138993,1728666371,23126356,4,The product met my expectations.,App Experience,Neutral,12-05-2024
2629752,9362226645,28428852,4,Will definitely order again.,Product Quality,Positive,12-05-2024
9250547,1678557345,49136375,2,Delivery was late and I was unhappy.,Customer Service,Negative,12-05-2024
2743823,8980701254,1601161,4,Customer service was very helpful.,Customer Service,Positive,12-05-2024
2793942,3669023899,81183415,1,The packaging was poor.,App Experience,Negative,12-05-2024
9449416,8611745429,88045094,5,Great prices and fast delivery!,Customer Service,Positive,12-05-2024
913683,9859249765,5039883,4,Highly recommended!,Product Quality,Positive,13-05-2024
3823659,2376108199,81757554,4,The product met my expectations.,Product Quality,Neutral,13-05-2024
8954689,3691199770,30788486,1,Not worth the price I paid.,Customer Service,Negative,13-05-2024
5501470,6897674900,79592021,2,Product was damaged during delivery.,Delivery,Negative,13-05-2024
279599,3184669775,71643758,4,"Average experience, could improve.",Product Quality,Neutral,13-05-2024
6397824,5050919809,46885873,3,"Nothing to complain about, but nothing exceptional.",Product Quality,Neutral,13-05-2024
6968162,5779793224,95971469,5,"Overall good experience, thank you!",Product Quality,Positive,13-05-2024
3557986,7703854141,86483673,4,"Excellent quality, will buy again!",Customer Service,Positive,13-05-2024
3954704,7988504487,8164639,4,"Nothing to complain about, but nothing exceptional.",App Experience,Neutral,14-05-2024
8246307,2013140214,39674723,3,The order was incorrect.,Customer Service,Negative,14-05-2024
2576772,8073770046,87943214,5,Very fresh and well-packaged.,App Experience,Positive,14-05-2024
1347524,4540271027,23126356,4,"Nothing to complain about, but nothing exceptional.",Delivery,Neutral,14-05-2024
3090328,1328248068,51556553,1,Product was damaged during delivery.,Product Quality,Negative,14-05-2024
9770469,7005103077,76850859,3,I had a bad experience.,Product Quality,Negative,14-05-2024
7152198,5034289521,21201299,3,"It was okay, nothing special.",Delivery,Neutral,15-05-2024
1556573,2011151353,67908555,1,Taste was not as expected.,Customer Service,Negative,15-05-2024
9730829,502632296,9450435,1,Product was damaged during delivery.,Customer Service,Negative,15-05-2024
9220874,9411848231,59545278,2,Delivery was late and I was unhappy.,Delivery,Negative,15-05-2024
6707767,2748681349,84862161,4,"Delivery was fine, but the product could be better.",App Experience,Neutral,15-05-2024
5370895,996939836,23794330,4,Items were in perfect condition.,App Experience,Positive,15-05-2024
5881825,9882312203,65134271,2,Not worth the price I paid.,Customer Service,Negative,15-05-2024
3146820,2206269404,96009692,5,Highly recommended!,App Experience,Positive,16-05-2024
3761883,336103625,28663279,5,Very happy with the service!,Delivery,Positive,16-05-2024
3483103,1402723627,85006599,3,"Average experience, could improve.",Delivery,Neutral,16-05-2024
8560926,9797013595,80571942,4,Very happy with the service!,App Experience,Positive,16-05-2024
5915648,5695124358,90144978,5,Good selection of products.,App Experience,Positive,16-05-2024
3148056,9284683425,30755306,3,"Nothing to complain about, but nothing exceptional.",Product Quality,Neutral,16-05-2024
4989853,7695708103,51119088,5,Will definitely order again.,Customer Service,Positive,16-05-2024
3551265,2382974038,83610315,4,The product met my expectations.,Customer Service,Neutral,16-05-2024
9710394,1990946411,82286725,4,"Overall good experience, thank you!",Product Quality,Positive,16-05-2024
7946912,3889721330,44269569,4,Great prices and fast delivery!,Customer Service,Positive,16-05-2024
7316905,4557188271,17597449,4,Customer service was very helpful.,App Experience,Positive,16-05-2024
548051,103589925,65406127,2,The packaging was poor.,Delivery,Negative,17-05-2024
7152755,3177552965,99231937,5,Will definitely order again.,Delivery,Positive,17-05-2024
7132626,4535670244,22210238,1,Taste was not as expected.,App Experience,Negative,17-05-2024
9156751,460625201,26716400,3,"Nothing to complain about, but nothing exceptional.",Product Quality,Neutral,17-05-2024
769039,2521042570,28394354,2,The packaging was poor.,Customer Service,Negative,17-05-2024
6671478,6603205997,37702698,1,I had a bad experience.,Customer Service,Negative,17-05-2024
9040178,6354703603,63310076,3,I had a bad experience.,Customer Service,Negative,17-05-2024
9722025,6196321055,30788486,3,"Nothing to complain about, but nothing exceptional.",Delivery,Neutral,17-05-2024
8853115,3258963661,20343501,4,Customer service was very helpful.,Customer Service,Positive,17-05-2024
8141675,5521273487,6992801,3,"Nothing to complain about, but nothing exceptional.",Product Quality,Neutral,18-05-2024
2659782,9643668734,34835738,5,Will definitely order again.,Delivery,Positive,18-05-2024
6191989,2166421384,85218071,4,"It was okay, nothing special.",App Experience,Neutral,18-05-2024
8224533,6565246127,12455156,5,Great prices and fast delivery!,Delivery,Positive,18-05-2024
5965876,8916023990,3588443,2,I had a bad experience.,Customer Service,Negative,18-05-2024
443450,4910445344,44030130,4,"It was okay, nothing special.",Product Quality,Neutral,18-05-2024
6263133,9436272631,44410149,3,"Nothing to complain about, but nothing exceptional.",Product Quality,Neutral,18-05-2024
1253291,8803091944,11228463,4,The product met my expectations.,App Experience,Neutral,18-05-2024
6548445,9169008097,98625898,2,The order was incorrect.,Customer Service,Negative,18-05-2024
5068589,4338327693,93617659,3,"It was okay, nothing special.",Delivery,Neutral,19-05-2024
4994524,1013630716,85763665,1,Delivery was late and I was unhappy.,Product Quality,Negative,19-05-2024
1239916,9196809062,58979427,3,"It was okay, nothing special.",Product Quality,Neutral,19-05-2024
5385673,2807397566,28663279,4,Very happy with the service!,App Experience,Positive,19-05-2024
8669148,5281640953,65396354,4,Very fresh and well-packaged.,Delivery,Positive,19-05-2024
6416336,4888577440,35237846,4,Highly recommended!,Product Quality,Positive,19-05-2024
7861041,4749534376,53100521,4,"Average experience, could improve.",App Experience,Neutral,19-05-2024
4819549,4917941248,83701325,1,Product was damaged during delivery.,Product Quality,Negative,19-05-2024
3620647,5626641031,65426878,4,"Average experience, could improve.",App Experience,Neutral,19-05-2024
183343,5743550453,93699264,4,Great prices and fast delivery!,Customer Service,Positive,19-05-2024
637550,8078065454,97033691,4,Highly recommended!,Customer Service,Positive,19-05-2024
8542883,3984353474,17681645,3,The packaging was poor.,Delivery,Negative,19-05-2024
9329920,532660797,41008070,3,"Delivery was fine, but the product could be better.",Delivery,Neutral,20-05-2024
1452437,9107314128,79591237,2,I had a bad experience.,App Experience,Negative,20-05-2024
5463524,2021361582,99695529,3,"Nothing to complain about, but nothing exceptional.",Delivery,Neutral,20-05-2024
6655277,6687792641,93924203,5,Highly recommended!,App Experience,Positive,20-05-2024
5100133,7189146676,10789681,3,The product met my expectations.,Delivery,Neutral,20-05-2024
2733106,4177774653,23844919,1,Very disappointed with the quality.,App Experience,Negative,20-05-2024
2014466,7979108696,63368244,2,Items were missing from my order.,Delivery,Negative,20-05-2024
6576033,6657245289,820740,5,Highly recommended!,Product Quality,Positive,20-05-2024
8775121,2403547563,59677346,4,The product met my expectations.,Customer Service,Neutral,20-05-2024
5942135,6172529406,48409448,4,"Average experience, could improve.",Delivery,Neutral,21-05-2024
2527674,2529809156,71905368,5,"Excellent quality, will buy again!",Customer Service,Positive,21-05-2024
5359166,4028432722,77397957,4,"Average experience, could improve.",Customer Service,Neutral,21-05-2024
5457202,2604772138,15144290,4,"Nothing to complain about, but nothing exceptional.",Product Quality,Neutral,21-05-2024
3708995,5890339330,2188994,5,"Overall good experience, thank you!",App Experience,Positive,21-05-2024
4455314,2603584546,41811800,2,Delivery was late and I was unhappy.,App Experience,Negative,21-05-2024
1943750,4148760273,93122847,5,Very happy with the service!,Product Quality,Positive,22-05-2024
4356872,7491420331,27504517,3,I had a bad experience.,Delivery,Negative,22-05-2024
5412614,3451246886,36774480,3,Items were missing from my order.,Delivery,Negative,22-05-2024
8562940,6105240201,53299455,5,Good selection of products.,Product Quality,Positive,22-05-2024
1183305,2644609220,97825663,2,Delivery was late and I was unhappy.,Product Quality,Negative,22-05-2024
276169,985347383,50080663,3,"Average experience, could improve.",App Experience,Neutral,22-05-2024
367880,6244718082,2400009,4,"Delivery was fine, but the product could be better.",Delivery,Neutral,22-05-2024
9225519,6335704206,38327793,4,Good selection of products.,Product Quality,Positive,22-05-2024
204656,1831943568,69863493,4,Customer service was very helpful.,Product Quality,Positive,23-05-2024
2227649,137089318,6637282,3,Very disappointed with the quality.,Customer Service,Negative,23-05-2024
4160534,6708586922,91072336,3,I had a bad experience.,Customer Service,Negative,23-05-2024
1024838,6239166986,6724509,4,"Overall good experience, thank you!",Customer Service,Positive,23-05-2024
5317004,3101265,89617089,1,Customer service was not helpful.,Customer Service,Negative,23-05-2024
1153173,5110274761,24821281,3,The product met my expectations.,Delivery,Neutral,23-05-2024
9462518,169590729,10019218,4,"Overall good experience, thank you!",Product Quality,Positive,23-05-2024
8187670,4813038298,27304827,2,Taste was not as expected.,Customer Service,Negative,23-05-2024
7343729,883548284,3408982,5,Will definitely order again.,App Experience,Positive,23-05-2024
5726623,7348508805,45052594,5,Good selection of products.,Delivery,Positive,23-05-2024
923237,5407006470,95364457,5,Highly recommended!,Delivery,Positive,24-05-2024
8361916,5397640599,2684440,4,"Average experience, could improve.",Delivery,Neutral,24-05-2024
415485,9989636336,191616,3,Delivery was late and I was unhappy.,Product Quality,Negative,24-05-2024
2012244,8676443273,47215976,2,Items were missing from my order.,App Experience,Negative,24-05-2024
9869482,8981940261,31537100,2,Very disappointed with the quality.,Customer Service,Negative,24-05-2024
7045900,6660740926,119099,3,I had a bad experience.,Delivery,Negative,24-05-2024
9464738,110303417,57566548,4,Good selection of products.,Customer Service,Positive,24-05-2024
8112211,4704980993,119099,4,Good selection of products.,App Experience,Positive,24-05-2024
6973023,2811341619,30188374,5,Customer service was very helpful.,Customer Service,Positive,24-05-2024
2438008,5953376503,79169760,5,Customer service was very helpful.,Customer Service,Positive,25-05-2024
5688851,5670040592,80571942,1,Product was damaged during delivery.,Delivery,Negative,25-05-2024
7209690,2066843639,69516494,3,Taste was not as expected.,Product Quality,Negative,25-05-2024
2913652,4777610024,81808190,5,Highly recommended!,App Experience,Positive,25-05-2024
5373570,3300719369,32830199,2,Delivery was late and I was unhappy.,Product Quality,Negative,25-05-2024
3066125,2937676500,11202130,3,The packaging was poor.,Delivery,Negative,25-05-2024
528634,2715027145,26903313,3,The product met my expectations.,App Experience,Neutral,25-05-2024
6349394,4902314626,98307019,5,"Excellent quality, will buy again!",Customer Service,Positive,25-05-2024
473292,7944885043,1683786,5,Very happy with the service!,Customer Service,Positive,26-05-2024
2618604,7245730533,51670882,4,Will definitely order again.,App Experience,Positive,26-05-2024
7223265,6236279358,97141762,1,The order was incorrect.,Product Quality,Negative,26-05-2024
7040880,9403732731,73393269,5,Highly recommended!,Product Quality,Positive,26-05-2024
6384262,3971098657,90919603,4,Good selection of products.,Customer Service,Positive,26-05-2024
7180248,8787660233,90586029,4,"Delivery was fine, but the product could be better.",Delivery,Neutral,26-05-2024
8050235,1182120536,4386273,5,Great prices and fast delivery!,App Experience,Positive,26-05-2024
5290636,804881381,44269569,4,"Average experience, could improve.",Customer Service,Neutral,26-05-2024
6064603,5033541164,32987624,4,Customer service was very helpful.,Customer Service,Positive,26-05-2024
5486566,2388064449,34237583,2,Not worth the price I paid.,Customer Service,Negative,26-05-2024
384936,5705899665,4378755,3,"Nothing to complain about, but nothing exceptional.",Customer Service,Neutral,27-05-2024
8959147,9202528884,64940409,3,The product met my expectations.,Delivery,Neutral,27-05-2024
7639568,4286971111,469006,3,Customer service was not helpful.,App Experience,Negative,27-05-2024
6853621,3205629870,95001589,3,"Average experience, could improve.",Customer Service,Neutral,27-05-2024
9713941,2056682923,18940384,3,Product was damaged during delivery.,Delivery,Negative,27-05-2024
5489330,1840475676,27971619,5,"Excellent quality, will buy again!",Customer Service,Positive,27-05-2024
125387,6539196955,58974323,2,Very disappointed with the quality.,App Experience,Negative,27-05-2024
3767076,869910650,34755436,4,"Nothing to complain about, but nothing exceptional.",Product Quality,Neutral,27-05-2024
574977,6845869445,54730270,3,"Delivery was fine, but the product could be better.",Customer Service,Neutral,27-05-2024
4928993,1433129858,43256928,5,Very fresh and well-packaged.,App Experience,Positive,27-05-2024
5450964,1549769649,9573071,3,The order was incorrect.,App Experience,Negative,28-05-2024
1592958,2268306684,66742602,5,"Overall good experience, thank you!",Delivery,Positive,28-05-2024
6280990,8589851630,5386246,4,"Nothing to complain about, but nothing exceptional.",App Experience,Neutral,28-05-2024
1934781,2871448124,81091233,3,Items were missing from my order.,Product Quality,Negative,28-05-2024
6414140,8698000932,43519553,1,The order was incorrect.,Customer Service,Negative,28-05-2024
8896134,2369121788,60062501,4,"Nothing to complain about, but nothing exceptional.",Delivery,Neutral,28-05-2024
651690,7606134274,69034027,3,The product met my expectations.,App Experience,Neutral,28-05-2024
1968724,9087747856,31681710,3,"Delivery was fine, but the product could be better.",Product Quality,Neutral,28-05-2024
8269050,111296281,28413467,3,"Average experience, could improve.",Delivery,Neutral,28-05-2024
5417385,2745295248,40643232,3,Taste was not as expected.,Delivery,Negative,28-05-2024
6860903,679546532,72942753,5,Good selection of products.,Delivery,Positive,28-05-2024
8150049,3547006553,56572297,4,"Average experience, could improve.",App Experience,Neutral,29-05-2024
2414365,9237289778,70168151,2,The order was incorrect.,App Experience,Negative,29-05-2024
9585407,3289836195,18082040,5,Highly recommended!,Customer Service,Positive,29-05-2024
3283932,3417088709,62629494,4,Will definitely order again.,Product Quality,Positive,30-05-2024
3701423,7615602420,63402854,3,Not worth the price I paid.,App Experience,Negative,30-05-2024
4356181,5657605506,63402854,3,The packaging was poor.,Product Quality,Negative,30-05-2024
3372274,4670530333,42723554,5,Items were in perfect condition.,Product Quality,Positive,30-05-2024
1697983,643302284,24153726,5,"Excellent quality, will buy again!",Customer Service,Positive,30-05-2024
1561160,7521503340,65660660,1,Customer service was not helpful.,Product Quality,Negative,30-05-2024
1510834,8382437838,46185579,2,Not worth the price I paid.,Customer Service,Negative,30-05-2024
9132203,4903700958,66866026,4,"It was okay, nothing special.",Delivery,Neutral,30-05-2024
9657059,4859441294,3468355,2,Delivery was late and I was unhappy.,App Experience,Negative,30-05-2024
8545459,1874499212,64162093,4,Great prices and fast delivery!,Delivery,Positive,30-05-2024
8079269,915473142,53636086,5,Good selection of products.,App Experience,Positive,30-05-2024
6057729,1862413314,48150243,5,Customer service was very helpful.,Delivery,Positive,31-05-2024
8477173,9171218505,89968482,2,The packaging was poor.,Delivery,Negative,31-05-2024
7921775,7799757050,19556566,3,The packaging was poor.,Product Quality,Negative,31-05-2024
3815674,8395290763,88312515,5,Items were in perfect condition.,App Experience,Positive,31-05-2024
5010654,2419292139,79916464,2,Customer service was not helpful.,App Experience,Negative,31-05-2024
1054815,252964377,89531595,4,Good selection of products.,Customer Service,Positive,31-05-2024
5905399,4553101047,39301587,1,Items were missing from my order.,Delivery,Negative,31-05-2024
3048402,5167008199,76359458,3,"It was okay, nothing special.",Customer Service,Neutral,31-05-2024
7658013,1142626566,27304827,3,Not worth the price I paid.,Product Quality,Negative,31-05-2024
5154122,6260524887,57081917,5,Great prices and fast delivery!,Delivery,Positive,01-06-2024
5655176,7765110772,33871107,5,Very fresh and well-packaged.,Customer Service,Positive,01-06-2024
952999,1617565217,43518622,3,Product was damaged during delivery.,Product Quality,Negative,01-06-2024
9617089,3644704128,39717448,5,Highly recommended!,App Experience,Positive,01-06-2024
8545346,3368317718,70867736,5,Good selection of products.,Customer Service,Positive,01-06-2024
2954467,8789328634,53332493,4,"Excellent quality, will buy again!",Product Quality,Positive,01-06-2024
2965349,8269502930,11616535,4,"Nothing to complain about, but nothing exceptional.",Product Quality,Neutral,01-06-2024
3845304,8370410622,10663246,1,Items were missing from my order.,Product Quality,Negative,01-06-2024
3433608,2934547619,77161976,4,"Overall good experience, thank you!",Delivery,Positive,01-06-2024
7488881,5094989752,87107263,4,Great prices and fast delivery!,Product Quality,Positive,01-06-2024
6888502,1380971977,16561710,3,"Delivery was fine, but the product could be better.",Product Quality,Neutral,02-06-2024
5785508,356495722,91312072,3,"Average experience, could improve.",Delivery,Neutral,02-06-2024
1442291,5842678913,6756256,5,Great prices and fast delivery!,Product Quality,Positive,02-06-2024
8948916,720578658,37551429,4,Customer service was very helpful.,App Experience,Positive,02-06-2024
292869,2973502797,74694186,4,Highly recommended!,App Experience,Positive,02-06-2024
5009295,5160584867,34897081,1,Delivery was late and I was unhappy.,Product Quality,Negative,02-06-2024
2114281,836457367,2365348,5,"Overall good experience, thank you!",Product Quality,Positive,02-06-2024
4896479,1296772969,68703613,2,The order was incorrect.,Delivery,Negative,02-06-2024
3850044,4393113152,79695653,1,Items were missing from my order.,App Experience,Negative,02-06-2024
2680223,734095510,56480776,4,Customer service was very helpful.,App Experience,Positive,03-06-2024
984672,3995348964,44828791,5,Great prices and fast delivery!,App Experience,Positive,03-06-2024
4858394,6556180328,10562528,2,Product was damaged during delivery.,Delivery,Negative,03-06-2024
2978050,6172215120,87823209,3,Product was damaged during delivery.,App Experience,Negative,03-06-2024
610781,3792912325,39153585,5,Great prices and fast delivery!,Product Quality,Positive,03-06-2024
4465018,5092816701,89531595,4,"Delivery was fine, but the product could be better.",Customer Service,Neutral,03-06-2024
9674103,871734663,93321933,4,The product met my expectations.,App Experience,Neutral,03-06-2024
8993487,4903380842,71229024,1,The packaging was poor.,Delivery,Negative,03-06-2024
8914932,2426015858,22081691,4,"It was okay, nothing special.",Delivery,Neutral,03-06-2024
3901454,2084323012,11202130,3,"It was okay, nothing special.",Customer Service,Neutral,03-06-2024
308786,8459230018,50899600,3,The product met my expectations.,App Experience,Neutral,03-06-2024
2690132,1706198744,19425804,3,Customer service was not helpful.,Delivery,Negative,03-06-2024
2545302,9505736584,63571453,5,Highly recommended!,Delivery,Positive,04-06-2024
5222661,5917975686,37054866,5,Customer service was very helpful.,App Experience,Positive,04-06-2024
1873791,6385452188,38875754,3,"Nothing to complain about, but nothing exceptional.",App Experience,Neutral,04-06-2024
5651196,7193792738,84572019,4,"Excellent quality, will buy again!",Delivery,Positive,05-06-2024
9939985,80296810,21677923,1,Very disappointed with the quality.,Delivery,Negative,05-06-2024
2889415,1142004448,73735548,4,Very happy with the service!,Product Quality,Positive,05-06-2024
9128554,9823160533,51119088,3,I had a bad experience.,Delivery,Negative,05-06-2024
28247,482670263,9641623,4,The product met my expectations.,App Experience,Neutral,05-06-2024
3263168,1463293930,85354059,4,Customer service was very helpful.,App Experience,Positive,06-06-2024
8541275,8423025639,6344345,3,"It was okay, nothing special.",App Experience,Neutral,06-06-2024
3124544,9770431940,86715467,3,"It was okay, nothing special.",Customer Service,Neutral,06-06-2024
4480675,9024719693,21597477,5,Very fresh and well-packaged.,Delivery,Positive,06-06-2024
141849,79029185,39645619,2,Product was damaged during delivery.,App Experience,Negative,06-06-2024
9587255,7579444448,53354003,1,Items were missing from my order.,Product Quality,Negative,06-06-2024
8509121,5112444865,45868300,4,"Excellent quality, will buy again!",Product Quality,Positive,06-06-2024
4437518,3312147996,67711384,4,"Delivery was fine, but the product could be better.",Product Quality,Neutral,06-06-2024
2128627,4701778121,23348269,3,Customer service was not helpful.,Product Quality,Negative,06-06-2024
5737400,2470025903,81420960,2,Not worth the price I paid.,App Experience,Negative,06-06-2024
1134095,5710579377,67310893,4,"Average experience, could improve.",Delivery,Neutral,06-06-2024
7587526,1437159967,68016312,4,Customer service was very helpful.,Customer Service,Positive,07-06-2024
6051768,7380913411,49869358,3,"Nothing to complain about, but nothing exceptional.",App Experience,Neutral,07-06-2024
772991,2577064886,63948546,3,"Delivery was fine, but the product could be better.",Product Quality,Neutral,07-06-2024
2716119,3106057977,30455484,4,Good selection of products.,App Experience,Positive,07-06-2024
6100953,9206073690,19425804,4,"Nothing to complain about, but nothing exceptional.",App Experience,Neutral,07-06-2024
4282954,4385491839,7228206,1,Delivery was late and I was unhappy.,Customer Service,Negative,07-06-2024
7851227,1948332638,62323608,3,"Nothing to complain about, but nothing exceptional.",Delivery,Neutral,08-06-2024
3469284,734744305,60698094,4,Great prices and fast delivery!,Customer Service,Positive,08-06-2024
4716904,5746303677,20148223,3,"Average experience, could improve.",App Experience,Neutral,08-06-2024
4854840,8299074079,59930550,5,Good selection of products.,Customer Service,Positive,08-06-2024
2490613,735608722,3292927,4,"Average experience, could improve.",Customer Service,Neutral,08-06-2024
5713900,5953535252,79630614,3,Delivery was late and I was unhappy.,App Experience,Negative,08-06-2024
3703483,3676517886,57505804,3,Very disappointed with the quality.,Customer Service,Negative,08-06-2024
636361,2087769338,8536503,3,"Delivery was fine, but the product could be better.",Delivery,Neutral,08-06-2024
8125083,3356214803,66655397,2,Not worth the price I paid.,Customer Service,Negative,08-06-2024
2785902,4168083780,13581527,2,The order was incorrect.,Product Quality,Negative,09-06-2024
1368053,1728547597,98444183,3,"Nothing to complain about, but nothing exceptional.",Delivery,Neutral,09-06-2024
6067366,5398965602,99412119,3,The packaging was poor.,App Experience,Negative,09-06-2024
6114974,8554063149,5039883,4,Good selection of products.,Delivery,Positive,09-06-2024
5390862,4212894712,20310720,3,"Nothing to complain about, but nothing exceptional.",Product Quality,Neutral,09-06-2024
4055107,2411227007,46875863,2,Not worth the price I paid.,Delivery,Negative,09-06-2024
7489765,9783380107,70976153,5,Customer service was very helpful.,Delivery,Positive,09-06-2024
4267974,5532188237,211163,4,Will definitely order again.,Product Quality,Positive,09-06-2024
3101725,2587790388,45586151,4,"Delivery was fine, but the product could be better.",App Experience,Neutral,09-06-2024
8717517,3560026527,97174235,1,Very disappointed with the quality.,Customer Service,Negative,09-06-2024
804834,2279018877,40305293,4,"Average experience, could improve.",Customer Service,Neutral,10-06-2024
5557021,5098703807,13760839,4,Very happy with the service!,Customer Service,Positive,10-06-2024
6081659,3106610673,74762653,1,The packaging was poor.,Product Quality,Negative,10-06-2024
7304927,9128056381,98691989,1,Very disappointed with the quality.,Delivery,Negative,10-06-2024
4399563,1008158736,62971413,5,Highly recommended!,Customer Service,Positive,10-06-2024
6289100,701856661,11143197,4,Great prices and fast delivery!,Product Quality,Positive,10-06-2024
8050610,3178700341,48033969,4,Customer service was very helpful.,Customer Service,Positive,10-06-2024
8229982,5127172657,32293017,4,"Overall good experience, thank you!",Product Quality,Positive,11-06-2024
2090936,4085089017,50899600,3,"Average experience, could improve.",Delivery,Neutral,11-06-2024
2904408,9487843345,23794330,4,The product met my expectations.,Customer Service,Neutral,11-06-2024
5256809,1113665104,83034412,5,Highly recommended!,Delivery,Positive,11-06-2024
4045999,6253838449,19393135,5,"Excellent quality, will buy again!",Customer Service,Positive,11-06-2024
7997985,1754472592,33331259,3,"Delivery was fine, but the product could be better.",Customer Service,Neutral,11-06-2024
4946224,203136866,91320466,1,The order was incorrect.,Delivery,Negative,11-06-2024
4812643,1675849477,36998375,3,Delivery was late and I was unhappy.,Product Quality,Negative,11-06-2024
7518371,5562099656,3872421,1,The order was incorrect.,App Experience,Negative,12-06-2024
2902698,6510283268,67383024,3,Very disappointed with the quality.,Customer Service,Negative,12-06-2024
3367308,1741402363,87200291,1,The order was incorrect.,Product Quality,Negative,12-06-2024
7303951,2120299901,28499191,4,"Average experience, could improve.",Delivery,Neutral,12-06-2024
1767978,5410788959,40055711,3,The packaging was poor.,Delivery,Negative,12-06-2024
3645904,4806735178,8651281,4,"Nothing to complain about, but nothing exceptional.",App Experience,Neutral,12-06-2024
1756163,6154459753,82179338,4,"Nothing to complain about, but nothing exceptional.",Delivery,Neutral,12-06-2024
4858898,7032037874,57291761,3,"Delivery was fine, but the product could be better.",App Experience,Neutral,13-06-2024
9275465,9266835891,14207332,3,Customer service was not helpful.,Customer Service,Negative,13-06-2024
6131863,2836701831,62323608,2,Taste was not as expected.,App Experience,Negative,13-06-2024
5026119,4104732514,35156679,2,Very disappointed with the quality.,Delivery,Negative,13-06-2024
2218595,4557328309,82854537,3,"Nothing to complain about, but nothing exceptional.",Delivery,Neutral,13-06-2024
8914299,2150447285,93370787,4,"It was okay, nothing special.",Delivery,Neutral,13-06-2024
7865004,5712367183,85763665,4,"Delivery was fine, but the product could be better.",Delivery,Neutral,13-06-2024
9657551,898210033,28111842,4,"Excellent quality, will buy again!",App Experience,Positive,13-06-2024
8191858,6890191424,57360162,5,Very fresh and well-packaged.,Customer Service,Positive,13-06-2024
6193752,6672582413,82359623,4,"Excellent quality, will buy again!",App Experience,Positive,13-06-2024
1457389,2962076108,99824171,4,"Delivery was fine, but the product could be better.",Delivery,Neutral,13-06-2024
9973525,2216699744,5540556,4,"Average experience, could improve.",Product Quality,Neutral,14-06-2024
5284164,213972345,71252391,4,"Nothing to complain about, but nothing exceptional.",Product Quality,Neutral,14-06-2024
5457849,2606843929,29415527,4,"Overall good experience, thank you!",Delivery,Positive,14-06-2024
3659354,8151274002,91550885,4,"Excellent quality, will buy again!",Customer Service,Positive,15-06-2024
3637633,2478557609,58170168,5,Customer service was very helpful.,Delivery,Positive,15-06-2024
5178227,3375735380,93735495,5,Will definitely order again.,Customer Service,Positive,15-06-2024
9799538,7728205680,46023497,3,"Nothing to complain about, but nothing exceptional.",Product Quality,Neutral,15-06-2024
8326245,3452964753,49449238,4,Customer service was very helpful.,Delivery,Positive,15-06-2024
9626629,7357727116,6617417,4,Highly recommended!,Product Quality,Positive,15-06-2024
6595778,1387025817,52417972,4,"Delivery was fine, but the product could be better.",Delivery,Neutral,15-06-2024
2088819,6905293278,97259564,3,"It was okay, nothing special.",Delivery,Neutral,16-06-2024
6105898,647012431,34281470,2,Not worth the price I paid.,Customer Service,Negative,16-06-2024
9727313,6865922682,14255231,5,"Excellent quality, will buy again!",App Experience,Positive,16-06-2024
5879083,9257313140,24337950,3,"Average experience, could improve.",App Experience,Neutral,16-06-2024
8391214,1174856327,10855630,1,Not worth the price I paid.,Delivery,Negative,16-06-2024
8064104,3091360904,59252433,4,"Overall good experience, thank you!",Delivery,Positive,16-06-2024
1691834,5503476312,36774480,4,"Delivery was fine, but the product could be better.",App Experience,Neutral,16-06-2024
2872886,5004073261,27304827,4,"Overall good experience, thank you!",Customer Service,Positive,16-06-2024
2664759,913309291,89968482,2,Delivery was late and I was unhappy.,Delivery,Negative,16-06-2024
4205038,6261926473,50760752,1,Customer service was not helpful.,Delivery,Negative,16-06-2024
5877818,1691260635,80796977,4,The product met my expectations.,Delivery,Neutral,17-06-2024
9147798,5212392063,75510747,5,Highly recommended!,App Experience,Positive,17-06-2024
6502843,1918841793,95334407,3,"It was okay, nothing special.",Customer Service,Neutral,17-06-2024
2475333,3189863462,6756256,3,Items were missing from my order.,Delivery,Negative,17-06-2024
1228177,3727289407,10225164,3,"Average experience, could improve.",Customer Service,Neutral,17-06-2024
4612938,2664549359,90586443,4,The product met my expectations.,App Experience,Neutral,17-06-2024
9670027,4500802008,41164215,4,Highly recommended!,Delivery,Positive,17-06-2024
3066201,5652465358,57523973,4,Highly recommended!,App Experience,Positive,17-06-2024
5360735,2317597587,68661619,3,"It was okay, nothing special.",Delivery,Neutral,17-06-2024
9306000,3299603042,77614510,4,The product met my expectations.,Customer Service,Neutral,17-06-2024
9297025,9048597167,75510747,3,The packaging was poor.,App Experience,Negative,17-06-2024
8266186,9065518834,61877649,3,"Average experience, could improve.",App Experience,Neutral,17-06-2024
3470106,5630957897,69925688,4,"Delivery was fine, but the product could be better.",Delivery,Neutral,18-06-2024
5692120,8606484804,41155125,2,Items were missing from my order.,Product Quality,Negative,18-06-2024
8497609,8612261848,46208150,4,"Delivery was fine, but the product could be better.",Customer Service,Neutral,18-06-2024
3232752,578811216,75739462,3,Delivery was late and I was unhappy.,Product Quality,Negative,18-06-2024
4341712,9172888683,71956734,1,The order was incorrect.,App Experience,Negative,18-06-2024
2747752,5735481292,85907588,3,"Average experience, could improve.",Customer Service,Neutral,18-06-2024
8241950,4428830794,701493,4,"It was okay, nothing special.",Delivery,Neutral,18-06-2024
6926602,2963187161,91448742,4,Good selection of products.,Customer Service,Positive,18-06-2024
2722298,2359961993,28995786,3,"Nothing to complain about, but nothing exceptional.",Customer Service,Neutral,18-06-2024
4135711,8276417383,39976965,1,I had a bad experience.,App Experience,Negative,18-06-2024
1943305,1837574319,24821281,4,"Overall good experience, thank you!",Delivery,Positive,19-06-2024
1356014,1804073530,10048910,4,Highly recommended!,Product Quality,Positive,19-06-2024
5641400,4074369199,18259715,4,Very happy with the service!,App Experience,Positive,19-06-2024
277249,3620552357,82918668,5,Customer service was very helpful.,Customer Service,Positive,19-06-2024
9314635,6633702824,20148223,3,Customer service was not helpful.,Customer Service,Negative,19-06-2024
9342158,1206887762,59909004,5,Customer service was very helpful.,Delivery,Positive,19-06-2024
3982677,8782031586,23982977,4,"Overall good experience, thank you!",Delivery,Positive,19-06-2024
716244,6284350691,57207678,4,"Overall good experience, thank you!",Product Quality,Positive,20-06-2024
9332236,2010415757,43295656,3,Delivery was late and I was unhappy.,Customer Service,Negative,20-06-2024
4636707,5116322704,63360864,4,Items were in perfect condition.,App Experience,Positive,20-06-2024
9918278,5724116944,93938425,4,"Average experience, could improve.",Customer Service,Neutral,20-06-2024
9465380,3146098826,12799092,4,Highly recommended!,App Experience,Positive,20-06-2024
5396639,5533955218,38969732,3,"It was okay, nothing special.",App Experience,Neutral,20-06-2024
1263890,2560588609,6291143,5,Very fresh and well-packaged.,App Experience,Positive,21-06-2024
9058195,8465721207,30192942,4,"Average experience, could improve.",Customer Service,Neutral,21-06-2024
2086599,8250036360,88203688,5,Good selection of products.,App Experience,Positive,21-06-2024
8394978,4007593324,68703613,2,I had a bad experience.,Customer Service,Negative,21-06-2024
1233739,3960980694,52417972,5,Good selection of products.,Customer Service,Positive,21-06-2024
6816809,9826894858,67386193,3,The product met my expectations.,Delivery,Neutral,21-06-2024
7042439,5427462399,41647393,5,Great prices and fast delivery!,App Experience,Positive,21-06-2024
5469312,8558710948,70459847,5,Items were in perfect condition.,Product Quality,Positive,21-06-2024
70270,5636241570,94281220,1,Not worth the price I paid.,Product Quality,Negative,21-06-2024
459934,3062145702,24821281,1,Very disappointed with the quality.,App Experience,Negative,21-06-2024
3651259,4550545705,17805991,4,"Excellent quality, will buy again!",Delivery,Positive,21-06-2024
5459836,3915885220,54580166,4,"Excellent quality, will buy again!",App Experience,Positive,21-06-2024
1755904,6660596550,48554440,2,Product was damaged during delivery.,Delivery,Negative,21-06-2024
7985041,5731985133,80696046,4,Great prices and fast delivery!,App Experience,Positive,21-06-2024
9621021,5936301790,87059497,4,"Average experience, could improve.",App Experience,Neutral,21-06-2024
5415775,8758992688,11616535,5,Items were in perfect condition.,App Experience,Positive,22-06-2024
1138089,7159670875,37691544,3,Very disappointed with the quality.,Product Quality,Negative,22-06-2024
3570162,7166339556,6319646,4,"Average experience, could improve.",Customer Service,Neutral,22-06-2024
8442312,1978476136,97315135,4,"It was okay, nothing special.",App Experience,Neutral,22-06-2024
7097475,9187864807,44776601,1,Taste was not as expected.,Customer Service,Negative,22-06-2024
2903160,5003387344,26592009,4,"Nothing to complain about, but nothing exceptional.",Delivery,Neutral,23-06-2024
4087466,9069936094,90696847,4,"It was okay, nothing special.",App Experience,Neutral,23-06-2024
1629735,3833878150,644189,3,"It was okay, nothing special.",Delivery,Neutral,23-06-2024
2560910,9720683332,87641623,5,"Excellent quality, will buy again!",Product Quality,Positive,23-06-2024
9484726,3765179520,43784632,4,Highly recommended!,App Experience,Positive,23-06-2024
9961760,5226963306,96628029,1,Items were missing from my order.,Product Quality,Negative,23-06-2024
6028739,1524480475,14161586,1,The packaging was poor.,Customer Service,Negative,23-06-2024
5689645,2028074931,33998721,4,"Overall good experience, thank you!",App Experience,Positive,23-06-2024
3189619,8220678247,63858550,3,Not worth the price I paid.,Product Quality,Negative,23-06-2024
6594513,6756882357,83155219,5,"Excellent quality, will buy again!",App Experience,Positive,23-06-2024
5775016,671459763,50630016,4,The product met my expectations.,Product Quality,Neutral,23-06-2024
4439352,6936256414,72263318,2,Product was damaged during delivery.,Delivery,Negative,23-06-2024
2172966,3874644184,49152878,4,"It was okay, nothing special.",Delivery,Neutral,23-06-2024
6158292,3394787348,40841791,1,Customer service was not helpful.,Customer Service,Negative,23-06-2024
2503471,6266072804,60565603,5,Highly recommended!,Product Quality,Positive,23-06-2024
5340615,6920030794,70372270,3,The packaging was poor.,Customer Service,Negative,24-06-2024
4156770,9931976872,8955057,2,Delivery was late and I was unhappy.,Delivery,Negative,24-06-2024
3992027,1889723479,5754255,3,"Average experience, could improve.",Product Quality,Neutral,24-06-2024
6113964,7777975083,92098757,4,Very fresh and well-packaged.,Delivery,Positive,24-06-2024
5974172,6347292505,83597876,4,"Average experience, could improve.",Customer Service,Neutral,24-06-2024
8639376,6569836274,5228136,4,The product met my expectations.,Customer Service,Neutral,24-06-2024
2564356,4531739740,98088303,5,Good selection of products.,Product Quality,Positive,24-06-2024
5206838,1525742840,39042103,1,Customer service was not helpful.,App Experience,Negative,24-06-2024
4979031,866693541,14472401,4,"Nothing to complain about, but nothing exceptional.",Delivery,Neutral,24-06-2024
6072184,4525211942,30317733,3,The order was incorrect.,Product Quality,Negative,24-06-2024
4879303,9365984533,89704218,5,Very happy with the service!,Product Quality,Positive,25-06-2024
2566002,6031122324,28603182,1,Customer service was not helpful.,Customer Service,Negative,25-06-2024
4208590,6266311709,67708491,4,"Nothing to complain about, but nothing exceptional.",Delivery,Neutral,25-06-2024
2455630,1751319400,98307019,3,"Nothing to complain about, but nothing exceptional.",Delivery,Neutral,25-06-2024
3567003,1769493463,3292927,2,I had a bad experience.,App Experience,Negative,26-06-2024
3902686,7590462053,18326028,4,Customer service was very helpful.,Delivery,Positive,26-06-2024
2283550,9852996866,19145354,3,I had a bad experience.,Product Quality,Negative,26-06-2024
3148654,408720270,37245065,3,"It was okay, nothing special.",Customer Service,Neutral,26-06-2024
4723875,2655613624,46623192,5,"Excellent quality, will buy again!",Product Quality,Positive,26-06-2024
2824821,3065857200,82359623,3,"It was okay, nothing special.",Customer Service,Neutral,26-06-2024
6367818,9622488249,96629258,2,I had a bad experience.,App Experience,Negative,26-06-2024
8449694,7096530350,97411107,4,Great prices and fast delivery!,Product Quality,Positive,26-06-2024
4351236,6811633572,7728406,1,Items were missing from my order.,Product Quality,Negative,26-06-2024
5476835,2610552179,98225598,4,Will definitely order again.,Customer Service,Positive,26-06-2024
9547102,3236748462,58111297,2,Very disappointed with the quality.,Delivery,Negative,26-06-2024
5123205,7107216633,10857389,4,"It was okay, nothing special.",Product Quality,Neutral,27-06-2024
4628311,888510905,27824078,3,"It was okay, nothing special.",App Experience,Neutral,27-06-2024
2801569,8691567542,41640262,2,The packaging was poor.,Customer Service,Negative,27-06-2024
2467868,1249797614,54797119,2,Not worth the price I paid.,Customer Service,Negative,27-06-2024
2912120,7096225581,6319646,4,The product met my expectations.,Customer Service,Neutral,27-06-2024
3143899,2773034272,36400756,4,Items were in perfect condition.,Delivery,Positive,27-06-2024
1000172,2444273306,32003512,2,Items were missing from my order.,Delivery,Negative,27-06-2024
9289508,7850128898,38478423,2,Items were missing from my order.,Product Quality,Negative,28-06-2024
7389650,1785558780,18986315,3,Customer service was not helpful.,Delivery,Negative,28-06-2024
1322099,5280263316,77035814,3,The product met my expectations.,Customer Service,Neutral,28-06-2024
3853096,587498345,69863493,1,Not worth the price I paid.,Delivery,Negative,28-06-2024
9674092,6119637917,77961205,3,"Average experience, could improve.",Customer Service,Neutral,28-06-2024
968472,2999946056,92306841,4,"Excellent quality, will buy again!",Delivery,Positive,28-06-2024
8417158,5574588218,48281892,1,The packaging was poor.,Customer Service,Negative,28-06-2024
3413974,155295996,24517523,4,"Average experience, could improve.",Delivery,Neutral,29-06-2024
3637250,8312320295,31076002,4,The product met my expectations.,Delivery,Neutral,29-06-2024
7866548,5132095929,96373206,4,Great prices and fast delivery!,Delivery,Positive,29-06-2024
4326983,581212790,21461764,4,"Delivery was fine, but the product could be better.",Customer Service,Neutral,29-06-2024
4018208,7236760938,67918495,4,Very happy with the service!,Delivery,Positive,29-06-2024
3744829,2327587597,24621386,5,Highly recommended!,Delivery,Positive,29-06-2024
9396703,6996561687,3844290,3,Delivery was late and I was unhappy.,App Experience,Negative,29-06-2024
7239237,7528090614,73639935,3,Product was damaged during delivery.,Product Quality,Negative,29-06-2024
2216091,411113020,84953008,3,Product was damaged during delivery.,Delivery,Negative,29-06-2024
6013442,6858336318,92027021,5,"Overall good experience, thank you!",App Experience,Positive,29-06-2024
5037523,4368529506,76327561,5,Good selection of products.,Delivery,Positive,30-06-2024
887817,6303548068,31846190,3,Taste was not as expected.,Product Quality,Negative,30-06-2024
,,,,,,,
,,,,,,,
,,,,,,,
,,,,,,,
,,,,,,,
,,,,,,,
,,,,,,,
,,,,,,,
,,,,,,,
,,,,,,,
,,,,,,,
,,,,,,,
,,,,,,,
,,,,,,,
,,,,,,,
,,,,,,,
,,,,,,,
,,,,,,,
,,,,,,,
,,,,,,,
,,,,,,,
,,,,,,,
,,,,,,,
,,,,,,,
,,,,,,,
,,,,,,,
,,,,,,,
,,,,,,,
,,,,,,,
,,,,,,,
,,,,,,,
,,,,,,,
,,,,,,,
,,,,,,,
,,,,,,,
,,,,,,,
,,,,,,,
,,,,,,,
,,,,,,,
,,,,,,,
,,,,,,,
,,,,,,,
,,,,,,,
,,,,,,,
,,,,,,,
,,,,,,,
,,,,,,,
,,,,,,,
,,,,,,,
,,,,,,,
,,,,,,,
,,,,,,,
,,,,,,,
,,,,,,,
,,,,,,,
,,,,,,,
,,,,,,,
,,,,,,,
,,,,,,,
,,,,,,,
,,,,,,,
,,,,,,,
,,,,,,,
,,,,,,,
,,,,,,,
,,,,,,,
,,,,,,,
,,,,,,,
,,,,,,,
,,,,,,,
,,,,,,,
,,,,,,,
,,,,,,,
,,,,,,,
,,,,,,,
,,,,,,,
,,,,,,,
,,,,,,,
,,,,,,,
,,,,,,,
,,,,,,,
,,,,,,,
,,,,,,,
,,,,,,,
,,,,,,,
,,,,,,,
,,,,,,,
,,,,,,,
,,,,,,,
,,,,,,,
,,,,,,,
,,,,,,,
,,,,,,,
,,,,,,,
,,,,,,,
,,,,,,,
,,,,,,,
,,,,,,,
,,,,,,,
,,,,,,,
,,,,,,,
,,,,,,,
,,,,,,,
,,,,,,,
,,,,,,,
,,,,,,,
,,,,,,,
,,,,,,,
,,,,,,,
,,,,,,,
,,,,,,,
,,,,,,,
,,,,,,,
,,,,,,,
,,,,,,,
,,,,,,,
,,,,,,,
,,,,,,,
,,,,,,,
,,,,,,,
,,,,,,,
,,,,,,,
,,,,,,,
,,,,,,,
,,,,,,,
,,,,,,,
,,,,,,,
,,,,,,,
,,,,,,,
,,,,,,,
,,,,,,,
,,,,,,,
,,,,,,,
,,,,,,,
,,,,,,,
,,,,,,,
,,,,,,,
,,,,,,,
,,,,,,,
,,,,,,,
,,,,,,,
,,,,,,,
,,,,,,,
,,,,,,,
,,,,,,,
,,,,,,,
,,,,,,,
,,,,,,,
,,,,,,,
,,,,,,,
,,,,,,,
,,,,,,,
,,,,,,,
,,,,,,,
,,,,,,,
,,,,,,,
,,,,,,,
,,,,,,,
,,,,,,,
,,,,,,,
,,,,,,,
,,,,,,,
,,,,,,,
,,,,,,,
,,,,,,,
,,,,,,,
,,,,,,,
,,,,,,,
,,,,,,,
,,,,,,,
,,,,,,,
,,,,,,,
,,,,,,,
,,,,,,,
,,,,,,,
,,,,,,,
,,,,,,,
,,,,,,,
,,,,,,,
,,,,,,,
,,,,,,,
,,,,,,,
,,,,,,,
,,,,,,,
,,,,,,,
,,,,,,,
,,,,,,,
,,,,,,,
,,,,,,,
,,,,,,,
,,,,,,,
,,,,,,,
,,,,,,,
,,,,,,,
,,,,,,,
,,,,,,,
,,,,,,,
,,,,,,,
,,,,,,,
,,,,,,,
,,,,,,,
,,,,,,,
,,,,,,,
,,,,,,,
,,,,,,,
,,,,,,,
,,,,,,,
,,,,,,,
,,,,,,,
,,,,,,,
,,,,,,,
,,,,,,,
,,,,,,,
,,,,,,,
,,,,,,,
,,,,,,,
,,,,,,,
,,,,,,,
,,,,,,,
,,,,,,,
,,,,,,,
,,,,,,,
,,,,,,,
,,,,,,,
,,,,,,,
,,,,,,,
,,,,,,,
,,,,,,,
,,,,,,,
,,,,,,,
,,,,,,,
,,,,,,,
,,,,,,,
,,,,,,,
,,,,,,,
,,,,,,,
,,,,,,,
,,,,,,,
,,,,,,,
,,,,,,,
,,,,,,,
,,,,,,,
,,,,,,,
,,,,,,,
,,,,,,,
,,,,,,,
,,,,,,,
,,,,,,,
,,,,,,,
,,,,,,,
,,,,,,,
,,,,,,,
,,,,,,,
,,,,,,,
,,,,,,,
,,,,,,,
,,,,,,,
,,,,,,,
,,,,,,,
,,,,,,,
,,,,,,,
,,,,,,,
,,,,,,,
,,,,,,,
,,,,,,,
,,,,,,,
,,,,,,,
,,,,,,,
,,,,,,,
,,,,,,,
,,,,,,,
,,,,,,,
,,,,,,,
,,,,,,,
,,,,,,,
,,,,,,,
,,,,,,,
,,,,,,,
,,,,,,,
,,,,,,,
,,,,,,,
,,,,,,,
,,,,,,,
,,,,,,,
,,,,,,,
,,,,,,,
,,,,,,,
,,,,,,,
,,,,,,,
,,,,,,,
,,,,,,,
,,,,,,,
,,,,,,,
,,,,,,,
,,,,,,,
,,,,,,,
,,,,,,,
,,,,,,,
,,,,,,,
,,,,,,,
,,,,,,,
,,,,,,,
,,,,,,,
,,,,,,,
,,,,,,,
,,,,,,,
,,,,,,,
,,,,,,,
,,,,,,,
,,,,,,,
,,,,,,,
,,,,,,,
,,,,,,,
,,,,,,,
,,,,,,,
,,,,,,,
,,,,,,,
,,,,,,,
,,,,,,,
,,,,,,,
,,,,,,,
,,,,,,,
,,,,,,,
,,,,,,,
,,,,,,,
,,,,,,,
,,,,,,,
,,,,,,,
,,,,,,,
,,,,,,,
,,,,,,,
,,,,,,,
,,,,,,,
,,,,,,,
,,,,,,,
,,,,,,,
,,,,,,,
,,,,,,,
,,,,,,,
,,,,,,,
,,,,,,,
,,,,,,,
,,,,,,,
,,,,,,,
,,,,,,,
,,,,,,,
,,,,,,,
,,,,,,,
,,,,,,,
,,,,,,,
,,,,,,,
,,,,,,,
,,,,,,,
,,,,,,,
,,,,,,,
,,,,,,,
,,,,,,,
,,,,,,,
,,,,,,,
,,,,,,,
,,,,,,,
,,,,,,,
,,,,,,,
,,,,,,,
,,,,,,,
,,,,,,,
,,,,,,,
,,,,,,,
,,,,,,,
,,,,,,,
,,,,,,,
,,,,,,,
,,,,,,,
,,,,,,,
,,,,,,,
,,,,,,,
,,,,,,,
,,,,,,,
,,,,,,,
,,,,,,,
,,,,,,,
,,,,,,,
,,,,,,,
,,,,,,,
,,,,,,,
,,,,,,,
,,,,,,,
,,,,,,,
,,,,,,,
,,,,,,,
,,,,,,,
,,,,,,,
,,,,,,,
,,,,,,,
,,,,,,,
,,,,,,,
,,,,,,,
,,,,,,,
,,,,,,,
,,,,,,,
,,,,,,,
,,,,,,,
,,,,,,,
,,,,,,,
,,,,,,,
,,,,,,,
,,,,,,,
,,,,,,,
,,,,,,,
,,,,,,,
,,,,,,,
,,,,,,,
,,,,,,,
,,,,,,,
,,,,,,,
,,,,,,,
,,,,,,,
,,,,,,,
,,,,,,,
,,,,,,,
,,,,,,,
,,,,,,,
,,,,,,,
,,,,,,,
,,,,,,,
,,,,,,,
,,,,,,,
,,,,,,,
,,,,,,,
,,,,,,,
,,,,,,,
,,,,,,,
,,,,,,,
,,,,,,,
,,,,,,,
,,,,,,,
,,,,,,,
,,,,,,,
,,,,,,,
,,,,,,,
,,,,,,,
,,,,,,,
,,,,,,,
,,,,,,,
,,,,,,,
,,,,,,,
,,,,,,,
,,,,,,,
,,,,,,,
,,,,,,,
,,,,,,,
,,,,,,,
,,,,,,,
,,,,,,,
,,,,,,,
,,,,,,,
,,,,,,,
,,,,,,,
,,,,,,,
,,,,,,,
,,,,,,,
,,,,,,,
,,,,,,,
,,,,,,,
,,,,,,,
,,,,,,,
,,,,,,,
,,,,,,,
,,,,,,,
,,,,,,,
,,,,,,,
,,,,,,,
,,,,,,,
,,,,,,,
,,,,,,,
,,,,,,,
,,,,,,,
,,,,,,,
,,,,,,,
,,,,,,,
,,,,,,,
,,,,,,,
,,,,,,,
,,,,,,,
,,,,,,,
,,,,,,,
,,,,,,,
,,,,,,,
,,,,,,,
,,,,,,,
,,,,,,,
,,,,,,,
,,,,,,,
,,,,,,,
,,,,,,,
,,,,,,,
,,,,,,,
,,,,,,,
,,,,,,,
,,,,,,,
,,,,,,,
,,,,,,,
,,,,,,,
,,,,,,,
,,,,,,,
,,,,,,,
,,,,,,,
,,,,,,,
,,,,,,,
,,,,,,,
,,,,,,,
,,,,,,,
,,,,,,,
,,,,,,,
,,,,,,,
,,,,,,,
,,,,,,,
,,,,,,,
,,,,,,,
,,,,,,,
,,,,,,,
,,,,,,,
,,,,,,,
,,,,,,,
,,,,,,,
,,,,,,,
,,,,,,,
,,,,,,,
,,,,,,,
,,,,,,,
,,,,,,,
,,,,,,,
,,,,,,,
,,,,,,,
,,,,,,,
,,,,,,,
,,,,,,,
,,,,,,,
,,,,,,,
,,,,,,,
,,,,,,,
,,,,,,,
,,,,,,,
,,,,,,,
,,,,,,,
,,,,,,,
,,,,,,,
,,,,,,,
,,,,,,,
,,,,,,,
,,,,,,,
,,,,,,,
,,,,,,,
,,,,,,,
,,,,,,,
,,,,,,,
,,,,,,,
,,,,,,,
,,,,,,,
,,,,,,,
,,,,,,,
,,,,,,,
,,,,,,,
,,,,,,,
,,,,,,,
,,,,,,,
,,,,,,,
,,,,,,,
,,,,,,,
,,,,,,,
,,,,,,,
,,,,,,,
,,,,,,,
,,,,,,,
,,,,,,,
,,,,,,,
,,,,,,,
,,,,,,,
,,,,,,,
,,,,,,,
,,,,,,,
,,,,,,,
,,,,,,,
,,,,,,,
,,,,,,,
,,,,,,,
,,,,,,,
,,,,,,,
,,,,,,,
,,,,,,,
,,,,,,,
,,,,,,,
,,,,,,,
,,,,,,,
,,,,,,,
,,,,,,,
,,,,,,,
,,,,,,,
,,,,,,,
,,,,,,,
,,,,,,,
,,,,,,,
,,,,,,,
,,,,,,,
,,,,,,,
,,,,,,,
,,,,,,,
,,,,,,,
,,,,,,,
,,,,,,,
,,,,,,,
,,,,,,,
,,,,,,,
,,,,,,,
,,,,,,,
,,,,,,,
,,,,,,,
,,,,,,,
,,,,,,,
,,,,,,,
,,,,,,,
,,,,,,,
,,,,,,,
,,,,,,,
,,,,,,,
,,,,,,,
,,,,,,,
,,,,,,,
,,,,,,,
,,,,,,,
,,,,,,,
,,,,,,,
,,,,,,,
,,,,,,,
,,,,,,,
,,,,,,,
,,,,,,,
,,,,,,,
,,,,,,,
,,,,,,,
,,,,,,,
,,,,,,,
,,,,,,,
,,,,,,,
,,,,,,,
,,,,,,,
,,,,,,,
,,,,,,,
,,,,,,,
,,,,,,,
,,,,,,,
,,,,,,,
,,,,,,,
,,,,,,,
,,,,,,,
,,,,,,,
,,,,,,,
,,,,,,,
,,,,,,,
,,,,,,,
,,,,,,,
,,,,,,,
,,,,,,,
,,,,,,,
,,,,,,,
,,,,,,,
,,,,,,,
,,,,,,,
,,,,,,,
,,,,,,,
,,,,,,,
,,,,,,,
,,,,,,,
,,,,,,,
,,,,,,,
,,,,,,,
,,,,,,,
,,,,,,,
,,,,,,,
,,,,,,,
,,,,,,,
,,,,,,,
,,,,,,,
,,,,,,,
,,,,,,,
,,,,,,,
,,,,,,,
,,,,,,,
,,,,,,,
,,,,,,,
,,,,,,,
,,,,,,,
,,,,,,,
,,,,,,,
,,,,,,,
,,,,,,,
,,,,,,,
,,,,,,,
,,,,,,,
,,,,,,,
,,,,,,,
,,,,,,,
,,,,,,,
,,,,,,,
,,,,,,,
,,,,,,,
,,,,,,,
,,,,,,,
,,,,,,,
,,,,,,,
,,,,,,,
,,,,,,,
,,,,,,,
,,,,,,,
,,,,,,,
,,,,,,,
,,,,,,,
,,,,,,,
,,,,,,,
,,,,,,,
,,,,,,,
,,,,,,,
,,,,,,,
,,,,,,,
,,,,,,,
,,,,,,,
,,,,,,,
,,,,,,,
,,,,,,,
,,,,,,,
,,,,,,,
,,,,,,,
,,,,,,,
,,,,,,,
,,,,,,,
,,,,,,,
,,,,,,,
,,,,,,,
,,,,,,,
,,,,,,,
,,,,,,,
,,,,,,,
,,,,,,,
,,,,,,,
,,,,,,,
,,,,,,,
,,,,,,,
,,,,,,,
,,,,,,,
,,,,,,,
,,,,,,,
,,,,,,,
,,,,,,,
,,,,,,,
,,,,,,,
,,,,,,,
,,,,,,,
,,,,,,,
,,,,,,,
,,,,,,,
,,,,,,,
,,,,,,,
,,,,,,,
,,,,,,,
,,,,,,,
,,,,,,,
,,,,,,,
,,,,,,,
,,,,,,,
,,,,,,,
,,,,,,,
,,,,,,,
,,,,,,,
,,,,,,,
,,,,,,,
,,,,,,,
,,,,,,,
,,,,,,,
,,,,,,,
,,,,,,,
,,,,,,,
,,,,,,,
,,,,,,,
,,,,,,,
,,,,,,,
,,,,,,,
,,,,,,,
,,,,,,,
,,,,,,,
,,,,,,,
,,,,,,,
,,,,,,,
,,,,,,,
,,,,,,,
,,,,,,,
,,,,,,,
,,,,,,,
,,,,,,,
,,,,,,,
,,,,,,,
,,,,,,,
,,,,,,,
,,,,,,,
,,,,,,,
,,,,,,,
,,,,,,,
,,,,,,,
,,,,,,,
,,,,,,,
,,,,,,,
,,,,,,,
,,,,,,,
,,,,,,,
,,,,,,,
,,,,,,,
,,,,,,,
,,,,,,,
,,,,,,,
,,,,,,,
,,,,,,,
,,,,,,,
,,,,,,,
,,,,,,,
,,,,,,,
,,,,,,,
,,,,,,,
,,,,,,,
,,,,,,,
,,,,,,,
,,,,,,,
,,,,,,,
,,,,,,,
,,,,,,,
,,,,,,,
,,,,,,,
,,,,,,,
,,,,,,,
,,,,,,,
,,,,,,,
,,,,,,,
,,,,,,,
,,,,,,,
,,,,,,,
,,,,,,,
,,,,,,,
,,,,,,,
,,,,,,,
,,,,,,,
,,,,,,,
,,,,,,,
,,,,,,,
,,,,,,,
,,,,,,,
,,,,,,,
,,,,,,,
,,,,,,,
,,,,,,,
,,,,,,,
,,,,,,,
,,,,,,,
,,,,,,,
,,,,,,,
,,,,,,,
,,,,,,,
,,,,,,,
,,,,,,,
,,,,,,,
,,,,,,,
,,,,,,,
,,,,,,,
,,,,,,,
,,,,,,,
,,,,,,,
,,,,,,,
,,,,,,,
,,,,,,,
,,,,,,,
,,,,,,,
,,,,,,,
,,,,,,,
,,,,,,,
,,,,,,,
,,,,,,,
,,,,,,,
,,,,,,,
,,,,,,,
,,,,,,,
,,,,,,,
,,,,,,,
,,,,,,,
,,,,,,,
,,,,,,,
,,,,,,,
,,,,,,,
,,,,,,,
,,,,,,,
,,,,,,,
,,,,,,,
,,,,,,,
,,,,,,,
,,,,,,,
,,,,,,,
,,,,,,,
,,,,,,,
,,,,,,,
,,,,,,,
,,,,,,,
,,,,,,,
,,,,,,,
,,,,,,,
,,,,,,,
,,,,,,,
,,,,,,,
,,,,,,,
,,,,,,,
,,,,,,,
,,,,,,,
,,,,,,,
,,,,,,,
,,,,,,,
,,,,,,,
,,,,,,,
,,,,,,,
,,,,,,,
,,,,,,,
,,,,,,,
,,,,,,,
,,,,,,,
,,,,,,,
,,,,,,,
,,,,,,,
,,,,,,,
,,,,,,,
,,,,,,,
,,,,,,,
,,,,,,,
,,,,,,,
,,,,,,,
,,,,,,,
,,,,,,,
,,,,,,,
,,,,,,,
,,,,,,,
,,,,,,,
,,,,,,,
,,,,,,,
,,,,,,,
,,,,,,,
,,,,,,,
,,,,,,,
,,,,,,,
,,,,,,,
,,,,,,,
,,,,,,,
,,,,,,,
,,,,,,,
,,,,,,,
,,,,,,,
,,,,,,,
,,,,,,,
,,,,,,,
,,,,,,,
,,,,,,,
,,,,,,,
,,,,,,,
,,,,,,,
,,,,,,,
,,,,,,,
,,,,,,,
,,,,,,,
,,,,,,,
,,,,,,,
,,,,,,,
,,,,,,,
,,,,,,,
,,,,,,,
,,,,,,,
,,,,,,,
,,,,,,,
,,,,,,,
,,,,,,,
,,,,,,,
,,,,,,,
,,,,,,,
,,,,,,,
,,,,,,,
,,,,,,,
,,,,,,,
,,,,,,,
,,,,,,,
,,,,,,,
,,,,,,,
,,,,,,,
,,,,,,,
,,,,,,,
,,,,,,,
,,,,,,,
,,,,,,,
,,,,,,,
,,,,,,,
,,,,,,,
,,,,,,,
,,,,,,,
,,,,,,,
,,,,,,,
,,,,,,,
,,,,,,,
,,,,,,,
,,,,,,,
,,,,,,,
,,,,,,,
,,,,,,,
,,,,,,,
,,,,,,,
,,,,,,,
,,,,,,,
,,,,,,,
,,,,,,,
,,,,,,,
,,,,,,,
,,,,,,,
,,,,,,,
,,,,,,,
,,,,,,,
,,,,,,,
,,,,,,,
,,,,,,,
,,,,,,,
,,,,,,,
,,,,,,,
,,,,,,,
