customer_id,customer_name,email,phone,address,area,pincode,registration_date,customer_segment,total_orders,avg_order_value
83023956,Lopa Kalita,qbehl@example.org,9.13E+11,"33, Narasimhan Marg
Bhiwandi 462997",Nanded,313936,01-09-2023,Regular,12,1551.29
87654461,Maya Amble,kalpit11@example.com,9.10E+11,"656
Wable Circle
Silchar 815805",Sambhal,394842,01-09-2023,Inactive,2,1720.18
54837637,Nathaniel Som,bvora@example.org,9.11E+11,"314
Cheema Circle
Jalgaon-152298",Ichalkaranji,478461,01-09-2023,Regular,9,1525.43
80571942,Mohammed Magar,bailavi@example.org,9.18E+11,"595, Ranganathan Chowk, Kadapa 969488",Kishanganj,140451,01-09-2023,Regular,10,980.64
63630649,Indira Golla,atikhanna@example.org,9.13E+11,"44/45
Kamdar Path, Mumbai 535037",Vijayawada,178528,02-09-2023,Premium,8,1626.79
40085705,Anirudh Deshpande,jsaxena@example.org,9.17E+11,"H.No. 21
Bandi Circle, Etawah 281890",Kishanganj,530403,02-09-2023,New,6,777.89
33706378,Michael Dugar,cherianchakradev@example.org,9.19E+11,"149
Baria Chowk
Indore 240558",Mehsana,601242,02-09-2023,New,16,1110.01
56250563,Anthony Tara,tnagarajan@example.com,9.11E+11,"H.No. 220, Brahmbhatt Marg, Gulbarga-331993",Jabalpur,202458,02-09-2023,Premium,20,733.3
37926207,Pahal Chaudhary,upadhriti58@example.net,9.18E+11,"467, Keer Street, Bettiah-109486",Eluru,877706,02-09-2023,New,12,491.26
7923550,Amruta Grewal,sarakibe@example.com,9.12E+11,"H.No. 854, Bora Chowk
Kishanganj-726465",Panihati,833973,02-09-2023,New,17,1813.79
9423628,Chanakya Dutta,magarekbal@example.net,9.20E+11,"66/820, Vora Marg
Bokaro-175491",Malegaon,936957,03-09-2023,Inactive,19,1911.7
99772709,Xiti Jaggi,girishgour@example.net,9.16E+11,"39/76, Yogi Chowk, Jalna-806277",Tadepalligudem,798755,03-09-2023,Regular,11,1905.19
89028323,Avni Padmanabhan,ekavirbaral@example.net,9.19E+11,"708
Basak Road, Aurangabad-112247",Lucknow,407239,03-09-2023,Regular,13,1329.47
16400639,Anvi Dutta,btailor@example.com,9.13E+11,"666
Sengupta Road
Arrah 509524",Pallavaram,759756,03-09-2023,Premium,5,680.48
12141418,Faras Patla,nperi@example.com,9.15E+11,"19/61, Memon Circle, Siwan-721238",Ambala,97395,04-09-2023,Inactive,5,862.68
25447967,Udyati Sani,fsaha@example.com,9.19E+11,"H.No. 20, Handa Road, Avadi-342441",Rajkot,32438,04-09-2023,Regular,18,876.56
66768157,Om Khosla,obahri@example.org,9.11E+11,"37
Mody Circle
Jorhat 391653",Singrauli,131116,04-09-2023,Inactive,3,502.9
39681023,Pranit Randhawa,jhabachittar@example.net,9.20E+11,"90, Keer Chowk, Vijayanagaram 711008",Pimpri-Chinchwad,730587,04-09-2023,Premium,16,1084.73
80833965,Irya Brar,semrachana@example.com,9.13E+11,"H.No. 593
Pillay Street
Karimnagar-329110",Sangli-Miraj & Kupwad,268118,05-09-2023,Inactive,13,1896.2
79155946,Nachiket Saini,samuelkari@example.com,9.20E+11,"H.No. 244, Ramaswamy Nagar, Bardhaman 868416",Thiruvananthapuram,506102,05-09-2023,New,17,1799.48
2684440,Hamsini De,yashodharaanne@example.org,9.11E+11,"28/37, Radhakrishnan
Kakinada 773718",Ranchi,574868,05-09-2023,Premium,5,650.6
79942821,Tristan Pillay,vvora@example.org,9.19E+11,"H.No. 986, Gill Zila, Allahabad-481099",Madhyamgram,776819,05-09-2023,Premium,19,1652.35
24144240,Charles Parsa,vasudha38@example.com,9.14E+11,"756, Anand Chowk, Bhusawal 348094",Tezpur,49861,06-09-2023,Regular,15,1938.81
57474553,Damini Sule,ukrishnan@example.net,9.15E+11,"H.No. 36, Sani, Tadepalligudem 412609",Moradabad,441368,06-09-2023,Regular,1,300.82
34095555,Charan Misra,leena91@example.org,9.10E+11,"72/930, Amble Road, Kalyan-Dombivli 395063",Raiganj,561007,07-09-2023,Premium,9,1536.28
59095971,Jason Wagle,pahalsama@example.com,9.15E+11,"22/10, Tara Nagar
Nashik 495261",Amroha,238579,08-09-2023,Inactive,15,311.21
35435896,Abhiram Tiwari,rachana11@example.net,9.14E+11,"22, Anne Chowk
Uluberia 647085",Dehradun,920849,08-09-2023,Premium,9,338.62
50105174,Tanveer Baria,nvora@example.com,9.10E+11,"23/41
Kala Circle, Gorakhpur-396088",Malda,426543,08-09-2023,Premium,11,1889.81
25221501,Pratyush De,royisaac@example.org,9.13E+11,"79/767, Thaker Marg
Mehsana 184520",Orai,179348,09-09-2023,Regular,20,1935.84
89412038,Ekansh Nagi,aarinirau@example.com,9.15E+11,"H.No. 566, Parmar
Medininagar-071397",Kharagpur,198327,09-09-2023,New,7,937.66
63339001,Viraj Bhandari,manansheth@example.com,9.15E+11,"H.No. 15, Thaker, Noida-144319",Noida,273531,09-09-2023,New,12,682.32
16256136,Panini Mangal,gautambhasin@example.org,9.14E+11,"88, Aurora Path
Khammam 476253",Aurangabad,36309,09-09-2023,Regular,14,415.01
58873572,Chandran Kale,manbirdhawan@example.com,9.19E+11,"H.No. 77
Jayaraman Marg
Durgapur 062032",Nanded,745599,10-09-2023,Premium,13,1721.61
88553721,Vritti Mangat,rchoudhary@example.com,9.15E+11,"H.No. 067
Bhat Marg, Tadipatri 600686",Kadapa,858622,10-09-2023,Regular,6,984.13
77811864,Urvashi Iyengar,yadaviwali@example.com,9.10E+11,"59/018, Gara Ganj
Bhavnagar-018318",Miryalaguda,829480,10-09-2023,Premium,12,1712.29
34425723,Vasatika Saini,prisha41@example.net,9.18E+11,"678
Chakrabarti Nagar, Singrauli 814024",Saharanpur,247144,10-09-2023,Regular,14,873.22
60049160,Abdul Nayak,saanvi74@example.org,9.17E+11,"913
Patel Chowk, Panvel 109637",Bardhaman,815342,10-09-2023,New,5,911.68
35237846,Bakhshi Varkey,baljiwan77@example.org,9.14E+11,"54/322
Prakash Circle
Nanded-846263",Guna,546699,11-09-2023,Premium,20,1968.65
73377004,Dayamai Borah,gdhar@example.com,9.13E+11,"H.No. 55
Rau Chowk, Bhind 883639",Delhi,989634,11-09-2023,Regular,4,438.31
85831746,Girindra Basak,madantripti@example.com,9.14E+11,"50, Basak Ganj, Munger 764468",Bahraich,536170,11-09-2023,Regular,18,952.61
52428250,Thomas Rai,ansh09@example.com,9.17E+11,"H.No. 86
Sule Nagar, Rajahmundry-935422",Bulandshahr,841456,11-09-2023,New,4,1925.08
67046342,Sanya Chacko,warriorqasim@example.com,9.15E+11,"250
Agate Chowk, Gulbarga-828985",Vadodara,38403,11-09-2023,New,6,207.69
1683786,Urvashi Balan,simonkade@example.org,9.16E+11,"02/23
Dube Street, Bhagalpur 402715",Hajipur,775942,12-09-2023,Regular,14,776.52
51031122,Netra Kashyap,balanwazir@example.net,9.17E+11,"H.No. 50
Venkataraman Ganj
Ongole-304771",Dehradun,437180,12-09-2023,Regular,20,363.61
12277039,Manthan Trivedi,mparmer@example.org,9.16E+11,"83/51, Prakash Path
Parbhani 536736",Unnao,287796,13-09-2023,Regular,1,1422.63
52085702,Irya Soni,kadereyansh@example.com,9.12E+11,"H.No. 05, Sachdev Circle
Munger-508158",Fatehpur,231895,13-09-2023,New,8,801.83
92091019,Kai Subramanian,mitali48@example.com,9.11E+11,"306
Wable Nagar
Jamalpur-670472",Kalyan-Dombivli,943347,13-09-2023,Regular,10,1754.59
50229203,Rushil Dhingra,htella@example.org,9.11E+11,"H.No. 99
Ravel Street
Avadi 655413",Tiruchirappalli,598757,14-09-2023,Regular,7,1731.87
2361575,Aarnav Seth,banditeerth@example.org,9.15E+11,"H.No. 24
Mahal Circle
Guwahati-694378",Faridabad,160994,14-09-2023,New,19,1993.09
28458746,Dalaja Borde,murtybhavani@example.net,9.14E+11,"H.No. 069, Sachar Chowk
Munger 082064",Bulandshahr,97442,14-09-2023,New,12,1998.49
18113428,Dominic Goda,tagarwal@example.net,9.18E+11,"H.No. 104
Morar Zila
Rajpur Sonarpur 068813",Rajkot,803574,15-09-2023,Regular,7,255.73
98540377,Brinda Datta,nidra84@example.net,9.18E+11,"43, Palan Marg
Vasai-Virar 928946",Unnao,713632,15-09-2023,Regular,16,525.07
66485571,Anthony Pall,sastryyug@example.com,9.13E+11,"H.No. 478
Pau Chowk
Rampur 353285",Ratlam,618561,15-09-2023,Inactive,2,1055.17
25430839,Ria Nair,azad16@example.org,9.14E+11,"H.No. 004, Shankar Chowk, Panvel 311892",Vellore,853871,15-09-2023,New,15,885.48
91144803,Hemang Singhal,njain@example.com,9.20E+11,"474
Sidhu Marg
Avadi-099148",Imphal,509332,16-09-2023,Regular,16,650.17
42101831,Eshana Dutt,neelima02@example.net,9.12E+11,"84/796, Raju Nagar
Ballia-732796",Madhyamgram,546948,16-09-2023,Inactive,8,212.33
16561710,Isaiah Natt,amrita65@example.org,9.14E+11,"85, Samra Zila
Thane-835654",Baranagar,881409,16-09-2023,New,12,1043.28
31324823,Utkarsh Biswas,hbarad@example.com,9.12E+11,"04/775, Dhingra Chowk, Varanasi 384485",Fatehpur,277910,16-09-2023,New,14,414.15
1655637,Turvi Radhakrishnan,mpandit@example.org,9.19E+11,"H.No. 404, Bhalla Chowk
Visakhapatnam 048875",Ichalkaranji,548633,17-09-2023,Regular,19,723.95
71607166,Inaya Sama,wahab05@example.org,9.13E+11,"H.No. 08
Toor
Chapra 724446",Rohtak,242409,18-09-2023,Inactive,11,1251.88
15534747,Oviya Luthra,edhar@example.org,9.13E+11,"H.No. 51, Mahajan Street
Dehradun 313062",Kadapa,76910,19-09-2023,Inactive,15,362.34
16448993,Chakradev Krishnan,ojasvi77@example.com,9.12E+11,"19/660
Sarma Circle, Jaipur-351693",Korba,426587,19-09-2023,Inactive,14,1691.92
2136830,Bhavya Goswami,saxenamadhavi@example.net,9.17E+11,"09/73
Bath Street
Parbhani-673476",Bidhannagar,598513,19-09-2023,New,4,485.78
91590001,Nandini Bawa,jsandhu@example.org,9.19E+11,"H.No. 86, Din Zila, Korba-969073",Kolhapur,465150,19-09-2023,Premium,13,1304.73
90696847,Balendra Choudhary,vyanjanasharma@example.com,9.15E+11,"156, Ramanathan Road
Alappuzha 776848",Bathinda,695228,19-09-2023,Regular,6,934.37
57331847,Jack Kamdar,yatan68@example.net,9.18E+11,"96/303, Ghose Marg, Bhimavaram-097271",Amravati,67085,19-09-2023,Regular,5,752.87
19536688,Parth Ramaswamy,thakurvasatika@example.org,9.17E+11,"H.No. 867, Kara Nagar, Ujjain-697076",Tiruppur,881065,19-09-2023,New,4,1346.03
43047341,Unnati Wali,tmand@example.net,9.13E+11,"20
Pau Road, Giridih 499930",Jaunpur,277120,19-09-2023,Regular,18,1086.42
46885873,Wahab Luthra,labanpadmanabhan@example.net,9.11E+11,"98/05
Master Road
Karawal Nagar-963507",Aizawl,253575,19-09-2023,Premium,4,946.64
72857290,Krishna Aggarwal,mahikakala@example.net,9.13E+11,"H.No. 43, Devan Street
Barasat 071684",Sasaram,9157,20-09-2023,Inactive,13,1806.01
73639935,Urvi Deo,talwargautami@example.com,9.11E+11,"12/820, Radhakrishnan Ganj
Aligarh-496495",Medininagar,528705,21-09-2023,Inactive,10,360.91
21597477,Mugdha Chaudhuri,varshadate@example.net,9.14E+11,"H.No. 85, Johal Path, Nadiad 338564",Bhopal,801132,21-09-2023,Inactive,18,246.42
86499778,Chakrika Sachar,tejas83@example.net,9.20E+11,"25, Golla Zila
Adoni-109681",Bhilai,967382,21-09-2023,Regular,18,654.76
88873916,Daniel Reddy,urmi43@example.net,9.12E+11,"H.No. 63, Sastry Path, Jalgaon 107058",Tirupati,230835,21-09-2023,New,16,1390.49
42272393,Anya Parmer,dhillonwyatt@example.com,9.17E+11,"81
Srivastava Street, Vellore 246419",Moradabad,915410,21-09-2023,New,7,1090.31
43377076,Imaran Krishnan,aryanchoudhary@example.net,9.17E+11,"46/011
Dhar Zila
Kishanganj 805857",Junagadh,642567,22-09-2023,New,6,720.69
39354312,Chatresh Andra,gmorar@example.net,9.19E+11,"H.No. 599, Saran Street, Guwahati-654856",Kulti,154452,22-09-2023,Premium,4,1599.19
44426129,Aahana Gopal,tdave@example.org,9.11E+11,"297
Kakar Zila
South Dumdum 826959",Vasai-Virar,945784,23-09-2023,Regular,10,591.55
53605257,Harita Naidu,devika35@example.com,9.14E+11,"H.No. 95
Murthy Path, Shimoga 503288",Haridwar,809794,23-09-2023,Regular,3,444.54
98687927,Yachana Brar,xlanka@example.com,9.20E+11,"92/339, Kar
Saharsa-001690",Pali,337430,23-09-2023,Premium,6,825.55
30285217,Isha Sahni,upalla@example.net,9.13E+11,"27, Rajan Street
Buxar-287946",Parbhani,275327,23-09-2023,Premium,11,334.01
51669263,Odika Manda,esekhon@example.com,9.10E+11,"H.No. 97
Prasad Circle
Shimla-145433",Avadi,625562,23-09-2023,Inactive,2,1698.87
9641623,Samarth Chander,bailfalguni@example.net,9.11E+11,"65/17, Balay Marg
Junagadh 746350",Kota,322889,23-09-2023,Premium,3,1515.02
99490786,Ayush Biswas,frederickkale@example.org,9.14E+11,"16/282
Dar Street, Suryapet 965764",Kishanganj,47845,23-09-2023,New,15,1097.78
90665975,Hamsini Dhingra,zaitra78@example.com,9.17E+11,"83/623, Halder Marg
Panchkula 692228",Nangloi Jat,402144,24-09-2023,Inactive,15,271.25
25587553,Nakul Venkatesh,hamsinikarpe@example.org,9.19E+11,"H.No. 136
Jani Road, Bhimavaram-112584",Imphal,369946,24-09-2023,Regular,12,689.82
35885052,Aadhya Ravi,urmibedi@example.org,9.18E+11,"20/26
Kuruvilla Road, Pondicherry-851116",Bhiwandi,745674,24-09-2023,Inactive,1,1838.87
14705462,Nakul Pal,ydevan@example.net,9.19E+11,"64
Goyal Nagar
Sonipat-553665",Bahraich,575946,24-09-2023,Premium,2,765.18
79257353,Tanvi Wagle,duttijaya@example.net,9.12E+11,"82, Shroff Street, Pondicherry-654693",Jaunpur,524267,24-09-2023,New,6,291.96
62416456,Diya Chakrabarti,bhavanikala@example.com,9.20E+11,"937, Nayar Street
Ongole-865795",Medininagar,121675,25-09-2023,Inactive,18,752.91
55404382,Isaiah Issac,csahni@example.net,9.16E+11,"H.No. 428
Dewan Road, Hospet-604940",Guntakal,245224,25-09-2023,Premium,19,950.79
31708103,Kabir Mani,gaurang03@example.org,9.17E+11,"85/279, Krishnan Chowk, Bhiwandi 709482",Gudivada,479673,25-09-2023,New,1,769.19
83267752,Om Choudhury,gaurav60@example.net,9.10E+11,"131
Dixit Path
Nashik-762279",Raipur,51420,25-09-2023,New,13,802.85
58513300,Hemal Mammen,farajwason@example.org,9.15E+11,"129, Seth, Mirzapur 807650",Jodhpur,245873,25-09-2023,Premium,1,664.85
87641623,Isaac Rattan,iborde@example.org,9.17E+11,"H.No. 71
Pant Street, Haldia 203973",Bulandshahr,795752,25-09-2023,Regular,11,1243.23
10048910,Pratyush Sawhney,bhavyabuch@example.com,9.19E+11,"24
Raja Circle, Sonipat-603340",Kozhikode,826123,25-09-2023,New,15,875.32
12695670,Anya Borde,qahuja@example.net,9.15E+11,"H.No. 392, Karpe Marg, Ahmedabad-346669",Jaipur,7202,25-09-2023,Premium,10,910.12
44589829,Udyati Garde,minhasharrison@example.org,9.17E+11,"92, Chaudhari, Tirunelveli 950904",Sagar,110593,25-09-2023,Regular,4,1570.62
21573815,Urvashi Dalal,rajagopalmanthan@example.net,9.16E+11,"77
Konda Street
South Dumdum-782739",Allahabad,583410,26-09-2023,Premium,2,206.87
84456355,Avi Ratti,kallamaya@example.com,9.15E+11,"11/390
Bava Path, Bhiwani-791996",Karawal Nagar,536746,26-09-2023,New,2,1361.12
13465850,Anmol Koshy,nitesh46@example.org,9.13E+11,"H.No. 563, Din Ganj, Aligarh-043634",Danapur,441097,26-09-2023,Premium,6,1956.03
3897936,Maanav Singh,unnikarpe@example.com,9.12E+11,"H.No. 954, Subramaniam Circle
Mangalore-854236",Pudukkottai,100457,26-09-2023,Premium,14,215.16
57523973,Darpan Rama,wagleyadavi@example.com,9.19E+11,"99/07, Mall Nagar
Tiruvottiyur 784487",Suryapet,254066,26-09-2023,New,2,1647.35
34526442,Harita Chatterjee,gaurika82@example.com,9.11E+11,"H.No. 249, Malhotra
Ghaziabad-893659",Raipur,674102,27-09-2023,Regular,14,1956.45
22253483,Chandresh Hora,geetikadave@example.net,9.11E+11,"H.No. 25, Soman Ganj
Faridabad-519455",Haridwar,115807,27-09-2023,Inactive,15,1561.12
31991019,Gauri Dhar,dominicperi@example.net,9.12E+11,"53/402
Gola Zila, Ulhasnagar 941321",New Delhi,151851,28-09-2023,Regular,12,1231.06
48000260,Dakshesh Jhaveri,kundaucchal@example.com,9.14E+11,"H.No. 772, Banerjee Zila, Imphal 073883",Bulandshahr,230718,28-09-2023,Inactive,18,592.51
32006907,Mohammed Din,egandhi@example.com,9.14E+11,"H.No. 00
Contractor Street, Hindupur-954443",Guwahati,192156,28-09-2023,Regular,13,879.66
39968800,Gopal Bera,gavin30@example.net,9.15E+11,"98/202
Maharaj Chowk
Srinagar-720865",Malda,385040,29-09-2023,New,19,1877.55
70589930,Sai Taneja,bariaazaan@example.com,9.11E+11,"H.No. 84
Narang Ganj, Dehradun-756490",Sambalpur,353937,29-09-2023,Premium,12,985.23
87718744,Max Pandit,vamakshi09@example.com,9.13E+11,"66/373
Wali
Singrauli-074003",Bathinda,966966,29-09-2023,Regular,6,863.84
92583164,Amruta Lad,omaja42@example.org,9.14E+11,"H.No. 81, Bhakta Marg
Hubli–Dharwad-245228",Burhanpur,526523,29-09-2023,Premium,20,1027.67
20238921,Shivani Kumer,ubhargava@example.com,9.12E+11,"H.No. 43
Tailor Nagar
Tadipatri 360847",Thiruvananthapuram,602258,29-09-2023,Premium,8,1298.79
62194279,Lavanya Rastogi,krishnannetra@example.com,9.13E+11,"28/38
Raja Road, Bhilwara-071347",Mysore,676770,29-09-2023,Premium,3,1561.41
54375571,Omaja Bumb,vrishtirajagopal@example.com,9.12E+11,"24/60, Dada, Allahabad 330051",Korba,207211,30-09-2023,Premium,4,405.49
88843865,Mitesh Chaudry,jkalla@example.com,9.14E+11,"49, Sehgal Road, North Dumdum 478645",Srinagar,281457,01-10-2023,Regular,19,1230.62
99714944,Bhanumati Chauhan,kashish47@example.org,9.15E+11,"H.No. 95
Pingle Circle
Guntur 923865",Adoni,920070,01-10-2023,New,18,708.5
37759707,Jhalak Venkataraman,zachariavasana@example.org,9.14E+11,"H.No. 774
Borah Nagar, Surat-338543",Sultan Pur Majra,626543,02-10-2023,Premium,12,924.06
10694081,Faris Raval,neel30@example.net,9.12E+11,"H.No. 668, Rama Chowk
Tiruchirappalli-877111",Meerut,568324,02-10-2023,Regular,16,769.13
62971413,Baljiwan Agrawal,zayanmenon@example.org,9.16E+11,"145
Roy Ganj
Madhyamgram 070455",Amritsar,853732,02-10-2023,Inactive,18,835.09
63025744,Eta Mander,vrishtinarasimhan@example.com,9.12E+11,"644
Minhas Ganj
Shahjahanpur 651838",Panipat,478112,02-10-2023,Regular,6,1112.65
74038361,Vasatika Lanka,yhayer@example.net,9.14E+11,"268
Chander Circle
Mehsana 867984",Khandwa,27671,02-10-2023,New,15,236.72
26040510,Jasmit Barad,jeetnazareth@example.com,9.13E+11,"542
Babu Circle, Berhampur 003256",Kadapa,393692,03-10-2023,Premium,5,507.99
6579892,Indrajit Sodhi,kalasai@example.net,9.17E+11,"H.No. 22
Konda Chowk
Akola-179821",Silchar,511482,03-10-2023,Regular,3,869.19
23676689,Jagat Dhar,jagatkota@example.net,9.12E+11,"56/400
Varma Chowk
Mathura 283182",Orai,822374,03-10-2023,Premium,2,654.95
54145987,Rushil Yadav,ethakkar@example.com,9.19E+11,"86/834
Kant Circle
Ludhiana 777242",Agartala,697253,03-10-2023,Premium,6,899.69
70966268,Odika Mahal,vasanaram@example.com,9.19E+11,"H.No. 60
Brahmbhatt Nagar, Bharatpur 479957",Arrah,757376,03-10-2023,New,15,541.94
92209869,Bishakha Shah,rhora@example.net,9.14E+11,"32/119, Goyal, Dharmavaram-413935",Jhansi,680194,03-10-2023,Regular,19,483.76
79726146,Zaitra Vig,ishanvi87@example.org,9.16E+11,"43/94, Ghosh, Alappuzha 635655",Kozhikode,826054,04-10-2023,New,4,220.09
21779155,Udant Upadhyay,ranganathanoeshi@example.com,9.14E+11,"H.No. 048, Shenoy Road, Morbi 688880",Guntur,764470,04-10-2023,New,19,1190.95
52048413,Keya Balakrishnan,parikhsamesh@example.org,9.15E+11,"09
Borra, Jehanabad-368313",Jalna,517187,04-10-2023,Inactive,20,1449.1
35358395,Hiral Kumar,yadavxalak@example.net,9.12E+11,"H.No. 835
Sahota Street
Ramagundam 303158",Dindigul,587334,05-10-2023,Inactive,12,787.28
9981089,Ikbal Hari,madhav05@example.net,9.18E+11,"38, Sood Marg
Panchkula-584011",Proddatur,188765,05-10-2023,Premium,1,402.74
44859592,Dhriti Koshy,urmi61@example.net,9.15E+11,"361, Mittal
Gandhinagar-958628",Proddatur,826520,05-10-2023,New,19,1283.05
21701991,Wazir Hari,ydevan@example.net,9.15E+11,"H.No. 09, Gill Circle, Kota-464715",Allahabad,296322,05-10-2023,New,5,1114.5
12500465,Barkha Chakrabarti,kagarwal@example.com,9.20E+11,"H.No. 13
Nagarajan Ganj
Shimoga 577461",Phusro,368657,05-10-2023,Premium,14,1758.5
74231111,Jhalak Varty,nandayuvraj@example.org,9.11E+11,"50/52
Bhatt Nagar
Pali-230302",Thane,190824,05-10-2023,Premium,15,514.31
27604184,Tripti Nadig,tmaster@example.com,9.19E+11,"04/18
Maharaj Zila
Pudukkottai 529324",Nandyal,279361,06-10-2023,New,9,1108.86
79773912,Vaishnavi Gulati,adityaramanathan@example.net,9.13E+11,"44/995
Saran, Gandhidham-563933",Jaunpur,669886,06-10-2023,Regular,7,751.73
15568831,David Swamy,shroffpranav@example.com,9.14E+11,"H.No. 00
Parmar Circle
Madanapalle 797272",Jammu,598277,06-10-2023,Premium,7,813.3
60300263,Sathvik Jani,omishasood@example.org,9.11E+11,"18/71
Gulati Marg
Karnal 644806",Rewa,314082,07-10-2023,New,8,374.67
44723662,Veer Dixit,theodore63@example.com,9.11E+11,"01/67
Dara Circle
Orai 934810",Dhanbad,205626,07-10-2023,Regular,7,272.63
89704218,Harini Ramakrishnan,dateeiravati@example.org,9.18E+11,"H.No. 92
Sura Road, Medininagar 243233",Khora ,706845,07-10-2023,Premium,11,1029.69
82134278,Jeremiah Jha,ekanimorar@example.net,9.12E+11,"13, Bahl Marg, South Dumdum 584867",Coimbatore,897757,07-10-2023,Premium,4,294.2
46148283,Kamya Mander,taurora@example.com,9.16E+11,"688, Joshi Nagar
Korba-886183",Kalyan-Dombivli,167549,07-10-2023,New,11,506.68
25981385,Chasmum Deol,kala09@example.com,9.12E+11,"77/335, Vig Chowk
Karaikudi-226233",Kakinada,361736,07-10-2023,New,15,1484.06
18940384,Anita Sehgal,leela14@example.net,9.19E+11,"34
More Nagar, Cuttack-272219",Sonipat,744492,08-10-2023,New,7,1068.47
97419742,Wishi Doshi,gauri61@example.com,9.19E+11,"290, Chad Street, Shahjahanpur-216192",Adoni,603224,09-10-2023,Inactive,7,1663.04
42872865,Vasatika Chatterjee,ishwar92@example.com,9.18E+11,"80/255
Nori Marg
Tinsukia-515901",Bulandshahr,876401,09-10-2023,Inactive,14,976.81
64932019,Ekiya Babu,chanchalmaharaj@example.org,9.18E+11,"336
Sandhu, Thanjavur 759771",Hindupur,936998,09-10-2023,Premium,6,1022.98
48821170,Hredhaan Bajaj,samaksh27@example.org,9.17E+11,"320, Garde Circle
Siliguri 164122",Jalgaon,187348,09-10-2023,Inactive,12,1321.76
12077371,Gautami Maharaj,david51@example.org,9.15E+11,"H.No. 309, Randhawa Ganj
Gopalpur 409152",Sambalpur,368657,09-10-2023,Premium,20,353.22
75244116,Jai Suri,sanaya74@example.com,9.12E+11,"11/76
Sura Road, Malda 325015",Gorakhpur,112503,09-10-2023,Inactive,10,426.97
15529446,Pallavi Goda,samarthpandey@example.com,9.11E+11,"H.No. 264
Master Chowk, Patna-122382",Haridwar,665417,10-10-2023,Premium,9,854.35
23996221,Jackson Issac,kulkarniekapad@example.com,9.19E+11,"H.No. 040
Kala Ganj, Bardhaman-699657",Ramagundam,243517,10-10-2023,Inactive,7,1783.28
46699982,Abhiram Sahni,vuppal@example.org,9.16E+11,"728, Mishra, Haridwar 182006",Ulhasnagar,837587,10-10-2023,Inactive,19,1171.6
80286283,Girindra Kalla,yash33@example.com,9.18E+11,"H.No. 328, Basu
Gangtok 697599",Ahmednagar,167124,10-10-2023,Regular,8,311.01
41811800,Sneha Bahl,advaygolla@example.org,9.19E+11,"63/20
Thakur Ganj, Bhiwandi-326191",Jaunpur,755202,10-10-2023,Regular,6,1410.59
27971619,Wriddhish Anne,jbhalla@example.org,9.14E+11,"19/372, Batra Nagar
Jodhpur-951616",Mirzapur,466962,11-10-2023,New,3,1691.32
81959925,Aarav Gopal,indalikapur@example.org,9.11E+11,"84/47
Banik Ganj, Solapur 423436",Durgapur,158515,11-10-2023,Inactive,1,1888.83
76533277,Bakhshi Kuruvilla,muniharshil@example.net,9.11E+11,"40/20
Varty Marg
Ahmedabad 579383",Gangtok,912071,11-10-2023,New,16,1857.65
89867195,Akshay Comar,qbarman@example.com,9.18E+11,"H.No. 482
Aggarwal Zila
Kolhapur-540436",Tumkur,216353,11-10-2023,Premium,10,409.49
84066402,Lucky Dar,amrutadixit@example.com,9.19E+11,"43/56
Shah Nagar, Jalna-842838",Amritsar,684269,11-10-2023,Regular,7,794.76
74212242,Netra Kaul,manya42@example.org,9.19E+11,"78
Nagy Street, Giridih-598307",Allahabad,725534,12-10-2023,Premium,2,1065.52
15391556,Ria Pau,oviya43@example.net,9.19E+11,"51/45
Lanka Path
Panchkula-119503",Nellore,687731,12-10-2023,Inactive,16,762.73
949062,Jackson Karpe,sembhavika@example.net,9.10E+11,"H.No. 81, Mital Ganj
Mangalore 130050",Mau,106228,13-10-2023,Inactive,19,1947.14
93699264,Bakhshi Ghose,fbalakrishnan@example.org,9.12E+11,"84/24
Hans Path, Kakinada-824537",Hubli–Dharwad,527137,14-10-2023,Inactive,17,1846.48
90647204,Lipika Swaminathan,chandchaitaly@example.com,9.19E+11,"315, Pingle Path, Giridih 546076",Muzaffarnagar,603717,14-10-2023,New,13,1124.52
59197894,Mitesh Saha,dayalgeetika@example.com,9.17E+11,"H.No. 327, Soni Nagar
Orai 366501",Akola,519759,14-10-2023,Inactive,19,1788.36
46875863,Charita Anne,rajeshri43@example.net,9.11E+11,"H.No. 595
Prasad Zila, Purnia 798149",Bidar,158018,14-10-2023,Regular,8,1118.55
81940825,Kamala Thaman,ctank@example.org,9.10E+11,"35/75, Bhalla Road, Burhanpur 621162",Proddatur,938207,14-10-2023,New,4,1119.75
10830043,Gabriel Iyer,bbala@example.com,9.18E+11,"H.No. 369, Buch Circle, Jammu-963201",Hospet,548469,15-10-2023,New,9,899.6
91868185,Raghav Sathe,ekaniparmer@example.org,9.20E+11,"00/26, Chandra Chowk, Uluberia 117916",Srinagar,517675,15-10-2023,New,1,1657.84
93341057,Ayaan Tiwari,nagiyashica@example.net,9.12E+11,"74/730
Zacharia Road, Karawal Nagar-451755",Maheshtala,660740,15-10-2023,Inactive,20,1783.53
83262890,Aryan Date,parikhwishi@example.com,9.20E+11,"63/990
Ramesh Nagar
Bahraich-932537",Ulhasnagar,561730,15-10-2023,New,1,1293.97
51387106,Nandini Devi,xitigour@example.net,9.16E+11,"26
Jain Circle, Gaya-053431",Jamalpur,902417,15-10-2023,New,15,615.8
91320466,Laban Raju,ryandyal@example.net,9.12E+11,"820
Palla
Yamunanagar-519750",Yamunanagar,776068,15-10-2023,Premium,8,478.45
35420673,Anika Agrawal,ymukhopadhyay@example.com,9.14E+11,"H.No. 261
Chatterjee Ganj
Jalgaon-635598",Chennai,472044,16-10-2023,Premium,19,501.98
73654821,Vedant Rattan,soodurishilla@example.org,9.13E+11,"45/821, Joshi Zila, Bhilai 902150",Vijayawada,570349,16-10-2023,New,18,1892.18
88130777,Darsh Gupta,xdash@example.org,9.18E+11,"508
Brar Path, Machilipatnam 589416",North Dumdum,424291,17-10-2023,New,16,301.23
49970560,Pallavi Rao,aryan83@example.net,9.12E+11,"11/37, Sahni Street, Madurai 667472",Guwahati,787564,17-10-2023,Regular,15,1587.05
40986000,Charles Gara,ichada@example.net,9.16E+11,"H.No. 321, Palan Chowk
Purnia 304075",Karnal,59218,17-10-2023,Premium,20,223.79
8383197,Nikita Ravi,wriddhishgoda@example.net,9.12E+11,"34, Deol Nagar, Mirzapur-271064",Tiruppur,621192,17-10-2023,New,16,1440.12
98625898,Raagini Taneja,umang95@example.org,9.13E+11,"263
Kamdar Chowk
Bhatpara-557575",Raiganj,355567,17-10-2023,Premium,14,1879.91
14991661,Logan Nigam,ygole@example.org,9.19E+11,"55/903, Ben Zila, Erode 211292",Chandrapur,865476,18-10-2023,New,18,1719.35
95858939,Chakrika Shroff,nbalay@example.com,9.11E+11,"83/95, Sheth Marg, Chandrapur-896229",Raiganj,353023,19-10-2023,Regular,8,1823.58
82372427,Anjali Cheema,anthonybandi@example.com,9.13E+11,"H.No. 888, Lad Chowk
Kota-646642",Dehradun,992332,19-10-2023,New,14,1515.62
66932104,Chakradhar Dhawan,patlaatharv@example.com,9.11E+11,"110, Dass Zila, Fatehpur 117215",Shahjahanpur,219750,19-10-2023,Premium,3,976.71
68419593,Sneha Sodhi,parth81@example.org,9.18E+11,"H.No. 888
Nagarajan Nagar
Tezpur 275419",Patna,602979,19-10-2023,Inactive,5,1769.51
10729474,Gautami Pingle,oliverraman@example.org,9.15E+11,"40/162
Lall Chowk, Rourkela 080616",Howrah,14994,19-10-2023,New,16,417.3
2414265,Ayushman Bala,tkonda@example.net,9.11E+11,"H.No. 86
Dyal, Solapur-311874",Sultan Pur Majra,6805,19-10-2023,New,6,571.92
89361574,Nakul Goyal,matwal@example.net,9.14E+11,"51, Oommen Chowk
Jhansi 409585",Deoghar,925948,20-10-2023,Regular,14,315.31
50572914,Ishani Mukherjee,shivani15@example.net,9.16E+11,"H.No. 68, Gade Chowk
Siliguri-878991",Bihar Sharif,654429,21-10-2023,Regular,20,701.55
62742184,Gabriel Luthra,qasim85@example.net,9.15E+11,"H.No. 569, Narain Marg
Hosur-065127",Nandyal,575266,21-10-2023,Premium,15,1518.76
4543215,Farhan Soni,binakala@example.com,9.10E+11,"84/481
Gupta Marg
Kolhapur-377160",Satna,339165,21-10-2023,Premium,6,526.7
75944533,Garima Kohli,ganesharin@example.com,9.13E+11,"H.No. 25, Sharaf Chowk, Rajkot 112785",Jabalpur,760017,21-10-2023,Inactive,19,577.89
57662767,Lila Chakraborty,birhemangini@example.org,9.17E+11,"65/74
Lad Zila, Ulhasnagar-281824",Kalyan-Dombivli,652094,21-10-2023,Premium,10,403.61
46741896,Jagvi Patla,faras93@example.net,9.15E+11,"838
Arya, Nanded 274834",Mango,656521,21-10-2023,Premium,13,1518.23
25595836,Sathvik Prabhakar,vihaan96@example.net,9.17E+11,"71/414
Vaidya Marg, Kumbakonam 076787",Orai,103518,22-10-2023,New,18,314.17
3096845,Yashvi Chander,saksham67@example.com,9.15E+11,"H.No. 43, Swaminathan
Mau-891182",Guntakal,853373,22-10-2023,New,20,336.81
64795608,Ishita Mital,aishanikalita@example.com,9.18E+11,"35/424
Karpe Ganj, Faridabad-080640",Udupi,176996,22-10-2023,New,14,470.99
2134827,Vasudha Kalita,zaitra93@example.org,9.11E+11,"21/239
Bedi, Bettiah-618106",Ambarnath,863663,22-10-2023,New,10,1710.75
54099929,Devika Hans,randhawadamini@example.net,9.12E+11,"61/42
Chad Road, Shimoga-427336",Karnal,132415,22-10-2023,New,7,1712.59
77625089,Omisha Kalla,yogividhi@example.net,9.13E+11,"69/285, Sarkar Street, Hospet-402412",Rourkela,735727,23-10-2023,New,1,1879.39
65368179,Ati Iyer,urmisahni@example.org,9.17E+11,"883, Rout Marg
Tezpur-233753",Bokaro,212082,23-10-2023,Premium,4,1826.72
97873848,Ladli Johal,csant@example.com,9.11E+11,"H.No. 68
Bakshi Marg, Sasaram 557143",Kavali,764984,23-10-2023,Regular,18,1381.21
61877649,Yuvraj Roy,fitanvarty@example.net,9.18E+11,"72, Mannan Circle, Durgapur-415078",Nagaon,251525,25-10-2023,Premium,12,1739.04
93458307,Jalsa Choudhury,yasti36@example.com,9.18E+11,"H.No. 819
Lal Road
Guwahati 653919",Anand,531962,25-10-2023,Inactive,6,541.59
88434834,Chandresh Pingle,dayita84@example.net,9.15E+11,"12, Manda Path, Rajkot-918686",Ambarnath,852789,25-10-2023,Premium,19,1484.9
10745302,Yochana Shukla,jaigrover@example.net,9.17E+11,"16/77, Kuruvilla Road
Jamalpur-474745",Indore,49444,26-10-2023,Premium,5,1530.95
68754962,Odika Rout,bsinha@example.com,9.17E+11,"849
Sani Ganj
Ahmednagar 929709",Khammam,12144,26-10-2023,Inactive,2,512.27
78572233,Ucchal Nagy,chauhanliam@example.com,9.14E+11,"19/95, Mangal Road
Hyderabad-121004",Siwan,584166,26-10-2023,Regular,7,1845.28
47711422,Meghana Varkey,ebhatti@example.org,9.17E+11,"H.No. 33
Vig Circle
Kishanganj-213957",Bhatpara,244531,26-10-2023,Inactive,20,1234.7
45166203,Rushil Dass,borraonveer@example.net,9.15E+11,"07/48, Varughese Road, Phusro 293764",Proddatur,350967,26-10-2023,Regular,19,724.81
2188994,Bimala Mitra,uarora@example.net,9.19E+11,"01/27
Murthy Circle
Ratlam 179286",Patiala,635527,26-10-2023,Inactive,6,484.51
1624115,Saksham Atwal,meghaatwal@example.org,9.12E+11,"445, Pai
Haldia 442073",Kochi,487872,26-10-2023,New,2,331.1
41194825,Mekhala Shah,patlaanjali@example.com,9.19E+11,"H.No. 641
Sarma Road, Raipur 677944",Singrauli,711877,26-10-2023,Regular,19,1678.77
24308515,Thomas Walia,laksh53@example.com,9.19E+11,"401
Baral Chowk
Thrissur 779900",Panchkula,546301,26-10-2023,Regular,20,1801.96
68475914,Ishita Sarna,bhallasaanvi@example.org,9.16E+11,"198
D’Alia Road, Anantapur-670874",Kishanganj,766236,27-10-2023,Inactive,6,1615.84
7551173,Chandran Sur,wakeetajohal@example.org,9.18E+11,"27
Choudhary Ganj, Bhimavaram 214075",Ghaziabad,306374,27-10-2023,New,11,1197.58
27727819,Lavanya Bhasin,vidhidixit@example.org,9.10E+11,"69, Mohanty Nagar
Bhopal-712953",Nagercoil,165069,28-10-2023,Inactive,8,1175.48
22524981,Samar Sengupta,ipant@example.org,9.13E+11,"H.No. 688, Mannan Chowk, Nizamabad 675490",South Dumdum,907188,28-10-2023,New,14,343.23
72132838,Yashvi Kashyap,granganathan@example.org,9.16E+11,"45/542, Acharya Circle
Ahmednagar-090180",Raurkela Industrial Township,367210,28-10-2023,Premium,8,567.13
90745023,Samarth Sathe,gillkritika@example.com,9.12E+11,"13
Garde
Coimbatore-135385",Ratlam,300261,28-10-2023,Inactive,12,889.72
64197854,Krishna Ramanathan,bina08@example.com,9.10E+11,"391, Kunda Chowk, Pune 550785",Bellary,265134,28-10-2023,Regular,17,1231.67
67918495,Aarav Gour,patelwazir@example.org,9.15E+11,"578, Dash Chowk
Kadapa 410777",Ratlam,878680,28-10-2023,Inactive,16,496.65
67302239,Tanvi Bajaj,gpal@example.net,9.10E+11,"11/16
Sridhar Street
Meerut-931911",Kozhikode,525311,29-10-2023,Regular,7,1463.73
93522848,Mohammed Sahni,takkrishna@example.net,9.14E+11,"490
Soman Ganj
Bhatpara 521317",Jodhpur,103710,29-10-2023,Inactive,20,1875.27
89995124,Gauri Butala,ranveeranne@example.org,9.16E+11,"890, Sastry, Narasaraopet-405280",Muzaffarpur,833041,29-10-2023,Premium,6,995.42
68196920,Vasana Tripathi,faras32@example.com,9.12E+11,"377, Wason Street
Chittoor 121927",Rewa,437649,29-10-2023,Regular,15,1810.28
3844290,Yashawini Thaman,kohliwyatt@example.com,9.15E+11,"H.No. 37, Patla Circle
Madurai 325088",Berhampore,88516,29-10-2023,Inactive,2,301.73
10663246,Madhav Chana,abhiram84@example.org,9.16E+11,"31/173, Kalita Nagar, Nashik-267071",Gandhidham,538790,29-10-2023,Regular,12,1976.29
40800762,Pranav Dar,urvashi38@example.org,9.16E+11,"70/167, Gaba Ganj
Madhyamgram 684375",Pallavaram,455611,30-10-2023,Inactive,10,1781.9
49457685,Bahadurjit Pau,osharaf@example.org,9.19E+11,"870
Warrior Circle, Bhubaneswar 429828",Kamarhati,464123,30-10-2023,Inactive,10,487.34
57360162,Aarini Rama,bkuruvilla@example.com,9.17E+11,"H.No. 10
Pai Chowk
Jorhat 052878",Bally,69036,30-10-2023,Regular,20,607.46
53974737,Kiaan Menon,narainojas@example.net,9.16E+11,"59/09, Shankar Chowk
Guwahati-481373",Panipat,637163,30-10-2023,New,15,672.4
82585664,Turvi Parmar,ekanshdevan@example.org,9.17E+11,"02/13
Kalla Zila, Rajahmundry 478484",Ludhiana,678835,30-10-2023,Regular,14,1511.43
38355752,Udyati Shenoy,ilad@example.net,9.17E+11,"882
Sharma Marg, Berhampore 371055",Panvel,848392,31-10-2023,Premium,20,336.21
60656482,Rajata Purohit,jack16@example.net,9.15E+11,"23/797, Mammen Zila, Hazaribagh 152040",Haldia,745064,31-10-2023,Inactive,12,627.69
11478478,Vedika Dugal,sroy@example.org,9.12E+11,"H.No. 44, Tata Nagar, Guwahati 451820",Ahmednagar,955878,31-10-2023,Inactive,17,762.82
6637282,Damini Lad,chandanikhatri@example.org,9.19E+11,"407
Bose Nagar
Bhavnagar-274966",North Dumdum,140071,31-10-2023,Inactive,15,1495.87
69340015,Aryan Ravel,garasara@example.com,9.19E+11,"H.No. 554
Dass Road
Phagwara 104165",Tenali,314322,31-10-2023,Premium,16,1168.22
23098216,Ladli Chhabra,nagykashish@example.com,9.13E+11,"66/01, Kar Chowk, Shimla-966926",Mahbubnagar,153137,01-11-2023,New,9,1193.05
88866835,Osha Dora,ebatta@example.net,9.13E+11,"H.No. 022, Bava Street, Srikakulam-979419",South Dumdum,65460,01-11-2023,Premium,6,506.63
19556566,Yashica Doctor,yachanachokshi@example.com,9.16E+11,"H.No. 861, Sami Street, Akola 863487",Tiruvottiyur,937178,01-11-2023,Premium,20,664.17
24000329,Aarush Dey,zdewan@example.net,9.11E+11,"20/70, Rau
Durg-039531",Gulbarga,375546,01-11-2023,Premium,17,1787.69
52913011,Chaitaly Parekh,chanakyakashyap@example.com,9.15E+11,"H.No. 84, Verma, Tirupati-193891",Dhule,505219,01-11-2023,Inactive,7,1952.94
67465084,Rachita Gill,meghana61@example.net,9.13E+11,"415
Keer Zila
Pondicherry 417130",Ratlam,549174,02-11-2023,Premium,20,1001.97
26592009,Michael Dhingra,mdasgupta@example.org,9.19E+11,"H.No. 28, Vasa Road
Nagpur 397247",Adoni,16283,02-11-2023,Premium,14,317.83
89619421,Urvi Maharaj,imaran14@example.com,9.13E+11,"30/168, Raman Street, Kharagpur 263382",Rajpur Sonarpur,161282,02-11-2023,Premium,5,1466.13
19523856,Aryan Sood,shettykashish@example.net,9.19E+11,"89/64
Mall Road, Kochi-401679",Thoothukudi,468885,02-11-2023,Premium,6,1084.14
21577948,Madhav Johal,venkateshchatura@example.org,9.11E+11,"23/934, Tata Chowk
Tiruvottiyur-121149",Ahmednagar,767957,02-11-2023,New,17,225.6
66023110,Joshua Mishra,imaranchana@example.com,9.19E+11,"H.No. 62
Chand Path
Bhimavaram 617653",Kottayam,636641,03-11-2023,New,20,1807.56
26935187,Tanveer Yogi,jananikapoor@example.net,9.13E+11,"51/88
Tandon Circle
Tiruvottiyur 882576",Chandrapur,741984,03-11-2023,Premium,9,919.12
79789048,Saumya Bassi,falgunichaudhari@example.net,9.14E+11,"H.No. 25, Kumer Zila, Jalandhar-370188",Ozhukarai,401049,04-11-2023,Regular,17,771.05
16082651,Amara Sundaram,sehgalsiya@example.net,9.14E+11,"54, Manda Road
Dehradun 627738",Junagadh,506119,04-11-2023,Regular,14,895.74
32527479,Nidhi Varkey,krishakaul@example.org,9.16E+11,"H.No. 901
Pau Ganj, Munger-041682",Jorhat,597322,04-11-2023,Regular,19,896.82
18256339,Dalbir Dora,lsandal@example.net,9.16E+11,"90/329, Bhatt Circle, Thane 548250",Mumbai,963704,04-11-2023,New,5,1719.33
39957741,Siddharth Sibal,ksinha@example.org,9.14E+11,"18
Peri Nagar, Ambattur 659851",Bellary,883836,05-11-2023,Inactive,11,1769.15
81500385,Upma Gokhale,sara91@example.net,9.20E+11,"95/44
Parmer Road
Naihati-539992",Ludhiana,51633,05-11-2023,New,12,772.64
38671747,Falan Acharya,varenya53@example.com,9.20E+11,"H.No. 49, Chahal Road
Medininagar 760903",Rajahmundry,758751,05-11-2023,New,16,1681.18
77007315,Amara Lad,hitesh06@example.org,9.17E+11,"H.No. 086, Soman, Panchkula-966165",Satara,867852,05-11-2023,Premium,10,1750.59
45028365,Qarin Dass,ekanshdhillon@example.org,9.20E+11,"88, Karan Path
Dehradun 508763",Danapur,418635,06-11-2023,Regular,5,518.33
6150721,Vaishnavi Master,ldeshpande@example.org,9.18E+11,"82/547
Deep Road
Phusro-585053",Panihati,15615,07-11-2023,New,2,1705.17
24032469,Liam Khatri,chaayabalay@example.net,9.19E+11,"38
Bassi Ganj, Navi Mumbai-379945",Muzaffarnagar,722292,07-11-2023,New,14,814.5
9573071,Ranveer Mahal,phegde@example.org,9.12E+11,"49, Sarkar Zila, Navi Mumbai-077374",Thrissur,856100,07-11-2023,New,5,958.06
53636086,Max Nadkarni,kumersiya@example.org,9.15E+11,"25/86
Kata Zila
Howrah 811775",Bally,342729,07-11-2023,Premium,20,1238.26
97185284,Jeevika Nayar,pallavidhi@example.com,9.11E+11,"03/06, Jha Chowk, Siliguri-754493",Haldia,888357,07-11-2023,Regular,2,1599.26
67829645,Akshay Vohra,sainigam@example.net,9.15E+11,"35, Ramaswamy Road, Munger 879775",Jamalpur,675581,08-11-2023,New,4,711.83
94850985,Isaac Anne,unnati97@example.org,9.13E+11,"17/71, Hegde Road, Rajpur Sonarpur 453198",Delhi,80190,08-11-2023,New,8,1923.29
80696046,Avni Trivedi,idayal@example.net,9.17E+11,"20/397, Karpe Nagar, Bangalore 371675",Agartala,977594,08-11-2023,Inactive,11,623.23
59909004,Indali Master,samaksh55@example.org,9.11E+11,"H.No. 08
Dar
Sambhal-965654",Haridwar,910220,09-11-2023,New,15,731.88
41647393,Simon Padmanabhan,kevin23@example.com,9.17E+11,"H.No. 485
Mangat Street, Varanasi-453576",Sirsa,149812,09-11-2023,Inactive,11,1785.8
59518795,Wazir Sandal,pmangal@example.org,9.13E+11,"95/826
Bal
Secunderabad 223476",Jodhpur,589920,09-11-2023,New,16,947.51
91768226,Vansha Walia,bhavikagour@example.net,9.18E+11,"792, Murty Chowk, Danapur-524967",Bardhaman,706055,09-11-2023,Regular,11,203.02
16436211,Daniel Hans,jacob31@example.net,9.13E+11,"H.No. 00
Narayanan Marg, Shahjahanpur-715267",Tadepalligudem,892690,09-11-2023,Regular,8,780.94
15661674,Jyoti Ray,dugalchandresh@example.org,9.10E+11,"47/13
Mander Ganj, Farrukhabad 654671",Vadodara,300794,10-11-2023,Regular,12,453.24
92203470,Chatresh Narula,vshanker@example.net,9.13E+11,"16
Vaidya Ganj
Sangli-Miraj & Kupwad 799068",Amaravati,432216,10-11-2023,Regular,17,1678.84
4378755,Oscar Ratta,wguha@example.com,9.17E+11,"18/375, Ramachandran Circle
Karnal 455818",Pali,583209,10-11-2023,Premium,2,1144.9
1989720,Anusha Bahri,hemanginigour@example.org,9.17E+11,"H.No. 78, Memon Marg, Bettiah-165769",Saharanpur,232753,10-11-2023,Inactive,6,239.76
36146306,Aryan Ghose,brahmbhattvihaan@example.net,9.14E+11,"422
Salvi
Panchkula 451977",Pallavaram,767176,10-11-2023,Regular,19,828.14
83964902,Jeremiah Keer,mohini14@example.org,9.12E+11,"64/07
Padmanabhan Road
Latur 717782",Bhimavaram,569130,10-11-2023,Regular,2,536.01
57658033,Rajeshri Ramaswamy,lvarghese@example.org,9.18E+11,"25/38, Banerjee Marg, Raurkela Industrial Township 526429",Yamunanagar,357745,10-11-2023,New,8,1281.84
8734819,Balveer Verma,henry39@example.org,9.12E+11,"38/07
Chawla Marg, Farrukhabad 603507",Surendranagar Dudhrej,150558,11-11-2023,New,13,1466.9
59815512,Teerth Seshadri,jeet97@example.com,9.12E+11,"H.No. 57, Bains Street
Dewas-995261",Jalna,92916,11-11-2023,Regular,16,1022.99
65895091,Chaitaly Shere,vedhikakeer@example.com,9.19E+11,"H.No. 021
Balan Road, Kadapa-276118",Orai,59036,11-11-2023,Inactive,8,1634.33
53640286,Quincy Cheema,vigvasatika@example.org,9.16E+11,"58/738, Dhar Zila, Phusro-372086",Mathura,28426,12-11-2023,Premium,20,1368.38
59619739,Charan Ramanathan,aryadayal@example.org,9.17E+11,"28/03, Tiwari Chowk
Arrah 002279",Delhi,105428,12-11-2023,New,12,871.39
24517523,Mohini Pillai,edyal@example.com,9.10E+11,"669
Vala, Tiruppur-864320",Tirunelveli,786498,12-11-2023,Premium,14,361.29
5754255,Radha Rana,kritika79@example.org,9.14E+11,"34/71, Wable Nagar, Bally 321844",Mango,547754,12-11-2023,Inactive,1,1050.74
37702698,Joshua Bajaj,theodoretalwar@example.com,9.12E+11,"99, Narayanan Street
Shivpuri 766228",Bareilly,845884,13-11-2023,New,12,1727.41
75028268,Pahal Malhotra,wazir75@example.com,9.11E+11,"845, Prakash Marg, Tadepalligudem 032115",Kirari Suleman Nagar,412117,13-11-2023,Inactive,10,620.03
32585389,Abhimanyu Sachdeva,daksheshdave@example.net,9.18E+11,"36/52
Mane Street
Rohtak 670007",Howrah,717606,13-11-2023,Premium,3,1378.77
22851478,Vamakshi Bhardwaj,parthbarman@example.com,9.15E+11,"H.No. 24, Nayar Ganj, Gulbarga-261578",Varanasi,799601,13-11-2023,Regular,14,1722.19
51040116,Inaya Pillai,wyattsavant@example.com,9.12E+11,"77
Mistry Ganj, Unnao-632141",Berhampur,595645,14-11-2023,Regular,11,783.03
84287579,Amrita Borde,orajagopalan@example.org,9.10E+11,"H.No. 57
Baral Road
Dhanbad-870742",Raurkela Industrial Township,625329,14-11-2023,Premium,4,1655.6
21866852,Ojas Morar,gangulymahika@example.org,9.17E+11,"059
Narain Marg, Mau 610611",Guwahati,428400,14-11-2023,Premium,18,1480.38
90919603,Priya Chaudry,osaraf@example.com,9.19E+11,"29/035
Walia Path, Kulti 693931",Howrah,82827,14-11-2023,Regular,10,555.97
22036818,Yatan Yogi,sandhurishi@example.org,9.10E+11,"30/023
Bail
Jabalpur 182539",Hindupur,19178,14-11-2023,New,5,1732.02
67701771,Gaurav Sodhi,nsibal@example.net,9.11E+11,"63/74, Sarkar Road, Jhansi-992671",Mathura,928001,14-11-2023,Premium,9,550.5
4055790,Noah Malhotra,dkannan@example.net,9.15E+11,"H.No. 71
Bhatia Ganj
Kavali 971275",Jamnagar,170135,14-11-2023,Regular,13,1178.81
50899600,Frado Arya,kthakur@example.com,9.19E+11,"11, Kar Zila
Pondicherry-026892",Bettiah,87102,15-11-2023,New,1,989.49
49050014,Chanakya Mukhopadhyay,edhithashetty@example.net,9.14E+11,"H.No. 648, Morar Road
Dharmavaram-350890",Ludhiana,610068,15-11-2023,Premium,8,1589.25
24621386,Maanav Raghavan,ramanamika@example.org,9.18E+11,"74
Jaggi Road
Khammam-907374",Rajahmundry,607110,15-11-2023,Premium,14,344.08
820740,Mekhala Sathe,naveennatt@example.com,9.14E+11,"H.No. 20, Thakkar Marg
Ambala 748990",Ambala,634784,15-11-2023,Premium,1,1385.46
4200802,Chakrika Gaba,ekavir26@example.net,9.17E+11,"20
Gokhale Chowk, Fatehpur-880669",Ramgarh,860603,15-11-2023,Inactive,10,678.96
84572019,Jagrati Baral,vasudhagara@example.net,9.13E+11,"34
Thaker Chowk
Bally-512370",Burhanpur,643739,15-11-2023,Inactive,14,1067.89
966247,Jeevika Deo,sbalasubramanian@example.net,9.15E+11,"894, Chanda Road
Kamarhati 134874",Junagadh,410259,16-11-2023,Inactive,13,1110.76
22081691,Yagnesh Bora,harrisonmore@example.net,9.17E+11,"41/94
Bora Path
Siliguri 237079",Satara,999018,16-11-2023,New,13,361.38
4618801,David Saran,dalbir79@example.org,9.16E+11,"24, Dayal Chowk
Avadi 300543",Jodhpur,869099,16-11-2023,Premium,11,201.56
92604392,Kevin Palan,ati37@example.com,9.14E+11,"372, Mitter Zila
Ranchi-735929",Faridabad,853795,16-11-2023,Premium,10,909
37915052,Ayush Kade,tbajaj@example.net,9.19E+11,"63
Khanna Road, Kadapa-270217",Jalna,215907,16-11-2023,Regular,10,1499.16
29525287,Theodore Dhar,sachidutt@example.net,9.14E+11,"H.No. 736, Brar Street
Darbhanga-292274",Bhimavaram,891343,16-11-2023,Premium,15,1976.98
50650215,Isaac Samra,aashi06@example.net,9.14E+11,"H.No. 68, Bajaj Road
Dehri 969139",Pimpri-Chinchwad,550671,16-11-2023,New,12,1474.41
11562458,Parth Raghavan,bhargavaeshana@example.org,9.14E+11,"H.No. 09
Choudhury Nagar, Motihari-939952",Firozabad,227726,16-11-2023,Regular,7,1409.32
10524732,Bhavna Ramesh,esingh@example.org,9.16E+11,"39/475
Sathe Road
Bhopal-622648",Rajahmundry,134704,16-11-2023,Regular,18,1830.92
72797175,Aarush Ratti,harinikurian@example.net,9.13E+11,"21/12
Malhotra Path
Mangalore-066277",Loni,660030,17-11-2023,Regular,7,426.09
79206969,Aadi Bains,girindra18@example.net,9.16E+11,"671, Khurana
Mango 598682",Jamalpur,574469,17-11-2023,Regular,1,721.13
61015113,Dalaja Choudhury,jaggionveer@example.com,9.19E+11,"15/686, Sarin Road, Baranagar-665391",Amroha,471074,17-11-2023,Regular,4,1764.18
31371112,Osha Chad,babujoshua@example.org,9.15E+11,"H.No. 48
Kamdar
Salem 078745",Darbhanga,351799,17-11-2023,Regular,5,231.41
2058037,Yutika Badal,biswastamanna@example.org,9.20E+11,"H.No. 88, Konda Chowk
Ahmednagar 017628",Rajkot,493628,17-11-2023,Inactive,11,1797.02
87266309,Yachana Sethi,dashneel@example.com,9.13E+11,"63/721, Gala, Rourkela 611895",Agra,173328,17-11-2023,Regular,19,1097.48
40323385,Kai Sami,leela55@example.net,9.13E+11,"631, Dubey Zila
Bhiwandi 092053",Bikaner,451907,17-11-2023,Regular,9,1631.87
21481338,Rajata Upadhyay,agatemaanav@example.org,9.14E+11,"H.No. 357
Subramanian Road, Mirzapur-401810",Tirunelveli,90749,17-11-2023,New,17,480.61
9401406,Lucky Babu,shivanisura@example.net,9.17E+11,"19/19, Prabhakar Circle
Khandwa-188633",Panipat,128140,18-11-2023,Regular,14,792.74
81605722,Bachittar Morar,vasana79@example.net,9.11E+11,"H.No. 838, Taneja Nagar
New Delhi 195998",Salem,610584,18-11-2023,Regular,15,856.01
1662375,Tanmayi Yohannan,indrajitdhillon@example.com,9.14E+11,"72, Saxena Marg
Bellary-326727",Tiruchirappalli,783266,18-11-2023,New,7,1350.81
72366758,Vedant Sengupta,xbarad@example.net,9.16E+11,"51/364, Dewan Path
Mumbai-975747",Ichalkaranji,228827,19-11-2023,Inactive,9,513.7
9450435,Sai Chaudhry,ravalbina@example.com,9.14E+11,"76/10
Guha Marg, Thiruvananthapuram-148407",Bellary,630243,19-11-2023,Regular,1,1567.76
92098757,Bhavna Mammen,umang45@example.net,9.11E+11,"290
Bhasin Zila
Jammu-346920",Phagwara,773475,19-11-2023,New,14,1419.7
96583772,Ekta Sane,jtank@example.com,9.12E+11,"H.No. 59, Bava Ganj, Anantapur 847660",Bhatpara,675854,19-11-2023,New,8,690.19
39140039,Upasna Naidu,nathaniel57@example.org,9.17E+11,"84
Varughese Chowk, Kolkata 159107",Madhyamgram,316077,19-11-2023,New,18,1504.96
42208242,Farhan Tata,dlal@example.org,9.11E+11,"73/63, Lalla Path
Firozabad 862928",Danapur,518443,19-11-2023,Regular,19,1222.25
57770044,Zarna Master,xalak26@example.net,9.20E+11,"H.No. 15
Venkatesh Circle, Sirsa-878884",Ajmer,900627,19-11-2023,Regular,10,934.08
93198324,Bhavya Dutta,kdugar@example.org,9.19E+11,"25/800, Chanda Road, Jamshedpur-861401",Thane,196294,19-11-2023,Inactive,11,1742.23
66827191,Om Bhatia,manineelima@example.com,9.12E+11,"H.No. 33
Devi Ganj
Arrah 827426",Alwar,409528,19-11-2023,New,11,1808.42
77869660,Nidhi Sha,ewali@example.org,9.16E+11,"H.No. 174, Saraf Chowk, Deoghar-906819",Gandhinagar,843445,20-11-2023,Premium,8,439.41
46378942,Oscar Kurian,vedhikanarasimhan@example.com,9.18E+11,"64/29, Lalla Road, Kolhapur 461306",Chandigarh,319915,20-11-2023,Premium,1,1768.04
43860025,Nidhi Baria,wwalia@example.org,9.18E+11,"H.No. 155, Bhargava Chowk, Serampore 694711",Nagpur,394614,20-11-2023,Regular,18,292.92
67277562,Arunima Borde,nkurian@example.org,9.10E+11,"37, Sant Circle
Bhiwandi-247759",Ghaziabad,721656,20-11-2023,Inactive,10,1951.59
34768050,Ekalinga Dixit,ojas67@example.com,9.12E+11,"H.No. 66, Walia Street, Thoothukudi-930293",Dhanbad,35987,21-11-2023,Inactive,17,1358.51
31527100,Triya Tailor,kamalasankaran@example.org,9.15E+11,"77/42, Buch Circle, Kharagpur 515901",Ratlam,816490,21-11-2023,Inactive,12,1830.13
87984862,Qasim Kant,qbandi@example.net,9.13E+11,"28/090
Chahal Marg, Nanded 239589",Yamunanagar,447524,21-11-2023,Premium,14,1034.45
77921718,Raghav Bassi,wsood@example.org,9.10E+11,"H.No. 23, Borde Chowk, Bareilly 164276",Thrissur,368568,21-11-2023,Premium,3,1952.17
16786161,Maya Ram,paiunnati@example.org,9.18E+11,"198, Narula Road, Patiala-297171",Chandigarh,658428,21-11-2023,Inactive,15,496.26
71276926,Urishilla Sawhney,upadhritisachdeva@example.net,9.13E+11,"H.No. 12
Kade Road
Khandwa 808579",Nangloi Jat,116387,21-11-2023,Inactive,10,1226.1
97150234,Ishaan Brahmbhatt,madhavi33@example.com,9.18E+11,"997, Lala Path
Anantapuram-222697",Bihar Sharif,945899,22-11-2023,New,13,1527.55
99893898,Vedant Master,forumwable@example.com,9.16E+11,"123, Manda Circle, Dehradun 286985",Berhampore,893327,22-11-2023,New,16,365.4
46836361,Champak Nazareth,gabrielkapadia@example.org,9.12E+11,"66/47, Mitra Nagar
Tinsukia-056627",Bikaner,287396,22-11-2023,Premium,16,545.22
78748184,Odika Jain,eray@example.net,9.20E+11,"72/19
Sarma
Tinsukia 520475",Karawal Nagar,273092,22-11-2023,Regular,13,533.74
12507907,Maanas Dugal,warda81@example.net,9.10E+11,"82/55, Sundaram Zila, Gopalpur 792114",Nangloi Jat,978091,22-11-2023,Regular,19,1278.01
63802820,Netra Yohannan,liamagarwal@example.com,9.14E+11,"34
Konda Nagar
Bhiwani 471037",Orai,743207,23-11-2023,Regular,6,1887.52
37802267,Lipika Jha,luke49@example.net,9.17E+11,"65/44, Aggarwal Chowk, Aurangabad-943415",Orai,693570,24-11-2023,New,4,594.87
14944819,Triya Patla,fradonarayan@example.net,9.14E+11,"H.No. 214
Barman Road
Mira-Bhayandar-611798",Anand,469217,24-11-2023,Premium,14,1127.8
54038173,William Palan,mekhalapant@example.net,9.18E+11,"457, Bhagat Path
Bally-425829",Jehanabad,987434,24-11-2023,Premium,17,1914.26
26863280,Aryan Dewan,balveer31@example.org,9.17E+11,"54/51, Bora Circle
Ramagundam-730584",Rajkot,80555,25-11-2023,Inactive,8,301.34
45586151,Pallavi Ram,ishroff@example.org,9.10E+11,"H.No. 522, Ray Street, Mahbubnagar-522739",Saharsa,488450,25-11-2023,Regular,11,266.65
46025543,Rachit Chatterjee,zayan61@example.org,9.18E+11,"83/709, Boase Ganj
Bhubaneswar 278803",Kottayam,928642,25-11-2023,Premium,16,1273.07
27586115,Maanas Batra,aarinisoni@example.com,9.19E+11,"24/98
Mukherjee Marg
Karnal-610976",Jamnagar,145067,25-11-2023,Inactive,1,1908.19
76309170,Chandran Agate,rayomkaar@example.net,9.19E+11,"H.No. 36
Seshadri Zila, Nanded-141728",Bhind,592981,26-11-2023,Regular,18,1824.43
13164195,Fitan Uppal,abeerbedi@example.org,9.13E+11,"94
Vohra Chowk, Kulti-326317",Durg,142902,26-11-2023,Premium,17,786.74
14272050,Rajata Misra,quincy04@example.net,9.12E+11,"59/380
Dewan Ganj
Malegaon-743475",Satna,120950,26-11-2023,New,7,662.99
88520326,Chasmum Dhaliwal,sarora@example.org,9.12E+11,"65/481, Solanki Zila, Hosur 461150",Asansol,37026,26-11-2023,Premium,14,1537.05
35782051,Ekiya Mital,deygaurav@example.net,9.17E+11,"31/25
Narayan, Rampur 164546",Mango,523577,26-11-2023,New,1,1090.28
19771128,Urvashi Bhandari,maxlad@example.net,9.18E+11,"85/427
Ramesh Road
Alwar-246479",Vijayawada,962095,26-11-2023,Regular,4,1807.2
43431724,Jack Kalita,calebdewan@example.com,9.13E+11,"41/500, Sachdev Marg, Jhansi-452338",Rohtak,217110,26-11-2023,New,2,813
68703613,Praneel Bir,hanskashish@example.com,9.18E+11,"08/613
Grewal
Phagwara-118939",Imphal,939188,26-11-2023,Inactive,6,919.34
10642655,Omaja Warrior,ujaggi@example.net,9.13E+11,"55/090, Deshmukh Path
Siliguri 815361",Gorakhpur,115141,26-11-2023,Premium,1,726.89
83304571,Abha Dugar,vrittishukla@example.com,9.19E+11,"63/02
Lalla
Nagaon-893985",Dharmavaram,356502,27-11-2023,New,19,1772.47
85747175,Karan Chatterjee,krishadyal@example.org,9.16E+11,"64
Reddy Marg, Bettiah 258049",Rajkot,456459,27-11-2023,Premium,3,245
48150243,Ekaja Dube,ahluwaliasaumya@example.net,9.18E+11,"42
Bawa
Madanapalle-334038",Delhi,175880,27-11-2023,Regular,13,262.6
21626705,Ekani Dubey,mittergunbir@example.org,9.17E+11,"636, Sur Path, Kolhapur-853265",Bongaigaon,420577,27-11-2023,Premium,16,655.46
66135710,Zayan Thakkar,ranveer19@example.net,9.15E+11,"68/55, Bhattacharyya Zila, Coimbatore 134031",Ramgarh,352680,28-11-2023,New,6,308.63
54057428,Chatura Contractor,gsachdev@example.org,9.13E+11,"061
Kalla Path, Khandwa-739363",Panvel,751652,28-11-2023,New,13,1564.34
5043760,Chatresh Dara,dsinghal@example.org,9.19E+11,"93, Bansal Road
New Delhi 109118",Davanagere,638623,28-11-2023,Regular,2,1154.94
84826389,Alexander Peri,rchaudry@example.org,9.12E+11,"H.No. 221
Nair Nagar, Rajkot-091373",Sonipat,965944,28-11-2023,Premium,13,1607.4
93675757,Geetika Mander,cgole@example.com,9.19E+11,"78/349, Som Path
Eluru 767399",Noida,264344,28-11-2023,Regular,10,665.46
48167795,Charita Kapoor,anaybalan@example.net,9.12E+11,"79/36
Rege Ganj, Thanjavur-542580",Visakhapatnam,567196,28-11-2023,New,13,1355.09
11202130,Zehaan Lad,vnarayan@example.org,9.14E+11,"16/77
Basak Marg, Lucknow 740421",Bhilwara,854285,28-11-2023,Premium,20,1202.1
61982521,Jagat Dewan,pchander@example.com,9.14E+11,"47/63, Kurian Nagar, Anand-272334",Faridabad,493391,29-11-2023,Inactive,3,1995.09
31826,Ekiya Pau,fbedi@example.com,9.19E+11,"H.No. 336
Lad Zila, Hajipur-409871",Chinsurah,201602,29-11-2023,New,18,752.78
32797235,Shravya Chandran,bhargavanicholas@example.com,9.12E+11,"H.No. 746, Chaudry Marg
Vadodara-727395",Guntakal,417102,29-11-2023,Regular,1,1709.96
42589311,Yadavi Uppal,sureshwahab@example.org,9.19E+11,"167, Oommen Marg, Katihar-142018",Dehradun,176202,29-11-2023,Regular,11,452.1
9796585,Damini Jha,bhaktaekanta@example.org,9.19E+11,"38/33, Wadhwa Marg, Sambhal-817010",Danapur,253065,30-11-2023,Inactive,20,1565.31
78254569,Theodore Sathe,nathanielgaba@example.net,9.18E+11,"59
Oommen
Faridabad 412726",Kalyan-Dombivli,427888,30-11-2023,Regular,8,1559.18
96434674,Yashawini Kota,jeet35@example.org,9.15E+11,"192
Pillay Ganj, Kozhikode 553266",Anantapur,744458,30-11-2023,Inactive,11,1663.53
99347871,Robert Kashyap,gnadkarni@example.net,9.15E+11,"37/115
Kade Nagar
Baranagar 427420",Muzaffarnagar,535677,01-12-2023,Regular,3,1535.03
93284515,Tejas Mahal,naksh19@example.org,9.19E+11,"31/521, Pingle Marg, Amravati 270216",Mumbai,953623,01-12-2023,New,2,1324.95
1588560,Jeremiah Nath,faqidswaminathan@example.org,9.11E+11,"16/09
Setty Nagar, Gopalpur 225399",Anantapuram,900047,01-12-2023,New,10,945.18
20496835,Chandresh Panchal,qpanchal@example.com,9.11E+11,"727, Nanda Street
Karnal-038968",Alwar,476814,01-12-2023,New,17,1240.91
77086074,Ekantika Mannan,yatancherian@example.net,9.14E+11,"875
Mishra Street, North Dumdum 684088",Hazaribagh,41866,02-12-2023,Regular,3,737
96042320,Jagdish Ray,jgoda@example.com,9.16E+11,"33, Pant Circle, Hospet-853723",Nagaon,698003,02-12-2023,New,20,1164.38
75464725,Chavvi Sibal,ishanibahl@example.com,9.14E+11,"H.No. 004, Anand Chowk, Udupi-217874",Sambhal,629342,02-12-2023,Inactive,20,1805.77
33675108,Yagnesh Patel,fraja@example.org,9.12E+11,"H.No. 105
Thaker Road, Kurnool-283377",Jalgaon,128202,03-12-2023,Inactive,20,1281.15
37095171,Ira Soni,oviyadada@example.net,9.14E+11,"97/289
Ganguly Street, Amritsar 338128",Guna,294022,04-12-2023,Inactive,10,1680.98
41494867,Kalpit Gulati,uppaldipta@example.net,9.14E+11,"20/47
Vohra Ganj, Nadiad 804287",Bongaigaon,118940,04-12-2023,New,15,240.17
2566268,Arjun Ratta,santutkarsh@example.net,9.17E+11,"99/643
Muni
Karimnagar 116487",Mysore,644861,04-12-2023,Premium,16,1796.96
24496983,Vasana Sen,hseshadri@example.org,9.14E+11,"H.No. 687, Seshadri Street
Ajmer-267864",Kamarhati,185526,04-12-2023,Regular,17,1262.44
16359370,Harsh Gaba,zayan66@example.org,9.19E+11,"H.No. 384
Yohannan Chowk, Nanded-222053",South Dumdum,945900,05-12-2023,Premium,1,1352.7
44935198,Chakrika Divan,wazirpandit@example.org,9.18E+11,"80/85, Thakkar Circle, Bikaner 110079",Tumkur,112464,05-12-2023,New,14,973.32
42781544,Isaiah Sankar,saxenalogan@example.org,9.19E+11,"088, Sane Marg
Sambalpur 100191",Faridabad,898529,05-12-2023,New,1,1248.16
37309023,Dominic Dutt,msule@example.net,9.11E+11,"88/43
Sunder Zila
Dibrugarh-657473",Guntur,716024,05-12-2023,Premium,10,1270.38
1449273,Forum Deol,pgarg@example.org,9.18E+11,"79
Chowdhury
Mathura-017308",Pondicherry,562307,06-12-2023,New,12,1758.24
94529626,Gavin Kaur,ldubey@example.net,9.10E+11,"61/527, Sampath Street
Purnia-039153",Pudukkottai,762221,06-12-2023,New,17,1907.16
38568692,Guneet Ahluwalia,ocherian@example.net,9.15E+11,"34
Chaudhuri Circle, Bally 532014",Silchar,658648,06-12-2023,New,6,1082.93
99729547,Wridesh Saini,meeradey@example.net,9.16E+11,"H.No. 18
Pillay Chowk
Patna-810149",Gwalior,81603,07-12-2023,New,17,1763.46
85519349,Harshil Kari,dayalguneet@example.org,9.19E+11,"69/70
Buch Marg
Bareilly 336418",Anand,99406,07-12-2023,New,8,336.36
84929351,Charvi Kala,geetika61@example.com,9.17E+11,"H.No. 643
Hayer Road, Saharanpur 338478",Gandhinagar,169345,07-12-2023,Regular,14,1662.37
63083547,Aarav Mander,giriknarula@example.net,9.11E+11,"H.No. 30
Padmanabhan Street
Nagaon-432208",Jhansi,42216,07-12-2023,Regular,10,900.07
16780752,Avi Soman,routdiya@example.com,9.15E+11,"H.No. 97
Chauhan
Nellore-895405",Begusarai,320804,07-12-2023,Premium,20,1429.12
75836905,Ganga Gill,dixitgabriel@example.org,9.17E+11,"32/531
Chahal, Muzaffarnagar-938055",Ongole,444579,07-12-2023,Inactive,4,817.25
65745775,Aryan Mangal,fshan@example.org,9.15E+11,"H.No. 28
Nagi Path
Bhimavaram-958776",Buxar,293389,08-12-2023,Inactive,4,1021.23
66140659,Omya Iyengar,ishanimaharaj@example.net,9.17E+11,"H.No. 51, Lanka Street
Bettiah 293595",Ongole,15696,09-12-2023,Premium,8,509.85
70420271,Ryan Ratta,amolkadakia@example.com,9.14E+11,"61/477
Ganesan Ganj
Bhilai 118543",Bhusawal,913157,09-12-2023,New,19,680.28
78868716,Sai Chhabra,mahika95@example.net,9.12E+11,"H.No. 581
Prabhakar Road, Morena 912519",Madhyamgram,179333,10-12-2023,Inactive,5,1774.41
90666073,Pratyush Dhar,qadimtak@example.org,9.11E+11,"H.No. 98
Gera Street
Hajipur 667487",Farrukhabad,286455,10-12-2023,Inactive,20,1969.45
77220027,Aryan Krish,agatedaksh@example.com,9.12E+11,"18/938, Pai Marg
Aurangabad 807716",Coimbatore,387538,11-12-2023,Premium,16,551.81
79369660,Bahadurjit Doctor,isaiahdesai@example.com,9.19E+11,"23/122, Kale Nagar
Aurangabad-034703",Purnia,782515,11-12-2023,Premium,13,1085.69
68985290,Jack Memon,rmalhotra@example.net,9.14E+11,"51/961, Majumdar Zila
Jamshedpur-164148",Ujjain,770279,11-12-2023,Premium,17,1779.1
40593638,Wridesh Ratti,bgrewal@example.net,9.18E+11,"01
Bhargava Circle, Chandrapur-262870",Purnia,432260,12-12-2023,Premium,18,1146.85
73807097,Manbir Manda,zroy@example.org,9.14E+11,"08/885
Bakshi Path, Haldia 541849",Firozabad,795626,12-12-2023,Inactive,7,557.11
48778633,Sarthak Chaudhari,jmore@example.net,9.12E+11,"H.No. 27
Keer Zila
Bettiah 229893",Pimpri-Chinchwad,519996,13-12-2023,New,14,609.63
15236510,Pooja Prasad,wyattsrinivas@example.com,9.19E+11,"460
Thaker
Tadepalligudem 696563",Serampore,264052,13-12-2023,New,11,937.26
34297405,Jack Babu,sherekevin@example.net,9.12E+11,"677
Modi Zila
Patiala-529796",Saharanpur,49880,13-12-2023,New,1,1688.73
6853981,Radhika Bahri,kamyawarrior@example.com,9.11E+11,"245
Garg Road, Ahmedabad 964676",Machilipatnam,209167,13-12-2023,Inactive,14,1301.27
43367112,Chasmum Ramesh,jom@example.com,9.13E+11,"H.No. 620
Krishnamurthy Nagar, Pudukkottai-019414",Gopalpur,276624,14-12-2023,New,19,1861.66
10508763,Anamika Issac,lbahri@example.org,9.13E+11,"H.No. 79
Mann Marg, Nadiad-252402",Ratlam,489551,14-12-2023,Premium,6,992.26
49371494,Zansi Banik,lohit10@example.net,9.17E+11,"H.No. 44
Khurana Nagar
Arrah 563930",Kanpur,542949,14-12-2023,Regular,18,701.13
13850004,Umang Ramakrishnan,warda08@example.org,9.12E+11,"724, Shah, Kishanganj 847017",Kozhikode,23455,15-12-2023,Premium,15,1129.76
61486140,Jeremiah Chand,zdeep@example.com,9.15E+11,"38/80
Parikh
Jamshedpur 875730",Amritsar,569153,15-12-2023,Inactive,15,1967.78
644189,Tanay Sahni,janya99@example.org,9.13E+11,"H.No. 95
Bhasin Path, Raiganj 351412",Bhopal,899027,15-12-2023,Premium,2,793.86
80850753,Gautami Rai,anirudh54@example.com,9.10E+11,"83/135
Balan Path, Hyderabad 383012",Thane,717111,15-12-2023,Premium,6,1695.68
91243571,Ojas Deep,yashoda19@example.net,9.17E+11,"52/967
Pandey, Amravati-615769",Navi Mumbai,937863,15-12-2023,Inactive,12,1569.19
40587811,Jeevika Rajagopalan,manneoeshi@example.org,9.13E+11,"H.No. 094
Banerjee Ganj, Mau 309197",Adoni,524929,15-12-2023,Inactive,5,724.63
57081917,Nidra Choudhary,htiwari@example.net,9.14E+11,"H.No. 578
Gaba Zila
Nagercoil-822965",Howrah,420892,16-12-2023,Inactive,6,1378.87
67092149,Daksh Atwal,indiratrivedi@example.com,9.20E+11,"374, Sehgal Zila
Mysore 291634",Davanagere,619381,16-12-2023,Premium,1,376.48
88045094,Yuvraj Memon,tanveerben@example.com,9.20E+11,"H.No. 188, Khanna Road
Bhilai-902882",Panvel,447280,16-12-2023,Premium,4,690.13
51014003,Matthew Swaminathan,sanayathakur@example.net,9.17E+11,"40
Misra Chowk
Khora -190990",Giridih,37529,16-12-2023,Regular,14,393.06
79672044,Jagdish Vora,hemangini55@example.com,9.16E+11,"92, Choudhury Ganj, Bhopal-000074",Hapur,964688,17-12-2023,New,8,1115.88
26432512,Warhi Iyer,petergrewal@example.net,9.19E+11,"H.No. 206
Varty Zila
South Dumdum 988271",Khora ,53631,17-12-2023,New,18,1092.52
51544662,Hiral Tara,chandasamuel@example.org,9.13E+11,"H.No. 950
Kaul Path
Agra 447974",Chinsurah,346670,17-12-2023,New,15,1352.21
33829924,Jeevika Sami,chhabranisha@example.org,9.10E+11,"61/245
Seth Circle
Guna 980948",Kanpur,182213,18-12-2023,New,18,615.52
65134271,Ansh Singh,damyantiwalia@example.net,9.13E+11,"H.No. 928
Dugar
Silchar-434394",Ajmer,108582,18-12-2023,Premium,19,1433.53
28876580,Udant Doshi,pradhanzayyan@example.org,9.15E+11,"H.No. 62, Singh Nagar, Srikakulam 903827",North Dumdum,638995,18-12-2023,Inactive,15,476.34
5039883,Gavin Garg,nitesh75@example.org,9.11E+11,"H.No. 872
Oza Marg
Hazaribagh 512058",Purnia,360444,19-12-2023,Inactive,15,610.99
54797119,Anusha Patel,xkoshy@example.com,9.10E+11,"H.No. 316, Kaur Zila
Malegaon 975468",Bilaspur,793140,19-12-2023,Premium,14,1673.74
72917958,Guneet Sampath,qswamy@example.net,9.19E+11,"46/05
Chandra Nagar
Satara 458142",Sirsa,261102,19-12-2023,New,6,1772.67
376144,Ira Chhabra,caleb02@example.com,9.14E+11,"H.No. 39
Sarkar Path
Karawal Nagar-657936",Anantapuram,627253,19-12-2023,Regular,13,1784.32
46717997,Wishi Srivastava,jsoman@example.com,9.13E+11,"65/723, Arya Zila
Imphal 050184",Unnao,789057,20-12-2023,New,12,793.98
31582950,Bhavya Khalsa,advaithtata@example.com,9.14E+11,"098, Dhawan Chowk, Dhanbad-430781",Jhansi,945972,20-12-2023,New,13,586.75
17681645,Maanav Bhat,zayan80@example.net,9.15E+11,"H.No. 571, Barad Path, Siliguri 766713",Bhagalpur,392367,21-12-2023,Premium,15,1381.26
24456825,Vansha Khurana,patrickyohannan@example.com,9.19E+11,"94, Varty Zila
Pallavaram 302373",Indore,382788,21-12-2023,Inactive,18,363.12
79764458,Bhavani Kant,mekhala15@example.org,9.16E+11,"83, Murty Street, Mira-Bhayandar 564005",Etawah,466737,21-12-2023,New,3,501.25
22613559,Omya Johal,yogiwilliam@example.org,9.16E+11,"62/824
Varma Chowk, Allahabad-131566",Berhampur,776802,21-12-2023,Premium,10,736.33
18642306,Wazir Bahl,jsunder@example.com,9.13E+11,"16/718, Kanda Chowk, Meerut 856894",Tinsukia,877253,21-12-2023,Inactive,12,1802.63
9097480,Hamsini Verma,vartyekiya@example.org,9.14E+11,"H.No. 67, Salvi Nagar
Ulhasnagar 922156",Bihar Sharif,207496,21-12-2023,Premium,18,307.65
53624677,Varenya Ganesh,beraaarav@example.org,9.14E+11,"H.No. 629
Shroff Nagar
Lucknow 170677",Udaipur,488900,21-12-2023,New,10,332.4
83597876,Tanmayi Oak,msaha@example.org,9.19E+11,"43/897
Thakkar Circle, Karimnagar-794484",Katni,357046,21-12-2023,Premium,10,1646.68
20298398,Urvi Bali,yuvrajdayal@example.org,9.15E+11,"H.No. 412
Batra Zila, Bhilai 424489",Ahmednagar,278627,22-12-2023,New,1,1049.6
79591237,Osha Warrior,anika64@example.com,9.14E+11,"28/18
Banik Chowk
Rajpur Sonarpur 816154",Thane,394025,23-12-2023,Premium,6,1695.64
45700473,Omkaar Padmanabhan,vedantgrover@example.com,9.15E+11,"808
Balakrishnan Ganj, Begusarai 914766",Thoothukudi,88698,23-12-2023,Inactive,12,525.38
14294171,Ikshita Bava,chaturadave@example.net,9.14E+11,"693
Oak Ganj
Karnal-566675",Saharanpur,84734,23-12-2023,Regular,1,1680.47
7333934,Om Chand,gavin45@example.net,9.10E+11,"81/00
Suresh Marg
Faridabad 923920",Deoghar,383021,23-12-2023,New,11,739.47
89950235,Aarav Dayal,darsh33@example.net,9.13E+11,"H.No. 639
Chowdhury Path, Tadepalligudem-993818",Warangal,334280,24-12-2023,Premium,13,1179.29
61406908,Harrison Mistry,abhimanyu55@example.org,9.19E+11,"H.No. 08, Deo
Aizawl-412973",Deoghar,365307,24-12-2023,Regular,1,458.39
35278126,Harinakshi Arya,agara@example.org,9.14E+11,"79/328
Prakash Zila
Sirsa 377650",Tumkur,365840,24-12-2023,Premium,12,1956.57
12967305,Bhavani Sood,sanayareddy@example.net,9.14E+11,"38, Memon
Allahabad-545707",Durg,963984,24-12-2023,New,16,607.46
70230254,Hamsini Sandhu,aachalsheth@example.net,9.17E+11,"16/48, Dyal, Morena 865201",Suryapet,377043,24-12-2023,New,14,1488.42
25081012,Mohammed Oak,bhavanikara@example.net,9.12E+11,"18/45
Parikh Zila, Davanagere 786763",Baranagar,218441,24-12-2023,New,1,963.43
91384030,Gaurika Sheth,guneet73@example.org,9.17E+11,"820
Doctor Ganj
Chennai 396453",Arrah,418798,25-12-2023,Premium,11,1621.1
87450286,Harish Bedi,pathakpanini@example.org,9.12E+11,"259
Sharaf Circle
Jamalpur-304705",Asansol,895547,25-12-2023,Premium,9,1856.86
88067569,Aayush Sengupta,lekha10@example.com,9.13E+11,"20/47
Ratta Chowk, Sonipat-022522",Gaya,288459,25-12-2023,Premium,5,273.38
60561655,Rohan Palla,imukherjee@example.org,9.13E+11,"498
Mohanty Path
Udupi-000701",Nashik,563888,26-12-2023,Regular,3,378.17
20469626,Tanish Ghose,barkhasawhney@example.net,9.15E+11,"01
Palla, Ahmedabad 612378",Guntakal,304902,26-12-2023,Regular,9,1250.28
1301661,Yashvi Parekh,rmanne@example.net,9.13E+11,"75/740, Tara Road, Pali 035417",Saharanpur,524586,26-12-2023,Inactive,8,623.8
47515046,Guneet Uppal,wvora@example.org,9.18E+11,"49, Borde Ganj
Vijayawada 334138",Jamshedpur,440555,27-12-2023,New,18,1095.92
2233446,Wakeeta Pillay,handayashvi@example.com,9.18E+11,"H.No. 67, Sahota Circle
Kolkata-000516",Panihati,125919,27-12-2023,New,6,1466.45
39261715,Reva Bhatnagar,ucchal41@example.com,9.18E+11,"99/80
Konda, Indore 364393",Patna,859748,27-12-2023,Premium,19,1974.33
27336589,Bishakha Bhargava,siyathakur@example.org,9.17E+11,"41/83, Walia Path, Pune 923796",Ghaziabad,702025,28-12-2023,New,11,678.05
77031496,Abeer Rastogi,contractorsimon@example.com,9.17E+11,"92
Raj Chowk
Mira-Bhayandar 559172",Pimpri-Chinchwad,196025,28-12-2023,New,7,404.11
50527764,Sai Garg,krishna27@example.com,9.14E+11,"03
Chatterjee
Bhiwandi 307084",Amroha,957367,28-12-2023,Premium,16,1830.26
44050697,Hemang Ratti,joshuaganesan@example.org,9.15E+11,"33/729
Kala Street, North Dumdum 647189",Ujjain,97187,28-12-2023,New,16,1312.22
76970363,Hardik Andra,raagini33@example.org,9.16E+11,"62/58, Vora Road, Narasaraopet 721712",Firozabad,826966,28-12-2023,Regular,14,1237.8
76850859,Harita Bir,rajata75@example.net,9.11E+11,"71/50, Saini Street
Bhubaneswar-356727",Berhampur,103202,29-12-2023,Inactive,19,468.79
63661771,Peter Mitra,ilad@example.net,9.18E+11,"99/47
Bandi Road, Baranagar 694613",Karnal,497779,29-12-2023,Inactive,13,1536.01
55738118,Jagrati Badami,ovenkataraman@example.com,9.19E+11,"959, Apte Street, Gurgaon-641674",Hapur,163439,29-12-2023,Regular,11,1520.09
19067680,Rajata Mall,qarin71@example.org,9.12E+11,"640, Pant, Sultan Pur Majra-315200",North Dumdum,608152,29-12-2023,New,18,410.34
39301587,Kritika Chaudhuri,kdas@example.net,9.20E+11,"H.No. 229
Shetty Zila
Saharsa 334604",Bongaigaon,137712,29-12-2023,Regular,15,1775.12
79919160,Qasim Rai,madhavhans@example.com,9.14E+11,"44/93, Mall Chowk, Guna-533461",Silchar,216361,30-12-2023,Premium,8,565.61
18394558,Dipta Sarraf,yashodalata@example.org,9.15E+11,"36, Subramanian Circle, Hyderabad 897585",Bareilly,155249,30-12-2023,Regular,2,1186.59
74735607,Naksh Amble,aadhyabhalla@example.com,9.20E+11,"94, Goda Street
Satna 920950",Raipur,474552,30-12-2023,Inactive,6,935.8
8628482,Krishna Mani,joshioviya@example.com,9.20E+11,"26
Kadakia Nagar
Buxar-462583",Bhiwandi,419317,30-12-2023,New,9,1726.44
82160592,Krisha Keer,ishaandey@example.com,9.18E+11,"339, Singhal Chowk, Raichur-860394",Chittoor,741410,31-12-2023,New,15,568.11
67729191,Arin Grover,rsehgal@example.org,9.11E+11,"24
Ratta Nagar, Mumbai 505338",Karimnagar,981853,31-12-2023,New,17,722.69
98858383,Janani Gill,vrinda77@example.org,9.19E+11,"717, Bahri Zila
Mau 600591",Dehri,875536,31-12-2023,Regular,3,700.22
,,,,,,,,,,
,,,,,,,,,,
,,,,,,,,,,
,,,,,,,,,,
,,,,,,,,,,
,,,,,,,,,,
,,,,,,,,,,
,,,,,,,,,,
,,,,,,,,,,
,,,,,,,,,,
,,,,,,,,,,
,,,,,,,,,,
,,,,,,,,,,
,,,,,,,,,,
,,,,,,,,,,
,,,,,,,,,,
,,,,,,,,,,
,,,,,,,,,,
,,,,,,,,,,
,,,,,,,,,,
,,,,,,,,,,
,,,,,,,,,,
,,,,,,,,,,
,,,,,,,,,,
,,,,,,,,,,
,,,,,,,,,,
,,,,,,,,,,
,,,,,,,,,,
,,,,,,,,,,
,,,,,,,,,,
,,,,,,,,,,
,,,,,,,,,,
,,,,,,,,,,
,,,,,,,,,,
,,,,,,,,,,
,,,,,,,,,,
,,,,,,,,,,
,,,,,,,,,,
,,,,,,,,,,
,,,,,,,,,,
,,,,,,,,,,
,,,,,,,,,,
,,,,,,,,,,
,,,,,,,,,,
,,,,,,,,,,
,,,,,,,,,,
,,,,,,,,,,
,,,,,,,,,,
,,,,,,,,,,
,,,,,,,,,,
,,,,,,,,,,
,,,,,,,,,,
,,,,,,,,,,
,,,,,,,,,,
,,,,,,,,,,
,,,,,,,,,,
,,,,,,,,,,
,,,,,,,,,,
,,,,,,,,,,
,,,,,,,,,,
,,,,,,,,,,
,,,,,,,,,,
,,,,,,,,,,
,,,,,,,,,,
,,,,,,,,,,
,,,,,,,,,,
,,,,,,,,,,
,,,,,,,,,,
,,,,,,,,,,
,,,,,,,,,,
,,,,,,,,,,
,,,,,,,,,,
,,,,,,,,,,
,,,,,,,,,,
,,,,,,,,,,
,,,,,,,,,,
,,,,,,,,,,
,,,,,,,,,,
,,,,,,,,,,
,,,,,,,,,,
,,,,,,,,,,
,,,,,,,,,,
,,,,,,,,,,
,,,,,,,,,,
,,,,,,,,,,
,,,,,,,,,,
,,,,,,,,,,
,,,,,,,,,,
,,,,,,,,,,
,,,,,,,,,,
,,,,,,,,,,
,,,,,,,,,,
,,,,,,,,,,
,,,,,,,,,,
,,,,,,,,,,
,,,,,,,,,,
,,,,,,,,,,
,,,,,,,,,,
,,,,,,,,,,
,,,,,,,,,,
,,,,,,,,,,
,,,,,,,,,,
,,,,,,,,,,
,,,,,,,,,,
,,,,,,,,,,
,,,,,,,,,,
,,,,,,,,,,
,,,,,,,,,,
,,,,,,,,,,
,,,,,,,,,,
,,,,,,,,,,
,,,,,,,,,,
,,,,,,,,,,
,,,,,,,,,,
,,,,,,,,,,
,,,,,,,,,,
,,,,,,,,,,
,,,,,,,,,,
,,,,,,,,,,
,,,,,,,,,,
,,,,,,,,,,
,,,,,,,,,,
,,,,,,,,,,
,,,,,,,,,,
,,,,,,,,,,
,,,,,,,,,,
,,,,,,,,,,
,,,,,,,,,,
,,,,,,,,,,
,,,,,,,,,,
,,,,,,,,,,
,,,,,,,,,,
,,,,,,,,,,
,,,,,,,,,,
,,,,,,,,,,
,,,,,,,,,,
,,,,,,,,,,
,,,,,,,,,,
,,,,,,,,,,
,,,,,,,,,,
,,,,,,,,,,
,,,,,,,,,,
,,,,,,,,,,
,,,,,,,,,,
,,,,,,,,,,
,,,,,,,,,,
,,,,,,,,,,
,,,,,,,,,,
,,,,,,,,,,
,,,,,,,,,,
,,,,,,,,,,
,,,,,,,,,,
,,,,,,,,,,
,,,,,,,,,,
,,,,,,,,,,
,,,,,,,,,,
,,,,,,,,,,
,,,,,,,,,,
,,,,,,,,,,
,,,,,,,,,,
,,,,,,,,,,
,,,,,,,,,,
,,,,,,,,,,
,,,,,,,,,,
,,,,,,,,,,
,,,,,,,,,,
,,,,,,,,,,
,,,,,,,,,,
,,,,,,,,,,
,,,,,,,,,,
,,,,,,,,,,
,,,,,,,,,,
,,,,,,,,,,
,,,,,,,,,,
,,,,,,,,,,
,,,,,,,,,,
,,,,,,,,,,
,,,,,,,,,,
,,,,,,,,,,
,,,,,,,,,,
,,,,,,,,,,
,,,,,,,,,,
,,,,,,,,,,
,,,,,,,,,,
,,,,,,,,,,
,,,,,,,,,,
,,,,,,,,,,
,,,,,,,,,,
,,,,,,,,,,
,,,,,,,,,,
,,,,,,,,,,
,,,,,,,,,,
,,,,,,,,,,
,,,,,,,,,,
,,,,,,,,,,
,,,,,,,,,,
,,,,,,,,,,
,,,,,,,,,,
,,,,,,,,,,
,,,,,,,,,,
,,,,,,,,,,
,,,,,,,,,,
,,,,,,,,,,
,,,,,,,,,,
,,,,,,,,,,
,,,,,,,,,,
,,,,,,,,,,
,,,,,,,,,,
,,,,,,,,,,
,,,,,,,,,,
,,,,,,,,,,
,,,,,,,,,,
,,,,,,,,,,
,,,,,,,,,,
,,,,,,,,,,
,,,,,,,,,,
,,,,,,,,,,
,,,,,,,,,,
,,,,,,,,,,
,,,,,,,,,,
,,,,,,,,,,
,,,,,,,,,,
,,,,,,,,,,
,,,,,,,,,,
,,,,,,,,,,
,,,,,,,,,,
,,,,,,,,,,
,,,,,,,,,,
,,,,,,,,,,
,,,,,,,,,,
,,,,,,,,,,
,,,,,,,,,,
,,,,,,,,,,
,,,,,,,,,,
,,,,,,,,,,
,,,,,,,,,,
,,,,,,,,,,
,,,,,,,,,,
,,,,,,,,,,
,,,,,,,,,,
,,,,,,,,,,
,,,,,,,,,,
,,,,,,,,,,
,,,,,,,,,,
,,,,,,,,,,
,,,,,,,,,,
,,,,,,,,,,
,,,,,,,,,,
,,,,,,,,,,
,,,,,,,,,,
,,,,,,,,,,
,,,,,,,,,,
,,,,,,,,,,
,,,,,,,,,,
,,,,,,,,,,
,,,,,,,,,,
,,,,,,,,,,
,,,,,,,,,,
,,,,,,,,,,
,,,,,,,,,,
,,,,,,,,,,
,,,,,,,,,,
,,,,,,,,,,
,,,,,,,,,,
,,,,,,,,,,
,,,,,,,,,,
,,,,,,,,,,
,,,,,,,,,,
,,,,,,,,,,
,,,,,,,,,,
,,,,,,,,,,
,,,,,,,,,,
,,,,,,,,,,
,,,,,,,,,,
,,,,,,,,,,
,,,,,,,,,,
,,,,,,,,,,
,,,,,,,,,,
,,,,,,,,,,
,,,,,,,,,,
,,,,,,,,,,
,,,,,,,,,,
,,,,,,,,,,
,,,,,,,,,,
,,,,,,,,,,
,,,,,,,,,,
,,,,,,,,,,
,,,,,,,,,,
,,,,,,,,,,
,,,,,,,,,,
,,,,,,,,,,
,,,,,,,,,,
,,,,,,,,,,
,,,,,,,,,,
,,,,,,,,,,
,,,,,,,,,,
,,,,,,,,,,
,,,,,,,,,,
,,,,,,,,,,
,,,,,,,,,,
,,,,,,,,,,
,,,,,,,,,,
,,,,,,,,,,
,,,,,,,,,,
,,,,,,,,,,
,,,,,,,,,,
,,,,,,,,,,
,,,,,,,,,,
,,,,,,,,,,
,,,,,,,,,,
,,,,,,,,,,
,,,,,,,,,,
,,,,,,,,,,
,,,,,,,,,,
,,,,,,,,,,
,,,,,,,,,,
,,,,,,,,,,
,,,,,,,,,,
,,,,,,,,,,
,,,,,,,,,,
,,,,,,,,,,
,,,,,,,,,,
,,,,,,,,,,
,,,,,,,,,,
,,,,,,,,,,
,,,,,,,,,,
,,,,,,,,,,
,,,,,,,,,,
,,,,,,,,,,
,,,,,,,,,,
,,,,,,,,,,
,,,,,,,,,,
,,,,,,,,,,
,,,,,,,,,,
,,,,,,,,,,
,,,,,,,,,,
,,,,,,,,,,
,,,,,,,,,,
,,,,,,,,,,
,,,,,,,,,,
,,,,,,,,,,
,,,,,,,,,,
,,,,,,,,,,
,,,,,,,,,,
,,,,,,,,,,
,,,,,,,,,,
,,,,,,,,,,
,,,,,,,,,,
,,,,,,,,,,
,,,,,,,,,,
,,,,,,,,,,
,,,,,,,,,,
,,,,,,,,,,
,,,,,,,,,,
,,,,,,,,,,
,,,,,,,,,,
,,,,,,,,,,
,,,,,,,,,,
,,,,,,,,,,
,,,,,,,,,,
,,,,,,,,,,
,,,,,,,,,,
,,,,,,,,,,
,,,,,,,,,,
,,,,,,,,,,
,,,,,,,,,,
,,,,,,,,,,
,,,,,,,,,,
,,,,,,,,,,
,,,,,,,,,,
,,,,,,,,,,
,,,,,,,,,,
,,,,,,,,,,
,,,,,,,,,,
,,,,,,,,,,
,,,,,,,,,,
,,,,,,,,,,
,,,,,,,,,,
,,,,,,,,,,
,,,,,,,,,,
,,,,,,,,,,
,,,,,,,,,,
,,,,,,,,,,
,,,,,,,,,,
,,,,,,,,,,
,,,,,,,,,,
,,,,,,,,,,
,,,,,,,,,,
,,,,,,,,,,
,,,,,,,,,,
,,,,,,,,,,
,,,,,,,,,,
,,,,,,,,,,
,,,,,,,,,,
,,,,,,,,,,
,,,,,,,,,,
,,,,,,,,,,
,,,,,,,,,,
,,,,,,,,,,
,,,,,,,,,,
,,,,,,,,,,
,,,,,,,,,,
,,,,,,,,,,
,,,,,,,,,,
,,,,,,,,,,
,,,,,,,,,,
,,,,,,,,,,
,,,,,,,,,,
,,,,,,,,,,
,,,,,,,,,,
,,,,,,,,,,
,,,,,,,,,,
,,,,,,,,,,
,,,,,,,,,,
,,,,,,,,,,
,,,,,,,,,,
,,,,,,,,,,
,,,,,,,,,,
,,,,,,,,,,
,,,,,,,,,,
,,,,,,,,,,
,,,,,,,,,,
,,,,,,,,,,
,,,,,,,,,,
,,,,,,,,,,
,,,,,,,,,,
,,,,,,,,,,
,,,,,,,,,,
,,,,,,,,,,
,,,,,,,,,,
,,,,,,,,,,
,,,,,,,,,,
,,,,,,,,,,
,,,,,,,,,,
,,,,,,,,,,
,,,,,,,,,,
,,,,,,,,,,
,,,,,,,,,,
,,,,,,,,,,
,,,,,,,,,,
,,,,,,,,,,
,,,,,,,,,,
,,,,,,,,,,
,,,,,,,,,,
,,,,,,,,,,
,,,,,,,,,,
,,,,,,,,,,
,,,,,,,,,,
,,,,,,,,,,
,,,,,,,,,,
,,,,,,,,,,
,,,,,,,,,,
,,,,,,,,,,
,,,,,,,,,,
,,,,,,,,,,
,,,,,,,,,,
,,,,,,,,,,
,,,,,,,,,,
,,,,,,,,,,
,,,,,,,,,,
,,,,,,,,,,
,,,,,,,,,,
,,,,,,,,,,
,,,,,,,,,,
,,,,,,,,,,
,,,,,,,,,,
,,,,,,,,,,
,,,,,,,,,,
,,,,,,,,,,
,,,,,,,,,,
,,,,,,,,,,
,,,,,,,,,,
,,,,,,,,,,
,,,,,,,,,,
,,,,,,,,,,
,,,,,,,,,,
,,,,,,,,,,
,,,,,,,,,,
,,,,,,,,,,
,,,,,,,,,,
,,,,,,,,,,
,,,,,,,,,,
,,,,,,,,,,
,,,,,,,,,,
,,,,,,,,,,
,,,,,,,,,,
,,,,,,,,,,
,,,,,,,,,,
,,,,,,,,,,
,,,,,,,,,,
,,,,,,,,,,
,,,,,,,,,,
,,,,,,,,,,
,,,,,,,,,,
,,,,,,,,,,
,,,,,,,,,,
,,,,,,,,,,
,,,,,,,,,,
,,,,,,,,,,
,,,,,,,,,,
,,,,,,,,,,
,,,,,,,,,,
,,,,,,,,,,
,,,,,,,,,,
,,,,,,,,,,
,,,,,,,,,,
,,,,,,,,,,
,,,,,,,,,,
,,,,,,,,,,
,,,,,,,,,,
,,,,,,,,,,
,,,,,,,,,,
,,,,,,,,,,
,,,,,,,,,,
,,,,,,,,,,
,,,,,,,,,,
,,,,,,,,,,
,,,,,,,,,,
,,,,,,,,,,
,,,,,,,,,,
,,,,,,,,,,
,,,,,,,,,,
,,,,,,,,,,
,,,,,,,,,,
,,,,,,,,,,
,,,,,,,,,,
,,,,,,,,,,
,,,,,,,,,,
,,,,,,,,,,
,,,,,,,,,,
,,,,,,,,,,
,,,,,,,,,,
,,,,,,,,,,
,,,,,,,,,,
,,,,,,,,,,
,,,,,,,,,,
,,,,,,,,,,
,,,,,,,,,,
,,,,,,,,,,
,,,,,,,,,,
,,,,,,,,,,
,,,,,,,,,,
,,,,,,,,,,
,,,,,,,,,,
,,,,,,,,,,
,,,,,,,,,,
,,,,,,,,,,
,,,,,,,,,,
,,,,,,,,,,
,,,,,,,,,,
,,,,,,,,,,
,,,,,,,,,,
,,,,,,,,,,
,,,,,,,,,,
,,,,,,,,,,
,,,,,,,,,,
,,,,,,,,,,
,,,,,,,,,,
,,,,,,,,,,
,,,,,,,,,,
,,,,,,,,,,
,,,,,,,,,,
,,,,,,,,,,
,,,,,,,,,,
,,,,,,,,,,
,,,,,,,,,,
,,,,,,,,,,
,,,,,,,,,,
,,,,,,,,,,
,,,,,,,,,,
,,,,,,,,,,
,,,,,,,,,,
,,,,,,,,,,
,,,,,,,,,,
,,,,,,,,,,
,,,,,,,,,,
,,,,,,,,,,
,,,,,,,,,,
,,,,,,,,,,
,,,,,,,,,,
,,,,,,,,,,
,,,,,,,,,,
,,,,,,,,,,
,,,,,,,,,,
,,,,,,,,,,
,,,,,,,,,,
,,,,,,,,,,
,,,,,,,,,,
,,,,,,,,,,
,,,,,,,,,,
,,,,,,,,,,
,,,,,,,,,,
,,,,,,,,,,
,,,,,,,,,,
,,,,,,,,,,
,,,,,,,,,,
,,,,,,,,,,
,,,,,,,,,,
,,,,,,,,,,
,,,,,,,,,,
,,,,,,,,,,
,,,,,,,,,,
,,,,,,,,,,
,,,,,,,,,,
,,,,,,,,,,
,,,,,,,,,,
,,,,,,,,,,
,,,,,,,,,,
,,,,,,,,,,
,,,,,,,,,,
,,,,,,,,,,
,,,,,,,,,,
,,,,,,,,,,
,,,,,,,,,,
,,,,,,,,,,
,,,,,,,,,,
,,,,,,,,,,
,,,,,,,,,,
,,,,,,,,,,
,,,,,,,,,,
,,,,,,,,,,
,,,,,,,,,,
,,,,,,,,,,
,,,,,,,,,,
,,,,,,,,,,
,,,,,,,,,,
,,,,,,,,,,
,,,,,,,,,,
,,,,,,,,,,
,,,,,,,,,,
,,,,,,,,,,
,,,,,,,,,,
,,,,,,,,,,
,,,,,,,,,,
,,,,,,,,,,
,,,,,,,,,,
,,,,,,,,,,
,,,,,,,,,,
,,,,,,,,,,
,,,,,,,,,,
,,,,,,,,,,
,,,,,,,,,,
,,,,,,,,,,
,,,,,,,,,,
,,,,,,,,,,
,,,,,,,,,,
,,,,,,,,,,
,,,,,,,,,,
,,,,,,,,,,
,,,,,,,,,,
,,,,,,,,,,
,,,,,,,,,,
,,,,,,,,,,
,,,,,,,,,,
,,,,,,,,,,
,,,,,,,,,,
,,,,,,,,,,
,,,,,,,,,,
,,,,,,,,,,
,,,,,,,,,,
,,,,,,,,,,
,,,,,,,,,,
,,,,,,,,,,
,,,,,,,,,,
,,,,,,,,,,
,,,,,,,,,,
,,,,,,,,,,
,,,,,,,,,,
,,,,,,,,,,
,,,,,,,,,,
,,,,,,,,,,
,,,,,,,,,,
,,,,,,,,,,
,,,,,,,,,,
,,,,,,,,,,
,,,,,,,,,,
,,,,,,,,,,
,,,,,,,,,,
,,,,,,,,,,
,,,,,,,,,,
,,,,,,,,,,
,,,,,,,,,,
,,,,,,,,,,
,,,,,,,,,,
,,,,,,,,,,
,,,,,,,,,,
,,,,,,,,,,
,,,,,,,,,,
,,,,,,,,,,
,,,,,,,,,,
,,,,,,,,,,
,,,,,,,,,,
,,,,,,,,,,
,,,,,,,,,,
,,,,,,,,,,
,,,,,,,,,,
,,,,,,,,,,
,,,,,,,,,,
,,,,,,,,,,
,,,,,,,,,,
,,,,,,,,,,
,,,,,,,,,,
,,,,,,,,,,
,,,,,,,,,,
,,,,,,,,,,
,,,,,,,,,,
,,,,,,,,,,
,,,,,,,,,,
,,,,,,,,,,
,,,,,,,,,,
,,,,,,,,,,
,,,,,,,,,,
,,,,,,,,,,
,,,,,,,,,,
,,,,,,,,,,
,,,,,,,,,,
,,,,,,,,,,
,,,,,,,,,,
,,,,,,,,,,
,,,,,,,,,,
,,,,,,,,,,
,,,,,,,,,,
,,,,,,,,,,
,,,,,,,,,,
,,,,,,,,,,
,,,,,,,,,,
,,,,,,,,,,
,,,,,,,,,,
,,,,,,,,,,
,,,,,,,,,,
,,,,,,,,,,
,,,,,,,,,,
,,,,,,,,,,
,,,,,,,,,,
,,,,,,,,,,
,,,,,,,,,,
,,,,,,,,,,
,,,,,,,,,,
,,,,,,,,,,
,,,,,,,,,,
,,,,,,,,,,
,,,,,,,,,,
,,,,,,,,,,
,,,,,,,,,,
,,,,,,,,,,
,,,,,,,,,,
,,,,,,,,,,
,,,,,,,,,,
,,,,,,,,,,
,,,,,,,,,,
,,,,,,,,,,
,,,,,,,,,,
,,,,,,,,,,
,,,,,,,,,,
,,,,,,,,,,
,,,,,,,,,,
,,,,,,,,,,
,,,,,,,,,,
,,,,,,,,,,
,,,,,,,,,,
,,,,,,,,,,
,,,,,,,,,,
,,,,,,,,,,
,,,,,,,,,,
,,,,,,,,,,
,,,,,,,,,,
,,,,,,,,,,
,,,,,,,,,,
,,,,,,,,,,
,,,,,,,,,,
,,,,,,,,,,
,,,,,,,,,,
,,,,,,,,,,
,,,,,,,,,,
,,,,,,,,,,
,,,,,,,,,,
,,,,,,,,,,
,,,,,,,,,,
,,,,,,,,,,
,,,,,,,,,,
,,,,,,,,,,
,,,,,,,,,,
,,,,,,,,,,
,,,,,,,,,,
,,,,,,,,,,
,,,,,,,,,,
,,,,,,,,,,
,,,,,,,,,,
,,,,,,,,,,
,,,,,,,,,,
,,,,,,,,,,
,,,,,,,,,,
,,,,,,,,,,
,,,,,,,,,,
,,,,,,,,,,
,,,,,,,,,,
,,,,,,,,,,
,,,,,,,,,,
,,,,,,,,,,
,,,,,,,,,,
,,,,,,,,,,
,,,,,,,,,,
,,,,,,,,,,
,,,,,,,,,,
,,,,,,,,,,
,,,,,,,,,,
,,,,,,,,,,
,,,,,,,,,,
,,,,,,,,,,
,,,,,,,,,,
,,,,,,,,,,
,,,,,,,,,,
,,,,,,,,,,
,,,,,,,,,,
,,,,,,,,,,
,,,,,,,,,,
,,,,,,,,,,
,,,,,,,,,,
,,,,,,,,,,
,,,,,,,,,,
,,,,,,,,,,
,,,,,,,,,,
,,,,,,,,,,
,,,,,,,,,,
,,,,,,,,,,
,,,,,,,,,,
,,,,,,,,,,
,,,,,,,,,,
,,,,,,,,,,
,,,,,,,,,,
,,,,,,,,,,
,,,,,,,,,,
,,,,,,,,,,
,,,,,,,,,,
,,,,,,,,,,
,,,,,,,,,,
,,,,,,,,,,
,,,,,,,,,,
,,,,,,,,,,
,,,,,,,,,,
,,,,,,,,,,
,,,,,,,,,,
,,,,,,,,,,
,,,,,,,,,,
,,,,,,,,,,
,,,,,,,,,,
,,,,,,,,,,
,,,,,,,,,,
,,,,,,,,,,
,,,,,,,,,,
,,,,,,,,,,
,,,,,,,,,,
,,,,,,,,,,
,,,,,,,,,,
,,,,,,,,,,
,,,,,,,,,,
,,,,,,,,,,
,,,,,,,,,,
,,,,,,,,,,
,,,,,,,,,,
,,,,,,,,,,
,,,,,,,,,,
,,,,,,,,,,
,,,,,,,,,,
,,,,,,,,,,
,,,,,,,,,,
,,,,,,,,,,
,,,,,,,,,,
,,,,,,,,,,
,,,,,,,,,,
,,,,,,,,,,
,,,,,,,,,,
,,,,,,,,,,
,,,,,,,,,,
,,,,,,,,,,
,,,,,,,,,,
,,,,,,,,,,
,,,,,,,,,,
,,,,,,,,,,
,,,,,,,,,,
,,,,,,,,,,
,,,,,,,,,,
,,,,,,,,,,
,,,,,,,,,,
,,,,,,,,,,
,,,,,,,,,,
,,,,,,,,,,
,,,,,,,,,,
,,,,,,,,,,
,,,,,,,,,,
,,,,,,,,,,
,,,,,,,,,,
,,,,,,,,,,
,,,,,,,,,,
,,,,,,,,,,
,,,,,,,,,,
,,,,,,,,,,
,,,,,,,,,,
,,,,,,,,,,
,,,,,,,,,,
,,,,,,,,,,
,,,,,,,,,,
,,,,,,,,,,
,,,,,,,,,,
,,,,,,,,,,
,,,,,,,,,,
,,,,,,,,,,
,,,,,,,,,,
,,,,,,,,,,
,,,,,,,,,,
,,,,,,,,,,
,,,,,,,,,,
,,,,,,,,,,
,,,,,,,,,,
,,,,,,,,,,
,,,,,,,,,,
,,,,,,,,,,
,,,,,,,,,,
,,,,,,,,,,
,,,,,,,,,,
,,,,,,,,,,
,,,,,,,,,,
,,,,,,,,,,
,,,,,,,,,,
,,,,,,,,,,
,,,,,,,,,,
,,,,,,,,,,
,,,,,,,,,,
,,,,,,,,,,
,,,,,,,,,,
,,,,,,,,,,
,,,,,,,,,,
,,,,,,,,,,
,,,,,,,,,,
,,,,,,,,,,
,,,,,,,,,,
,,,,,,,,,,
,,,,,,,,,,
,,,,,,,,,,
,,,,,,,,,,
,,,,,,,,,,
,,,,,,,,,,
,,,,,,,,,,
,,,,,,,,,,
,,,,,,,,,,
,,,,,,,,,,
,,,,,,,,,,
,,,,,,,,,,
,,,,,,,,,,
,,,,,,,,,,
,,,,,,,,,,
,,,,,,,,,,
,,,,,,,,,,
,,,,,,,,,,
,,,,,,,,,,
,,,,,,,,,,
,,,,,,,,,,
,,,,,,,,,,
,,,,,,,,,,
,,,,,,,,,,
,,,,,,,,,,
,,,,,,,,,,
,,,,,,,,,,
,,,,,,,,,,
,,,,,,,,,,
,,,,,,,,,,
,,,,,,,,,,
,,,,,,,,,,
,,,,,,,,,,
,,,,,,,,,,
,,,,,,,,,,
,,,,,,,,,,
,,,,,,,,,,
,,,,,,,,,,
,,,,,,,,,,
,,,,,,,,,,
,,,,,,,,,,
,,,,,,,,,,
,,,,,,,,,,
,,,,,,,,,,
,,,,,,,,,,
,,,,,,,,,,
,,,,,,,,,,
,,,,,,,,,,
,,,,,,,,,,
,,,,,,,,,,
,,,,,,,,,,
,,,,,,,,,,
,,,,,,,,,,
,,,,,,,,,,
,,,,,,,,,,
,,,,,,,,,,
,,,,,,,,,,
,,,,,,,,,,
,,,,,,,,,,
,,,,,,,,,,
,,,,,,,,,,
,,,,,,,,,,
,,,,,,,,,,
,,,,,,,,,,
,,,,,,,,,,
,,,,,,,,,,
,,,,,,,,,,
,,,,,,,,,,
,,,,,,,,,,
,,,,,,,,,,
,,,,,,,,,,
,,,,,,,,,,
,,,,,,,,,,
,,,,,,,,,,
,,,,,,,,,,
,,,,,,,,,,
,,,,,,,,,,
,,,,,,,,,,
,,,,,,,,,,
,,,,,,,,,,
,,,,,,,,,,
,,,,,,,,,,
,,,,,,,,,,
,,,,,,,,,,
,,,,,,,,,,
,,,,,,,,,,
,,,,,,,,,,
,,,,,,,,,,
,,,,,,,,,,
,,,,,,,,,,
,,,,,,,,,,
,,,,,,,,,,
,,,,,,,,,,
,,,,,,,,,,
,,,,,,,,,,
,,,,,,,,,,
,,,,,,,,,,
,,,,,,,,,,
,,,,,,,,,,
,,,,,,,,,,
,,,,,,,,,,
,,,,,,,,,,
,,,,,,,,,,
,,,,,,,,,,
,,,,,,,,,,
,,,,,,,,,,
,,,,,,,,,,
,,,,,,,,,,
,,,,,,,,,,
,,,,,,,,,,
,,,,,,,,,,
,,,,,,,,,,
,,,,,,,,,,
,,,,,,,,,,
,,,,,,,,,,
,,,,,,,,,,
,,,,,,,,,,
,,,,,,,,,,
,,,,,,,,,,
,,,,,,,,,,
,,,,,,,,,,
,,,,,,,,,,
,,,,,,,,,,
,,,,,,,,,,
,,,,,,,,,,
,,,,,,,,,,
,,,,,,,,,,
,,,,,,,,,,
,,,,,,,,,,
,,,,,,,,,,
,,,,,,,,,,
,,,,,,,,,,
,,,,,,,,,,
,,,,,,,,,,
,,,,,,,,,,
,,,,,,,,,,
,,,,,,,,,,
,,,,,,,,,,
,,,,,,,,,,
,,,,,,,,,,
,,,,,,,,,,
,,,,,,,,,,
,,,,,,,,,,
,,,,,,,,,,
,,,,,,,,,,
,,,,,,,,,,
,,,,,,,,,,
,,,,,,,,,,
,,,,,,,,,,
,,,,,,,,,,
,,,,,,,,,,
,,,,,,,,,,
,,,,,,,,,,
,,,,,,,,,,
,,,,,,,,,,
,,,,,,,,,,
,,,,,,,,,,
,,,,,,,,,,
,,,,,,,,,,
,,,,,,,,,,
,,,,,,,,,,
,,,,,,,,,,
,,,,,,,,,,
,,,,,,,,,,
,,,,,,,,,,
,,,,,,,,,,
,,,,,,,,,,
,,,,,,,,,,
,,,,,,,,,,
,,,,,,,,,,
,,,,,,,,,,
,,,,,,,,,,
,,,,,,,,,,
,,,,,,,,,,
,,,,,,,,,,
,,,,,,,,,,
,,,,,,,,,,
,,,,,,,,,,
,,,,,,,,,,
,,,,,,,,,,
,,,,,,,,,,
,,,,,,,,,,
,,,,,,,,,,
,,,,,,,,,,
,,,,,,,,,,
,,,,,,,,,,
,,,,,,,,,,
,,,,,,,,,,
,,,,,,,,,,
,,,,,,,,,,
,,,,,,,,,,
,,,,,,,,,,
,,,,,,,,,,
,,,,,,,,,,
,,,,,,,,,,
,,,,,,,,,,
,,,,,,,,,,
,,,,,,,,,,
,,,,,,,,,,
,,,,,,,,,,
,,,,,,,,,,
,,,,,,,,,,
,,,,,,,,,,
,,,,,,,,,,
,,,,,,,,,,
,,,,,,,,,,
,,,,,,,,,,
,,,,,,,,,,
,,,,,,,,,,
,,,,,,,,,,
,,,,,,,,,,
,,,,,,,,,,
,,,,,,,,,,
,,,,,,,,,,
,,,,,,,,,,
,,,,,,,,,,
,,,,,,,,,,
,,,,,,,,,,
,,,,,,,,,,
,,,,,,,,,,
,,,,,,,,,,
,,,,,,,,,,
,,,,,,,,,,
,,,,,,,,,,
,,,,,,,,,,
,,,,,,,,,,
,,,,,,,,,,
,,,,,,,,,,
,,,,,,,,,,
,,,,,,,,,,
,,,,,,,,,,
,,,,,,,,,,
,,,,,,,,,,
,,,,,,,,,,
,,,,,,,,,,
,,,,,,,,,,
,,,,,,,,,,
,,,,,,,,,,
,,,,,,,,,,
,,,,,,,,,,
,,,,,,,,,,
,,,,,,,,,,
,,,,,,,,,,
,,,,,,,,,,
,,,,,,,,,,
,,,,,,,,,,
,,,,,,,,,,
,,,,,,,,,,
,,,,,,,,,,
,,,,,,,,,,
,,,,,,,,,,
,,,,,,,,,,
,,,,,,,,,,
,,,,,,,,,,
,,,,,,,,,,
,,,,,,,,,,
,,,,,,,,,,
,,,,,,,,,,
,,,,,,,,,,
,,,,,,,,,,
,,,,,,,,,,
,,,,,,,,,,
,,,,,,,,,,
,,,,,,,,,,
,,,,,,,,,,
,,,,,,,,,,
,,,,,,,,,,
,,,,,,,,,,
,,,,,,,,,,
,,,,,,,,,,
,,,,,,,,,,
,,,,,,,,,,
,,,,,,,,,,
,,,,,,,,,,
,,,,,,,,,,
,,,,,,,,,,
,,,,,,,,,,
,,,,,,,,,,
,,,,,,,,,,
,,,,,,,,,,
,,,,,,,,,,
,,,,,,,,,,
,,,,,,,,,,
,,,,,,,,,,
,,,,,,,,,,
,,,,,,,,,,
,,,,,,,,,,
,,,,,,,,,,
,,,,,,,,,,
,,,,,,,,,,
,,,,,,,,,,
,,,,,,,,,,
,,,,,,,,,,
,,,,,,,,,,
,,,,,,,,,,
,,,,,,,,,,
,,,,,,,,,,
,,,,,,,,,,
,,,,,,,,,,
,,,,,,,,,,
,,,,,,,,,,
,,,,,,,,,,
,,,,,,,,,,
,,,,,,,,,,
,,,,,,,,,,
,,,,,,,,,,
,,,,,,,,,,
,,,,,,,,,,
,,,,,,,,,,
,,,,,,,,,,
,,,,,,,,,,
,,,,,,,,,,
,,,,,,,,,,
,,,,,,,,,,
,,,,,,,,,,
,,,,,,,,,,
,,,,,,,,,,
,,,,,,,,,,
,,,,,,,,,,
,,,,,,,,,,
,,,,,,,,,,
,,,,,,,,,,
,,,,,,,,,,
,,,,,,,,,,
,,,,,,,,,,
,,,,,,,,,,
,,,,,,,,,,
,,,,,,,,,,
,,,,,,,,,,
,,,,,,,,,,
,,,,,,,,,,
,,,,,,,,,,
,,,,,,,,,,
,,,,,,,,,,
,,,,,,,,,,
,,,,,,,,,,
,,,,,,,,,,
,,,,,,,,,,
,,,,,,,,,,
,,,,,,,,,,
,,,,,,,,,,
,,,,,,,,,,
,,,,,,,,,,
,,,,,,,,,,
,,,,,,,,,,
,,,,,,,,,,
,,,,,,,,,,
,,,,,,,,,,
,,,,,,,,,,
,,,,,,,,,,
,,,,,,,,,,
,,,,,,,,,,
,,,,,,,,,,
,,,,,,,,,,
,,,,,,,,,,
,,,,,,,,,,
,,,,,,,,,,
,,,,,,,,,,
,,,,,,,,,,
,,,,,,,,,,
,,,,,,,,,,
,,,,,,,,,,
,,,,,,,,,,
,,,,,,,,,,
,,,,,,,,,,
,,,,,,,,,,
,,,,,,,,,,
,,,,,,,,,,
,,,,,,,,,,
,,,,,,,,,,
,,,,,,,,,,
,,,,,,,,,,
,,,,,,,,,,
,,,,,,,,,,
,,,,,,,,,,
,,,,,,,,,,
,,,,,,,,,,
,,,,,,,,,,
,,,,,,,,,,
,,,,,,,,,,
,,,,,,,,,,
,,,,,,,,,,
,,,,,,,,,,
,,,,,,,,,,
,,,,,,,,,,
,,,,,,,,,,
,,,,,,,,,,
,,,,,,,,,,
,,,,,,,,,,
,,,,,,,,,,
,,,,,,,,,,
,,,,,,,,,,
,,,,,,,,,,
,,,,,,,,,,
,,,,,,,,,,
,,,,,,,,,,
,,,,,,,,,,
,,,,,,,,,,
,,,,,,,,,,
,,,,,,,,,,
,,,,,,,,,,
