campaign_id,campaign_name,date,target_audience,channel,impressions,clicks,conversions,spend,revenue_generated,roas
244611,New User Discount,01-07-2024,New Users,Social Media,6321,187,84,4371.65,8343.1,3.89
88954,Weekend Special,01-07-2024,All,SMS,7738,665,43,3656.55,9710.03,3.09
403916,Festival Offer,01-07-2024,Premium,App,6960,997,25,1658.6,2594.59,2.83
759311,Flash Sale,01-07-2024,New Users,Social Media,7954,845,83,1246.38,7315.92,2.84
571275,Membership Drive,01-07-2024,Inactive,Email,4154,845,58,3219.98,7299.54,2.91
51824,Category Promotion,01-07-2024,Premium,Social Media,1672,432,17,4330.69,6671.78,2.37
943235,App Push Notification,01-07-2024,Inactive,Social Media,6764,228,49,4512.66,4955.98,1.87
275526,Email Campaign,01-07-2024,All,App,4561,692,18,3934.35,3673.46,3.12
912695,Referral Program,01-07-2024,Inactive,Email,1111,233,34,4448.72,6160.27,2.96
55594,New User Discount,02-07-2024,Premium,Email,4990,531,26,2983.34,6924.21,2.7
922544,Weekend Special,02-07-2024,New Users,Email,2546,293,25,1171.18,2739.18,2.96
758868,Festival Offer,02-07-2024,All,Email,3963,196,12,1571.37,8652.94,3.17
221516,Flash Sale,02-07-2024,New Users,Social Media,5859,658,41,1160.27,4796.48,3.75
423614,Membership Drive,02-07-2024,All,Social Media,4714,852,37,2305.05,8529.82,2.15
119485,Category Promotion,02-07-2024,All,SMS,4253,931,40,4987.84,5521.58,2.18
186094,App Push Notification,02-07-2024,Inactive,SMS,5915,402,50,2214.75,2233.47,2.87
304479,Email Campaign,02-07-2024,Premium,App,7675,417,88,2789.71,9339.14,2.54
130880,Referral Program,02-07-2024,Premium,SMS,7911,867,72,2811.38,2963.7,3.16
814579,New User Discount,03-07-2024,Premium,SMS,4921,712,97,3667.84,2493.24,3.34
703493,Weekend Special,03-07-2024,Premium,App,7636,748,93,4831.1,8736.93,3.7
304163,Festival Offer,03-07-2024,New Users,SMS,9383,716,99,4343.35,3781.41,3.86
5891,Flash Sale,03-07-2024,Premium,SMS,2333,976,96,4851.75,2280.15,1.77
521813,Membership Drive,03-07-2024,All,App,2775,654,34,4022.17,3607.6,2.77
630300,Category Promotion,03-07-2024,Inactive,Social Media,7652,490,50,4462.33,3602.84,1.74
222013,App Push Notification,03-07-2024,All,App,5590,525,65,4865.84,8038.75,3.45
162388,Email Campaign,03-07-2024,Inactive,Social Media,1465,213,61,2476.41,7904.47,2.89
1966,Referral Program,03-07-2024,All,App,1515,924,96,3621.59,5330.49,3.92
303557,New User Discount,04-07-2024,New Users,SMS,2155,682,89,2401.05,7405.77,3.08
698668,Weekend Special,04-07-2024,Premium,App,1929,563,56,3292.83,4768.12,2.98
184088,Festival Offer,04-07-2024,New Users,Email,3280,568,86,1233.29,5501.87,3.61
895095,Flash Sale,04-07-2024,Inactive,App,1306,440,66,3135.58,7797.98,2.86
635618,Membership Drive,04-07-2024,New Users,App,7959,389,63,4901.15,2434.26,3.56
133861,Category Promotion,04-07-2024,All,App,3083,637,99,3039.8,6757.26,3.04
273112,App Push Notification,04-07-2024,New Users,SMS,4825,890,60,4971.96,6051.97,3.51
429218,Email Campaign,04-07-2024,Premium,Social Media,4915,743,68,2927.68,7764.72,3.39
299733,Referral Program,04-07-2024,Inactive,App,7883,566,69,4658.57,4550.79,3.09
377293,New User Discount,05-07-2024,Inactive,Social Media,7771,575,49,4311.66,2839.56,2.15
102043,Weekend Special,05-07-2024,Inactive,App,7307,390,42,2870.92,8166.53,2.53
682120,Festival Offer,05-07-2024,New Users,App,9806,804,91,4579.07,2116.41,1.69
556237,Flash Sale,05-07-2024,Inactive,App,8061,906,83,4928,2849.73,3.36
536075,Membership Drive,05-07-2024,All,Email,3374,447,72,3431.27,7819.18,1.79
799187,Category Promotion,05-07-2024,Inactive,SMS,8219,111,29,4629.74,3194.92,1.96
660547,App Push Notification,05-07-2024,Inactive,App,5188,873,40,2262.6,8709.88,3.41
548705,Email Campaign,05-07-2024,All,SMS,3026,884,51,1266.83,5419.23,3.63
461527,Referral Program,05-07-2024,Inactive,App,7153,641,98,4563.68,8629.79,2.59
780485,New User Discount,06-07-2024,All,App,1819,995,78,4986.38,7138.51,2.13
547115,Weekend Special,06-07-2024,Inactive,SMS,4656,535,29,3311.28,7686.73,2.14
227016,Festival Offer,06-07-2024,New Users,Social Media,4233,297,86,3920.5,5730.42,3.24
425704,Flash Sale,06-07-2024,Premium,Email,3559,724,58,4851.57,3589.65,1.69
731367,Membership Drive,06-07-2024,All,App,2501,541,43,1026.38,4163.05,1.55
614126,Category Promotion,06-07-2024,All,Social Media,8922,765,75,1243.83,6716.25,2.51
751624,App Push Notification,06-07-2024,Inactive,SMS,7284,596,50,2584,5175.76,1.56
962131,Email Campaign,06-07-2024,Inactive,Email,5284,969,68,2809.88,7560.78,3.34
590925,Referral Program,06-07-2024,Premium,Email,8234,914,29,1899.6,8064.61,1.7
370831,New User Discount,07-07-2024,All,SMS,3971,252,53,4938.28,9863.18,2.43
972938,Weekend Special,07-07-2024,Premium,SMS,8867,168,29,4295.72,7068.8,1.52
666778,Festival Offer,07-07-2024,All,App,9556,312,30,3153.14,7350.63,2.32
709437,Flash Sale,07-07-2024,Inactive,Email,6563,173,55,4805.06,2820.35,2.2
89439,Membership Drive,07-07-2024,Inactive,Social Media,3764,559,78,3072.25,5487.27,1.52
687834,Category Promotion,07-07-2024,All,Email,3896,881,13,1827.35,7296.21,3.1
497519,App Push Notification,07-07-2024,Inactive,App,3319,572,50,2778.66,5632.85,3.65
338168,Email Campaign,07-07-2024,All,Email,1945,665,47,4974.13,5464.2,1.59
804688,Referral Program,07-07-2024,New Users,Email,7284,154,16,2848.33,8076.66,3.34
779698,New User Discount,08-07-2024,Inactive,Social Media,6314,968,20,2430.17,3313.77,2.28
27136,Weekend Special,08-07-2024,Inactive,Social Media,3081,663,98,4462.35,5634.3,3.03
367050,Festival Offer,08-07-2024,All,App,2827,368,70,1859.92,7222.11,1.64
884549,Flash Sale,08-07-2024,All,Email,3824,512,18,1011.12,4223.28,3.7
986752,Membership Drive,08-07-2024,Premium,Email,3575,737,47,3896.84,4303.13,3.83
69862,Category Promotion,08-07-2024,All,Social Media,7266,643,72,2974.19,9085.9,2.78
575066,App Push Notification,08-07-2024,Inactive,App,7977,302,56,3983.37,9691.47,1.82
867631,Email Campaign,08-07-2024,Inactive,Email,1298,897,19,4730.77,3047.53,2.42
992548,Referral Program,08-07-2024,All,SMS,2955,130,69,3239.74,7024.88,2.4
817895,New User Discount,09-07-2024,All,Email,1355,296,82,3472.55,8513.25,1.75
782906,Weekend Special,09-07-2024,All,Email,4620,643,61,1129.88,9626.29,2.44
715842,Festival Offer,09-07-2024,New Users,Social Media,3036,616,22,2107.4,8586.18,3.71
436135,Flash Sale,09-07-2024,New Users,SMS,6498,327,62,4013.69,3495.04,1.89
720481,Membership Drive,09-07-2024,Premium,Email,5610,684,11,3656.24,8520.82,2.53
796370,Category Promotion,09-07-2024,All,SMS,9355,721,35,4009.72,7498.45,3.45
921510,App Push Notification,09-07-2024,Premium,Social Media,1406,747,45,3243.81,2431.46,2.02
336324,Email Campaign,09-07-2024,Premium,SMS,7441,940,20,4885.9,9464.14,3.08
227674,Referral Program,09-07-2024,Inactive,Email,6464,990,56,2653.22,8806.88,3.38
69938,New User Discount,10-07-2024,Inactive,App,4510,809,96,3110.1,6764.98,2.06
628694,Weekend Special,10-07-2024,Inactive,App,7696,740,30,4977.55,4373.22,1.74
969239,Festival Offer,10-07-2024,All,App,7977,149,37,4514.95,5177.34,2.63
274150,Flash Sale,10-07-2024,Premium,SMS,3703,115,43,2486.13,3557.85,3.34
692762,Membership Drive,10-07-2024,Inactive,Social Media,7660,129,10,2003.11,2964.52,3.13
705971,Category Promotion,10-07-2024,Inactive,SMS,9304,336,36,2194.51,9169.32,2.53
253036,App Push Notification,10-07-2024,Inactive,App,1209,216,25,2752.45,8394.96,2.29
182648,Email Campaign,10-07-2024,Premium,Social Media,8244,433,63,2518.04,7213.87,2.65
288525,Referral Program,10-07-2024,New Users,App,2875,845,50,1552.18,9404.18,3.04
54604,New User Discount,11-07-2024,Premium,Social Media,3850,149,74,1265.22,4637.3,3.12
567737,Weekend Special,11-07-2024,Inactive,Email,3093,262,78,2924.72,4521.23,3.84
376369,Festival Offer,11-07-2024,All,SMS,9931,889,28,3276.54,6644.46,3.48
772462,Flash Sale,11-07-2024,All,App,3842,180,25,3638.26,6281.78,2.1
846900,Membership Drive,11-07-2024,Premium,Email,4760,422,56,3286.36,9180.9,3
809480,Category Promotion,11-07-2024,Premium,SMS,7565,915,23,3489.52,7052.61,2.74
888464,App Push Notification,11-07-2024,New Users,SMS,2956,141,43,4048.42,5658.82,2.2
213728,Email Campaign,11-07-2024,Premium,Email,8210,935,58,2795.2,6047.38,2.31
127966,Referral Program,11-07-2024,Premium,Email,4956,584,75,3771.9,6463.44,2.97
81080,New User Discount,12-07-2024,All,SMS,7792,784,90,1798.8,3943.84,2.86
467373,Weekend Special,12-07-2024,Inactive,Social Media,5335,693,76,3427.39,8500.54,2.83
556175,Festival Offer,12-07-2024,Inactive,Email,5224,377,11,2967.36,5461.8,2.02
184133,Flash Sale,12-07-2024,All,SMS,4938,556,52,1232.91,2892.73,1.58
862372,Membership Drive,12-07-2024,Inactive,App,3247,282,70,1865.25,8709.17,3.05
54772,Category Promotion,12-07-2024,All,App,9679,725,83,3628.95,5918.21,1.59
169545,App Push Notification,12-07-2024,All,App,4042,249,56,2741.56,7066.93,3.12
124610,Email Campaign,12-07-2024,Premium,Social Media,9464,848,32,2229.1,5642.77,3.03
723700,Referral Program,12-07-2024,All,App,7223,529,10,4659.41,7791.85,3.13
366652,New User Discount,13-07-2024,New Users,App,5165,880,93,2768.65,4764.24,2.15
189306,Weekend Special,13-07-2024,New Users,App,5057,538,49,3384.48,3133.76,2.56
15528,Festival Offer,13-07-2024,Premium,SMS,9050,710,50,3218.71,5250.64,3.82
826247,Flash Sale,13-07-2024,Inactive,SMS,7954,854,79,4169.44,9343.86,2.61
486236,Membership Drive,13-07-2024,Inactive,App,8939,623,57,4589.37,5138.87,3.05
858374,Category Promotion,13-07-2024,All,App,6372,286,54,4214.35,5341.12,3.5
856974,App Push Notification,13-07-2024,New Users,SMS,3773,748,66,3245.65,4944.02,2.64
66358,Email Campaign,13-07-2024,Inactive,App,7532,786,17,1880.92,5275.79,3.53
166886,Referral Program,13-07-2024,Premium,SMS,2629,756,26,3574.08,7522.36,1.98
101172,New User Discount,14-07-2024,Premium,Social Media,8804,837,91,1266.85,6277.53,2.81
53177,Weekend Special,14-07-2024,Premium,SMS,7285,952,17,2561.42,7341.9,1.71
614094,Festival Offer,14-07-2024,New Users,Social Media,1395,534,97,3869.44,8474.09,1.91
351761,Flash Sale,14-07-2024,Premium,SMS,8777,709,18,4383.07,6731.98,1.63
195184,Membership Drive,14-07-2024,Premium,Email,2588,348,10,2145.09,3088.18,2.57
628944,Category Promotion,14-07-2024,New Users,Social Media,3131,925,43,3146.68,9853.52,3.35
726827,App Push Notification,14-07-2024,Inactive,Email,8767,637,46,2575.69,5082.43,2.12
175775,Email Campaign,14-07-2024,Premium,Email,3092,584,82,1450.67,6823.36,1.88
405734,Referral Program,14-07-2024,Inactive,Social Media,2353,620,72,4657.85,5976.87,3.63
651888,New User Discount,15-07-2024,All,App,9603,621,86,3817.59,4776.77,2.03
453227,Weekend Special,15-07-2024,Premium,SMS,8831,989,48,1549.72,9329.4,3.07
375783,Festival Offer,15-07-2024,All,Social Media,5484,383,79,3964.89,6711.24,3.63
439764,Flash Sale,15-07-2024,New Users,SMS,5733,258,53,3768.62,4817.59,3.55
790767,Membership Drive,15-07-2024,Premium,Email,7372,480,96,1825.52,3816.4,1.76
162998,Category Promotion,15-07-2024,All,Email,4763,830,13,4454.17,4550.4,3.5
219890,App Push Notification,15-07-2024,Inactive,Email,9552,484,23,3512.99,5463.66,3.41
114097,Email Campaign,15-07-2024,New Users,App,6379,602,97,2273.47,6322.59,3.04
940058,Referral Program,15-07-2024,New Users,SMS,2413,167,56,3895.68,3198.49,1.99
242571,New User Discount,16-07-2024,New Users,SMS,7831,1000,38,1512.16,8012.07,2.33
121944,Weekend Special,16-07-2024,All,App,5323,494,61,2856.75,8592.7,2.67
314278,Festival Offer,16-07-2024,Inactive,SMS,9082,730,71,1612.43,7169.62,3.99
787238,Flash Sale,16-07-2024,All,App,4129,192,66,3110.73,5430.74,2.48
89310,Membership Drive,16-07-2024,All,Social Media,3977,907,35,4993.77,9253.01,3.6
160488,Category Promotion,16-07-2024,Premium,Email,1050,667,56,2106.81,8591.4,2.92
307740,App Push Notification,16-07-2024,Premium,Email,6777,187,44,3262.53,3007.54,3.12
751465,Email Campaign,16-07-2024,New Users,SMS,4932,879,75,1460.37,9193.41,1.53
733710,Referral Program,16-07-2024,All,SMS,7580,194,60,2869.34,5679.95,3.87
655671,New User Discount,17-07-2024,Inactive,Social Media,3976,190,77,1307.47,5541.21,3.55
920261,Weekend Special,17-07-2024,Inactive,SMS,2029,989,50,1849.29,8274.93,2.56
799160,Festival Offer,17-07-2024,New Users,App,6115,862,99,1592.4,7968.14,2.42
12627,Flash Sale,17-07-2024,All,Social Media,7320,541,31,4870.47,4779.9,1.93
714528,Membership Drive,17-07-2024,Premium,App,5213,944,100,1844.61,7292.98,2.07
333795,Category Promotion,17-07-2024,Premium,App,8353,186,59,3201.53,8200.55,2.75
70917,App Push Notification,17-07-2024,All,SMS,3656,800,80,1558.91,4051.96,3.92
455642,Email Campaign,17-07-2024,Inactive,App,7149,608,38,3935.11,5006.09,1.6
290168,Referral Program,17-07-2024,Premium,Social Media,4761,595,54,3427.23,3819.1,3.53
760467,New User Discount,18-07-2024,Inactive,App,5229,638,18,4087.39,6210.84,2.74
834572,Weekend Special,18-07-2024,Inactive,Email,4796,572,19,1237.44,3298.31,3.46
342113,Festival Offer,18-07-2024,New Users,SMS,3407,705,39,3489.26,8606.84,3.13
882119,Flash Sale,18-07-2024,All,Social Media,2364,872,50,2932.34,3092.27,3.9
752217,Membership Drive,18-07-2024,Premium,Email,9073,750,65,1530.69,8440.89,3.34
783705,Category Promotion,18-07-2024,New Users,App,7715,851,18,3437.52,2328.8,1.91
183782,App Push Notification,18-07-2024,All,Email,2867,918,86,4764.01,8747.87,1.52
757777,Email Campaign,18-07-2024,New Users,Email,2090,447,25,4475.46,2201.66,2.25
744292,Referral Program,18-07-2024,All,Social Media,4068,258,61,3514.21,4806.66,2.82
502855,New User Discount,19-07-2024,All,App,1082,480,34,1650.2,7354.26,3.91
234616,Weekend Special,19-07-2024,New Users,Email,3551,739,59,4340.54,5844.89,3.99
97633,Festival Offer,19-07-2024,Premium,Social Media,2598,326,10,4043.62,4715.53,3.09
464736,Flash Sale,19-07-2024,All,Social Media,7155,158,92,1324.52,4773.46,3.83
353262,Membership Drive,19-07-2024,All,Social Media,9944,551,87,3411.38,8506.09,3.38
943724,Category Promotion,19-07-2024,Inactive,App,8474,678,65,4335.04,5372.35,2.55
975447,App Push Notification,19-07-2024,Premium,App,2217,390,79,3183.66,8925.23,2.25
964738,Email Campaign,19-07-2024,New Users,App,4415,931,26,2594.55,2915.95,3.61
88024,Referral Program,19-07-2024,Premium,Email,1201,866,11,1443.96,5404.69,3.82
733320,New User Discount,20-07-2024,New Users,Social Media,5217,673,97,2226.61,3176.98,2.27
664577,Weekend Special,20-07-2024,New Users,SMS,8025,874,11,3169.96,5378.85,3.26
50715,Festival Offer,20-07-2024,Inactive,Email,9611,902,63,1329.49,7553.54,1.96
573344,Flash Sale,20-07-2024,Premium,Email,3379,865,85,1213.41,7983.76,3.86
978121,Membership Drive,20-07-2024,All,Social Media,2073,565,60,1486.24,5993.41,2.26
317794,Category Promotion,20-07-2024,All,Email,3314,382,82,3278.02,5656.04,2.38
110614,App Push Notification,20-07-2024,Inactive,Email,4130,959,66,3815.76,7480.82,2.5
913714,Email Campaign,20-07-2024,Premium,SMS,3892,530,33,4972.08,9082.47,3.32
379833,Referral Program,20-07-2024,Inactive,App,9875,527,90,4312.88,6111.33,2.96
371941,New User Discount,21-07-2024,New Users,App,1347,547,74,1024,3800.89,3.1
436061,Weekend Special,21-07-2024,All,App,4015,632,87,4323.49,2193.03,2.94
246987,Festival Offer,21-07-2024,Premium,SMS,1768,256,64,2270.07,3531.3,2.74
951363,Flash Sale,21-07-2024,Inactive,SMS,5110,298,54,4827.04,9804.36,2.96
2988,Membership Drive,21-07-2024,Inactive,App,8472,701,51,3923.89,3691.64,1.51
415707,Category Promotion,21-07-2024,New Users,Email,6666,405,92,2106.13,3481.58,3.41
208932,App Push Notification,21-07-2024,New Users,Social Media,9557,611,12,3257.03,3076.44,3.66
702383,Email Campaign,21-07-2024,Inactive,Email,3976,687,29,3378.54,3248.42,2.41
789166,Referral Program,21-07-2024,Inactive,App,2361,173,93,2182,2309.55,2.71
174479,New User Discount,22-07-2024,All,Social Media,3799,998,24,3398.23,7590.79,2.84
306822,Weekend Special,22-07-2024,New Users,Email,4804,438,74,2015.84,3411.08,3.17
915788,Festival Offer,22-07-2024,New Users,Social Media,4050,654,19,4875.93,9495.08,2.9
596227,Flash Sale,22-07-2024,New Users,Email,4091,282,27,3719.26,9449.68,3.34
23552,Membership Drive,22-07-2024,All,SMS,8825,282,16,1657.29,3088.76,2.66
109358,Category Promotion,22-07-2024,Inactive,SMS,2484,817,88,3937.89,7277.89,1.98
751406,App Push Notification,22-07-2024,New Users,SMS,4209,381,89,1582.35,5557.25,1.94
408608,Email Campaign,22-07-2024,Inactive,Email,1846,753,15,2876.16,2056.14,3.89
282735,Referral Program,22-07-2024,All,Email,5297,669,95,2929.05,9928.88,3.16
149455,New User Discount,23-07-2024,All,SMS,5385,858,55,1721.38,7136.35,3.82
179090,Weekend Special,23-07-2024,Inactive,Social Media,7563,388,33,3823.92,3005.46,3.15
641032,Festival Offer,23-07-2024,Premium,Email,7685,956,17,3082.14,8221.14,1.89
906585,Flash Sale,23-07-2024,Inactive,SMS,9114,987,18,1571.3,9061.27,3.75
605995,Membership Drive,23-07-2024,Premium,Email,3932,797,23,3481.37,7664.15,3.16
837216,Category Promotion,23-07-2024,All,Social Media,8545,196,11,2185.45,4568.82,3.5
220469,App Push Notification,23-07-2024,Premium,App,3611,373,63,1134.99,4552.32,3.89
451486,Email Campaign,23-07-2024,Inactive,App,8047,645,63,1257.39,8013.88,3.81
591766,Referral Program,23-07-2024,New Users,App,2318,798,90,4113.87,9547.25,2.28
335328,New User Discount,24-07-2024,Inactive,Email,8230,570,98,4491.39,5311.63,2.15
234930,Weekend Special,24-07-2024,All,Social Media,3135,830,25,3881.66,2497.19,3.91
979341,Festival Offer,24-07-2024,All,App,8090,553,56,4419.59,6470.58,3.14
878275,Flash Sale,24-07-2024,All,Email,5494,582,63,1753.58,5892.87,3.4
258348,Membership Drive,24-07-2024,New Users,SMS,3169,172,33,3977.27,9975.81,3.73
454374,Category Promotion,24-07-2024,New Users,Social Media,7356,656,68,3513.48,9177.68,1.95
656922,App Push Notification,24-07-2024,Inactive,App,3666,343,74,4496.52,2109.29,1.83
400959,Email Campaign,24-07-2024,Premium,Email,9453,385,33,3914.18,7660.34,1.71
558809,Referral Program,24-07-2024,All,Social Media,3826,852,83,2081.05,9199.43,2.45
307715,New User Discount,25-07-2024,Inactive,Social Media,1129,691,71,3574.55,4019.62,2.84
492367,Weekend Special,25-07-2024,Inactive,SMS,2707,193,92,4107.16,3062,2.21
985046,Festival Offer,25-07-2024,Premium,Social Media,3835,847,87,3629.31,4203.62,2.26
915785,Flash Sale,25-07-2024,Premium,Email,2094,314,96,2866.56,7832.03,1.6
808285,Membership Drive,25-07-2024,New Users,Social Media,1483,654,25,1631.96,4492.13,3.31
209815,Category Promotion,25-07-2024,Inactive,Social Media,5775,339,31,1338.81,5303.28,2.08
538814,App Push Notification,25-07-2024,New Users,Email,3384,288,94,3041.61,6123.9,3.63
691665,Email Campaign,25-07-2024,Premium,App,5437,765,89,3726.36,6169.71,1.78
897533,Referral Program,25-07-2024,Premium,Email,6458,727,77,1682.87,5269.8,2.17
841866,New User Discount,26-07-2024,Premium,App,8624,846,32,2783.61,2399.08,3.35
263078,Weekend Special,26-07-2024,Premium,App,8803,940,60,4284.84,4882.68,2.55
483473,Festival Offer,26-07-2024,Inactive,Social Media,4114,604,61,4844.62,4186.86,1.53
251399,Flash Sale,26-07-2024,New Users,Email,9276,726,51,4401.47,9390.46,2.17
126783,Membership Drive,26-07-2024,All,SMS,7159,166,48,3918.23,3986.86,3.49
576289,Category Promotion,26-07-2024,All,SMS,8268,127,96,4544.8,7695.17,3.58
999216,App Push Notification,26-07-2024,Premium,Social Media,6504,442,46,3885.79,5767.99,3.03
701672,Email Campaign,26-07-2024,Premium,App,3547,165,87,1393.64,8702.52,3.59
471493,Referral Program,26-07-2024,Inactive,Email,6334,113,22,3399.33,9732.13,2.47
437168,New User Discount,27-07-2024,New Users,App,7840,383,34,4855.14,9860.4,3.71
547870,Weekend Special,27-07-2024,All,Email,7155,115,100,3814.87,4210.84,3.4
819189,Festival Offer,27-07-2024,All,Email,8251,220,23,1421.1,4288.71,1.78
822731,Flash Sale,27-07-2024,New Users,Social Media,1300,520,76,1927.42,4111.59,2.31
74683,Membership Drive,27-07-2024,Inactive,Email,7439,576,44,3917.82,9072.29,2.57
516485,Category Promotion,27-07-2024,All,Social Media,4477,626,86,2516.4,2420.69,2.13
27041,App Push Notification,27-07-2024,Premium,Email,2523,957,12,3603.22,9873.97,3.37
480113,Email Campaign,27-07-2024,New Users,Email,3254,974,82,1366.9,8439.56,2.74
794439,Referral Program,27-07-2024,Premium,SMS,9255,214,66,1734.4,9492.11,1.83
267952,New User Discount,28-07-2024,Inactive,App,9629,944,55,4231.35,2816.73,2
748049,Weekend Special,28-07-2024,New Users,App,7744,555,45,1815.25,4867.69,2.49
515034,Festival Offer,28-07-2024,All,Social Media,7775,139,59,4752.07,6710.99,3.64
512596,Flash Sale,28-07-2024,Inactive,SMS,2664,955,34,4917.87,3579.62,2.52
153844,Membership Drive,28-07-2024,New Users,Email,5116,620,85,2532.77,7188.76,3.4
826255,Category Promotion,28-07-2024,Inactive,SMS,9631,878,48,4635.93,5455.65,3.82
605877,App Push Notification,28-07-2024,All,SMS,9360,898,38,3771.86,9100.76,3.37
854241,Email Campaign,28-07-2024,Premium,App,2215,253,96,4222.07,7119.83,3.62
149503,Referral Program,28-07-2024,New Users,App,5145,523,93,3626.15,6438.12,2.11
524893,New User Discount,29-07-2024,All,Social Media,9909,504,90,4711.83,6194.97,2.56
829968,Weekend Special,29-07-2024,Inactive,App,7655,209,57,1404.95,9112.94,1.88
611183,Festival Offer,29-07-2024,All,SMS,1335,386,18,1515.91,8280.68,3.97
293118,Flash Sale,29-07-2024,Inactive,SMS,6888,880,74,3094.1,6538.3,1.81
836270,Membership Drive,29-07-2024,All,SMS,5244,222,70,2402.28,6322.27,2.19
218735,Category Promotion,29-07-2024,Premium,App,5193,757,62,1634.45,3697.08,3.61
953953,App Push Notification,29-07-2024,Premium,App,4868,616,79,3763.68,7692.36,3.03
552589,Email Campaign,29-07-2024,Premium,Social Media,2806,711,76,3935.06,2373.59,1.83
355376,Referral Program,29-07-2024,Premium,Social Media,1023,865,19,1838.54,6334.89,3.07
142379,New User Discount,30-07-2024,Premium,Email,2371,641,51,1902.77,7149.5,3.57
237279,Weekend Special,30-07-2024,Premium,Email,4151,128,54,4898.4,5129.08,1.54
178296,Festival Offer,30-07-2024,New Users,Social Media,5309,948,14,4401.24,3702.92,3.15
591305,Flash Sale,30-07-2024,Inactive,App,7295,895,32,4479.89,7130.71,3.17
346157,Membership Drive,30-07-2024,All,Social Media,3830,763,100,1368.8,5774.52,2.88
204245,Category Promotion,30-07-2024,Inactive,Email,9848,699,21,4603.37,3010.65,2.44
521777,App Push Notification,30-07-2024,Premium,Email,8573,486,31,4756.98,2925.47,3.44
444130,Email Campaign,30-07-2024,New Users,Social Media,8942,304,58,2716.61,8999.77,3.68
806520,Referral Program,30-07-2024,Premium,Email,5607,811,32,2873.15,4774.69,3.81
356016,New User Discount,31-07-2024,Inactive,Social Media,8868,328,17,4429.06,9854.82,2.94
149417,Weekend Special,31-07-2024,Inactive,Email,5019,880,77,3090.85,6876.06,1.56
118980,Festival Offer,31-07-2024,Inactive,App,1314,893,45,1159.56,9456.48,2.71
382542,Flash Sale,31-07-2024,Inactive,App,9314,386,42,4727.77,8348.7,3.65
356470,Membership Drive,31-07-2024,All,SMS,7067,389,75,3237.15,5791.96,3.42
800174,Category Promotion,31-07-2024,All,App,7638,347,47,2074.27,8603.47,3.08
571624,App Push Notification,31-07-2024,Inactive,SMS,7047,190,17,4017.57,5145.17,2.47
884284,Email Campaign,31-07-2024,Inactive,Social Media,5415,268,78,2993.74,6379.18,2.97
329114,Referral Program,31-07-2024,Inactive,Email,7028,515,87,2941.82,8874.55,3.82
403225,New User Discount,01-08-2024,Premium,SMS,2764,773,72,2397.18,8629.49,2.94
408769,Weekend Special,01-08-2024,New Users,SMS,4684,355,88,2953.01,7374.36,2.1
355606,Festival Offer,01-08-2024,All,Social Media,7733,447,28,1522.84,2176.16,1.51
92672,Flash Sale,01-08-2024,New Users,Social Media,6245,628,19,4210.78,7077.95,2
412881,Membership Drive,01-08-2024,Inactive,SMS,1133,579,60,2998.96,3848.06,3.33
725462,Category Promotion,01-08-2024,New Users,App,7644,178,60,4100.43,2725.65,3.55
260331,App Push Notification,01-08-2024,Premium,SMS,7251,903,94,4266.24,3160.04,3.63
717340,Email Campaign,01-08-2024,Inactive,App,7310,470,19,3829.59,3534.49,2.52
873714,Referral Program,01-08-2024,All,App,6886,480,25,1619.51,3855.57,3.7
720320,New User Discount,02-08-2024,Inactive,Email,5281,129,75,1257.77,2499.86,1.91
993475,Weekend Special,02-08-2024,Premium,Social Media,6835,313,70,2130.65,8548.17,2.16
488960,Festival Offer,02-08-2024,Premium,Social Media,8330,595,34,1881.66,2127.85,2.01
569878,Flash Sale,02-08-2024,All,Social Media,5863,717,76,2455.64,7618.35,3.95
72423,Membership Drive,02-08-2024,New Users,Social Media,2965,192,90,3434.13,4274.34,2.58
146183,Category Promotion,02-08-2024,New Users,Social Media,9354,631,84,3645.69,4325.89,1.71
930544,App Push Notification,02-08-2024,New Users,App,8787,708,93,2127.63,5739.27,2.76
601456,Email Campaign,02-08-2024,New Users,SMS,7986,652,31,2397.68,3807.98,3.62
512678,Referral Program,02-08-2024,All,App,2223,807,29,4597.94,3086.32,3.32
368664,New User Discount,03-08-2024,All,App,2235,829,96,3767.67,4371.71,2.13
53822,Weekend Special,03-08-2024,New Users,Social Media,6996,639,53,3547.23,5476.86,3.46
160294,Festival Offer,03-08-2024,Inactive,Email,7950,734,32,2475.23,4891.68,3.09
601326,Flash Sale,03-08-2024,Premium,Social Media,4432,564,81,1978.23,9513.38,2.48
699828,Membership Drive,03-08-2024,Inactive,Social Media,3427,537,43,2792,5367.86,1.85
960855,Category Promotion,03-08-2024,Premium,App,8400,425,25,2598.39,5006.07,3.79
477556,App Push Notification,03-08-2024,All,App,1805,555,98,1845.04,4581.49,2.06
238827,Email Campaign,03-08-2024,New Users,SMS,3578,957,26,4530.04,6562.59,2.62
361838,Referral Program,03-08-2024,Inactive,Email,4809,870,78,2671.33,9372.2,2.18
326841,New User Discount,04-08-2024,Inactive,Social Media,2363,319,97,4907.75,8855.37,3.72
211547,Weekend Special,04-08-2024,Inactive,App,3930,552,84,1732.79,3963.4,1.84
655175,Festival Offer,04-08-2024,New Users,Email,4295,535,28,1058.01,4651.7,2.29
222815,Flash Sale,04-08-2024,Inactive,Social Media,4353,444,26,1196.97,8951.53,2.38
280981,Membership Drive,04-08-2024,Inactive,Social Media,4014,677,76,3735.8,4863.25,3.26
699556,Category Promotion,04-08-2024,Premium,SMS,4640,853,29,3244.16,6105.04,3.24
944188,App Push Notification,04-08-2024,New Users,SMS,7130,519,95,1483.22,3850.61,3.4
270788,Email Campaign,04-08-2024,Inactive,Social Media,1621,925,26,4151.92,3437.08,2.67
314889,Referral Program,04-08-2024,Premium,Email,9251,377,38,1936.51,8825.13,2.72
898960,New User Discount,05-08-2024,Premium,SMS,7816,305,48,4930.14,7573.68,2.87
530108,Weekend Special,05-08-2024,Inactive,App,8418,204,19,2287.14,3345.72,1.72
902344,Festival Offer,05-08-2024,All,SMS,5055,429,19,4026.88,9790.27,2.45
134935,Flash Sale,05-08-2024,Inactive,App,5860,917,28,4159.03,3535.02,1.8
836752,Membership Drive,05-08-2024,Premium,SMS,4816,684,20,2506.86,9535.46,1.7
446966,Category Promotion,05-08-2024,New Users,SMS,6672,150,26,1561.05,7916.23,2.84
389548,App Push Notification,05-08-2024,New Users,App,6365,520,52,3270.32,7771.18,2.06
71868,Email Campaign,05-08-2024,All,App,7001,419,74,1305.55,4501.37,3.34
784176,Referral Program,05-08-2024,Inactive,App,9981,910,43,4447.77,4125.35,1.91
84366,New User Discount,06-08-2024,New Users,App,5984,845,72,2315.12,2505.97,3.32
331475,Weekend Special,06-08-2024,New Users,App,7023,147,68,2509.2,7199.28,2.82
268405,Festival Offer,06-08-2024,New Users,SMS,9632,877,84,1135.33,3363.73,3.79
392316,Flash Sale,06-08-2024,All,Email,2122,919,60,4893.49,4503.05,1.69
115391,Membership Drive,06-08-2024,New Users,Email,5692,875,46,1273.09,8242.12,2.95
534512,Category Promotion,06-08-2024,Inactive,App,5280,577,19,2628.52,2588.43,2.17
284422,App Push Notification,06-08-2024,All,Social Media,8614,940,92,1622.92,2155.43,2.91
84657,Email Campaign,06-08-2024,Premium,Email,9689,690,61,1109.75,9731.21,3.42
414231,Referral Program,06-08-2024,Inactive,Social Media,5401,155,43,3789.27,6740.85,3.35
972346,New User Discount,07-08-2024,New Users,SMS,7668,510,89,1153.13,9303.02,2.01
942743,Weekend Special,07-08-2024,All,App,2092,629,24,4006.46,2166,3.56
695111,Festival Offer,07-08-2024,Inactive,Email,5291,635,89,3569.21,5271.05,3.81
490223,Flash Sale,07-08-2024,All,App,4722,950,88,3983.59,7305.4,2.95
442998,Membership Drive,07-08-2024,Premium,Social Media,2737,966,69,4578.32,7339.79,2.04
921974,Category Promotion,07-08-2024,All,SMS,7735,690,21,2624.67,3051.7,2.34
727319,App Push Notification,07-08-2024,New Users,Social Media,3448,954,30,3566.2,3713.43,3.18
607753,Email Campaign,07-08-2024,Inactive,SMS,5122,943,95,2021.6,2466.25,1.62
444297,Referral Program,07-08-2024,New Users,SMS,2404,405,45,4884.8,9128.89,3.46
420987,New User Discount,08-08-2024,New Users,Email,8301,204,35,4919.38,8932.29,3.4
77548,Weekend Special,08-08-2024,All,App,2425,467,25,2054.77,5294.5,1.68
473121,Festival Offer,08-08-2024,Premium,Social Media,9020,801,60,1907.55,9281.62,1.56
486618,Flash Sale,08-08-2024,Premium,App,4476,180,94,3607.25,3592.43,3.09
569092,Membership Drive,08-08-2024,All,Social Media,7919,171,55,4968.16,9645.78,3.61
190944,Category Promotion,08-08-2024,Inactive,SMS,7803,155,85,1334.53,4418.33,3.71
101610,App Push Notification,08-08-2024,Inactive,SMS,3940,237,20,4125.25,7838.27,1.68
774901,Email Campaign,08-08-2024,New Users,Social Media,8759,124,77,3080.45,3572.36,2.2
66041,Referral Program,08-08-2024,All,SMS,1399,832,69,1082.23,5046.91,1.52
260074,New User Discount,09-08-2024,All,App,8282,621,84,3813.19,3202.13,3.82
963173,Weekend Special,09-08-2024,All,App,3672,241,31,1484.63,2577.67,1.73
977799,Festival Offer,09-08-2024,Premium,SMS,1594,289,55,4377.58,8269.59,2.4
884280,Flash Sale,09-08-2024,All,Email,8045,829,92,3368.75,5542.24,3.28
816320,Membership Drive,09-08-2024,Inactive,Email,6129,389,27,3852.56,5183.14,3.9
669170,Category Promotion,09-08-2024,Inactive,Email,8144,848,11,2249.31,2250.44,2.3
772988,App Push Notification,09-08-2024,Premium,Social Media,1861,698,39,2007.9,7919.96,2.84
460602,Email Campaign,09-08-2024,All,SMS,6683,736,69,2693.65,8936.06,3.32
3131,Referral Program,09-08-2024,Inactive,Email,8623,201,11,3056.1,6057.81,2.94
203187,New User Discount,10-08-2024,Inactive,App,3978,941,67,4658.08,2872.11,2.19
653448,Weekend Special,10-08-2024,Premium,Social Media,9035,399,58,3491.99,5785.67,2.04
523526,Festival Offer,10-08-2024,Premium,App,5593,813,74,1420.1,8602.45,2.26
388700,Flash Sale,10-08-2024,Inactive,Email,7399,319,53,3045.31,5622.31,3.65
796593,Membership Drive,10-08-2024,New Users,SMS,6359,967,91,1743.04,5445.9,2.44
899116,Category Promotion,10-08-2024,All,App,8372,479,24,2906.11,4989.33,2.68
453389,App Push Notification,10-08-2024,Inactive,Social Media,6273,892,64,3483.92,2110.23,2.62
968824,Email Campaign,10-08-2024,Premium,Email,4086,749,42,2136.35,7400.54,2.66
129388,Referral Program,10-08-2024,All,Social Media,5066,252,97,4515.12,4460.76,3.08
795641,New User Discount,11-08-2024,All,Email,8953,306,21,3183.75,2988.69,2.37
396373,Weekend Special,11-08-2024,New Users,Social Media,4742,102,79,3817.42,9179.8,3.34
180390,Festival Offer,11-08-2024,All,App,7727,508,76,2957.52,4549.55,1.85
514528,Flash Sale,11-08-2024,New Users,App,2460,611,21,4485.09,5364.8,2.59
709720,Membership Drive,11-08-2024,Inactive,Social Media,4972,150,85,4745.79,9073.17,2.45
953779,Category Promotion,11-08-2024,Inactive,Email,1149,577,80,3747.77,9049.95,3.76
711295,App Push Notification,11-08-2024,Premium,Social Media,5954,424,71,4162.18,4796.18,3.25
136965,Email Campaign,11-08-2024,Inactive,App,2916,467,68,2963.32,6983.76,3.18
978129,Referral Program,11-08-2024,Inactive,Email,7715,849,30,1562.14,6412.07,2.59
702423,New User Discount,12-08-2024,Inactive,Social Media,6709,153,100,2831.24,9694.16,1.97
784022,Weekend Special,12-08-2024,Inactive,Email,7626,863,47,4048.88,3729.9,2.12
194212,Festival Offer,12-08-2024,Inactive,Social Media,5986,968,70,2878.81,8007.86,1.9
432274,Flash Sale,12-08-2024,Premium,Social Media,7845,928,29,3726.48,7618.08,3.91
322036,Membership Drive,12-08-2024,All,SMS,6489,337,45,1853.35,7939.58,3.07
407656,Category Promotion,12-08-2024,All,Social Media,4831,230,86,3639.17,4216.04,2.21
992418,App Push Notification,12-08-2024,Inactive,App,2399,747,41,2068.79,8433.09,3.89
749336,Email Campaign,12-08-2024,Premium,Social Media,2256,452,75,1360.78,7033.73,3.72
78129,Referral Program,12-08-2024,New Users,App,6191,486,51,2833.88,2014.46,2.8
740409,New User Discount,13-08-2024,New Users,SMS,5636,723,15,4337.02,6030.66,1.7
601671,Weekend Special,13-08-2024,New Users,App,6912,692,44,2465.16,5176.52,3.72
142246,Festival Offer,13-08-2024,New Users,Social Media,4322,323,26,1001.85,9085.03,3.92
985363,Flash Sale,13-08-2024,New Users,SMS,9681,427,46,1231.93,7599.83,3.36
993235,Membership Drive,13-08-2024,Inactive,Social Media,7419,570,45,1333.99,7418.99,2.88
790173,Category Promotion,13-08-2024,New Users,Social Media,6503,617,12,4344.13,9416.52,2.83
822459,App Push Notification,13-08-2024,New Users,App,4705,934,47,3029.71,6220.46,3.58
441866,Email Campaign,13-08-2024,All,SMS,2088,923,77,4932.54,8966.39,3.8
681546,Referral Program,13-08-2024,New Users,SMS,7803,287,48,1408.86,9274.86,3.39
514027,New User Discount,14-08-2024,New Users,Email,3562,965,10,2188.31,5898.28,3.77
30737,Weekend Special,14-08-2024,Inactive,Email,6818,180,62,3922.65,8681.94,1.54
558207,Festival Offer,14-08-2024,Premium,App,8104,522,92,1024.47,4315.84,3.17
270439,Flash Sale,14-08-2024,Inactive,Social Media,5163,985,90,4990.83,9226.6,1.8
823839,Membership Drive,14-08-2024,Premium,SMS,1287,428,19,1630.81,7926.1,3.57
921253,Category Promotion,14-08-2024,All,Social Media,1556,768,89,2359.71,6934.27,3.76
580558,App Push Notification,14-08-2024,Inactive,Email,6278,150,38,1668.33,6084.29,3.85
131786,Email Campaign,14-08-2024,All,App,6510,979,75,3836.38,6042.58,1.56
212925,Referral Program,14-08-2024,All,App,8953,646,28,3978.77,9632,2.2
880536,New User Discount,15-08-2024,Inactive,App,3083,405,97,1672.44,6980.73,2.21
870316,Weekend Special,15-08-2024,All,App,6731,431,65,4181.21,3822,2.56
821052,Festival Offer,15-08-2024,New Users,Social Media,4762,783,76,4042.22,5864.52,3.13
658634,Flash Sale,15-08-2024,New Users,Social Media,5152,532,54,1398.81,5169.91,2.74
514491,Membership Drive,15-08-2024,Premium,Email,5792,873,95,1508.71,2499.39,3.7
751261,Category Promotion,15-08-2024,Inactive,SMS,2604,504,85,3993.12,9754.05,1.92
130406,App Push Notification,15-08-2024,New Users,App,2357,728,76,2693.79,5133.79,2.54
100662,Email Campaign,15-08-2024,Premium,Email,6964,666,78,2175.87,3727.82,2.2
317552,Referral Program,15-08-2024,Premium,Social Media,6094,947,84,3780.03,4986.89,1.9
497133,New User Discount,16-08-2024,Inactive,App,2300,864,68,3960.94,7090.09,2.52
180434,Weekend Special,16-08-2024,All,Email,8695,565,51,1619.3,7207.55,2.57
941443,Festival Offer,16-08-2024,Premium,App,4664,962,90,4788.16,7782.72,2.61
490074,Flash Sale,16-08-2024,Premium,Email,2510,849,67,2284,6449.76,2.13
395559,Membership Drive,16-08-2024,Inactive,SMS,1633,897,61,4643.51,9680.75,3.89
468357,Category Promotion,16-08-2024,Premium,SMS,3870,540,26,1014.91,3603.29,1.58
169017,App Push Notification,16-08-2024,Premium,Social Media,4044,852,48,4957.13,5282.71,3.64
810545,Email Campaign,16-08-2024,Premium,App,8605,163,71,1401.29,2220.55,3.93
69822,Referral Program,16-08-2024,Premium,Email,4976,380,59,1090.23,8581.79,3.24
252304,New User Discount,17-08-2024,New Users,SMS,7746,731,89,4497.43,8535.3,3.85
594455,Weekend Special,17-08-2024,New Users,SMS,3752,188,36,2833.54,6982.23,1.91
772069,Festival Offer,17-08-2024,Inactive,Email,1785,472,25,4548.31,7995.06,3.45
908122,Flash Sale,17-08-2024,Premium,SMS,8772,850,42,1110.2,6051.24,3.13
414315,Membership Drive,17-08-2024,Premium,Social Media,1484,995,86,3474.26,3391.55,2.85
192038,Category Promotion,17-08-2024,All,SMS,3954,561,21,2906.44,2124.2,3.85
232926,App Push Notification,17-08-2024,Premium,SMS,8650,911,26,1391.03,8788.92,2.01
335810,Email Campaign,17-08-2024,Inactive,Social Media,8492,815,31,3799.69,9221.25,3.76
113620,Referral Program,17-08-2024,Inactive,App,8545,119,61,3006.08,7090.68,3.6
52679,New User Discount,18-08-2024,Inactive,Email,8630,536,76,4773.79,2879.94,3.77
176733,Weekend Special,18-08-2024,Inactive,Email,2270,735,37,3626.83,9659.02,3.16
476080,Festival Offer,18-08-2024,Premium,Email,9612,745,92,2067.79,8478.72,2.33
118821,Flash Sale,18-08-2024,All,SMS,6409,219,26,2019.68,3815.11,3.89
731878,Membership Drive,18-08-2024,Inactive,SMS,7769,532,22,2417.86,2882.53,2.96
978000,Category Promotion,18-08-2024,All,Social Media,2526,517,16,2633.52,7624.27,1.99
3883,App Push Notification,18-08-2024,All,Social Media,3225,571,60,2012.46,3227.28,3.41
500802,Email Campaign,18-08-2024,All,SMS,2333,319,17,4899.52,8858.98,2.86
557237,Referral Program,18-08-2024,New Users,SMS,7890,835,100,3761.84,2919.05,2.5
112950,New User Discount,19-08-2024,Premium,Email,1695,476,40,4890.05,9414.42,3.72
728495,Weekend Special,19-08-2024,New Users,SMS,4649,110,53,3637.97,7024.83,2.43
566356,Festival Offer,19-08-2024,Premium,Social Media,3235,909,65,2047.7,4206.84,2.07
252419,Flash Sale,19-08-2024,Inactive,Social Media,9745,879,39,1245.98,3051.63,2.52
563651,Membership Drive,19-08-2024,Inactive,Social Media,7031,316,10,1850.67,4712.77,3.03
363017,Category Promotion,19-08-2024,Inactive,Email,5109,564,10,1921.9,4834.74,1.98
66048,App Push Notification,19-08-2024,New Users,SMS,2693,566,24,2435.35,9907.63,2.76
197525,Email Campaign,19-08-2024,All,SMS,8042,852,99,3420.16,2019.53,3.4
76048,Referral Program,19-08-2024,All,Email,6442,145,100,3211.44,4547.59,2.33
26843,New User Discount,20-08-2024,Inactive,Email,2314,983,72,3316.6,4068.95,2.09
910163,Weekend Special,20-08-2024,All,SMS,4131,888,48,3114.93,8649.78,2.37
705483,Festival Offer,20-08-2024,Inactive,Social Media,3478,436,46,1245.46,2706.45,3.05
710085,Flash Sale,20-08-2024,Premium,App,5250,778,70,3036.32,7028.45,1.57
195392,Membership Drive,20-08-2024,Inactive,App,2018,621,31,1872.63,7240.22,3.34
10907,Category Promotion,20-08-2024,All,SMS,8100,606,19,1790.86,3124.92,3.68
536852,App Push Notification,20-08-2024,New Users,SMS,6864,496,28,3701.18,7088.25,1.94
342908,Email Campaign,20-08-2024,All,Social Media,9847,686,92,2377.72,6406.71,2.4
456999,Referral Program,20-08-2024,Inactive,Social Media,4991,167,76,2636.96,2751.97,2.73
655591,New User Discount,21-08-2024,Premium,Social Media,3997,175,46,4506.06,9413.23,3.37
214126,Weekend Special,21-08-2024,New Users,Social Media,1911,322,20,3355.16,4343,1.88
849043,Festival Offer,21-08-2024,Premium,SMS,1017,555,75,1097.9,3816.51,3.58
758649,Flash Sale,21-08-2024,Premium,Social Media,6952,600,81,2882.36,3146.54,3.76
643133,Membership Drive,21-08-2024,Inactive,SMS,9138,616,30,4831.86,2630.68,1.63
364794,Category Promotion,21-08-2024,Premium,Email,3456,840,64,2940.5,6315.99,2.94
763730,App Push Notification,21-08-2024,All,App,1254,536,83,1877.51,2421.68,1.97
479615,Email Campaign,21-08-2024,All,Social Media,3825,833,42,2206.95,8674.76,2.92
674595,Referral Program,21-08-2024,All,Email,6929,386,81,2279.44,3972.66,1.53
664533,New User Discount,22-08-2024,Inactive,Social Media,6188,610,73,2648.08,5985.68,2.19
926570,Weekend Special,22-08-2024,Premium,Social Media,5255,988,71,3283.04,3220,1.8
913744,Festival Offer,22-08-2024,All,Social Media,5031,698,92,3439.36,3706.15,3.5
681774,Flash Sale,22-08-2024,New Users,Email,8711,282,96,2239.55,3545.06,2.28
863138,Membership Drive,22-08-2024,New Users,Email,4617,718,38,1529.18,5291.55,3.72
641708,Category Promotion,22-08-2024,Premium,Email,1587,657,50,3963.66,8755.82,2.38
10707,App Push Notification,22-08-2024,New Users,Social Media,3887,279,83,2882.64,3331.15,1.89
167036,Email Campaign,22-08-2024,Inactive,Email,4812,637,95,1151.52,6441.58,3.6
414240,Referral Program,22-08-2024,New Users,App,9760,904,67,1993.79,9612.58,3.38
995734,New User Discount,23-08-2024,Premium,Email,9044,924,55,2419.76,2716.64,2.36
685200,Weekend Special,23-08-2024,New Users,Social Media,6738,567,18,2683.84,2645.4,4
18141,Festival Offer,23-08-2024,Premium,Social Media,7323,298,93,2738,4515.64,3
367221,Flash Sale,23-08-2024,New Users,Social Media,7196,315,53,3064.54,3459.03,1.78
658145,Membership Drive,23-08-2024,New Users,Email,7801,320,62,4400.05,9731.72,2.25
917306,Category Promotion,23-08-2024,New Users,App,6000,247,89,1802.4,3175.08,3.26
609687,App Push Notification,23-08-2024,Inactive,Social Media,3042,220,35,4897.47,6835.03,1.92
552004,Email Campaign,23-08-2024,All,Email,2911,559,95,3573.55,4533.25,2.02
391939,Referral Program,23-08-2024,Premium,Email,6262,694,32,4026.13,7182.83,3.29
571654,New User Discount,24-08-2024,All,SMS,8814,389,79,4948.12,9950.16,1.86
481541,Weekend Special,24-08-2024,New Users,Email,6351,682,51,1795.71,6040.66,3.6
795336,Festival Offer,24-08-2024,All,Email,2624,178,38,2470.27,9543.06,3.71
964221,Flash Sale,24-08-2024,All,App,2780,224,43,2319.67,3148.2,1.98
540439,Membership Drive,24-08-2024,All,App,5242,223,99,1680.27,3440.57,2.65
128968,Category Promotion,24-08-2024,Premium,App,7657,302,38,1678.27,6093.93,2.47
861794,App Push Notification,24-08-2024,Premium,Email,3989,167,46,1339.93,9062.97,2.43
334651,Email Campaign,24-08-2024,New Users,Social Media,9209,463,21,4637.81,4297.99,1.53
544173,Referral Program,24-08-2024,Premium,App,1403,661,93,3792.42,6555.98,3.21
22459,New User Discount,25-08-2024,All,App,7793,427,30,4221.53,6827.3,3.93
261354,Weekend Special,25-08-2024,New Users,Social Media,4303,543,42,3544.24,6050.64,2.83
258273,Festival Offer,25-08-2024,Inactive,Email,6169,549,37,3100.54,2341.72,3.56
32575,Flash Sale,25-08-2024,Inactive,Social Media,2083,323,26,3018.5,5970.93,3.32
176026,Membership Drive,25-08-2024,Premium,Email,3563,833,82,2371.45,9832.7,2.44
192426,Category Promotion,25-08-2024,Inactive,App,1189,735,46,2554.76,2730.5,3.18
868612,App Push Notification,25-08-2024,New Users,Email,9760,825,80,1543.32,9270.58,2.5
91435,Email Campaign,25-08-2024,Premium,Email,8094,411,13,1047.19,6583.72,2.43
243,Referral Program,25-08-2024,Premium,Email,2480,639,53,3641.18,5970.43,3.99
915778,New User Discount,26-08-2024,All,App,5146,654,23,2536.68,6382.49,3.81
233466,Weekend Special,26-08-2024,New Users,App,4273,385,60,3909.24,8375.42,1.64
930068,Festival Offer,26-08-2024,All,App,4551,784,97,2272.7,8028.78,2.13
694681,Flash Sale,26-08-2024,All,Social Media,3665,203,78,1299.03,3399.25,3.97
157009,Membership Drive,26-08-2024,Premium,SMS,2895,674,92,4700.08,3078.73,2.33
196230,Category Promotion,26-08-2024,Inactive,Social Media,1081,341,64,2083.5,8567.09,2.59
654429,App Push Notification,26-08-2024,Premium,Social Media,9492,448,85,2228.51,2847.47,2.32
132669,Email Campaign,26-08-2024,Premium,SMS,1673,1000,60,2285.82,2338.4,3.72
145503,Referral Program,26-08-2024,Premium,Email,4754,206,55,2813.13,7425.56,3.36
530544,New User Discount,27-08-2024,All,Social Media,3093,617,72,3554.17,4852.48,2.24
523856,Weekend Special,27-08-2024,New Users,SMS,4391,161,85,1227.47,4816.83,1.96
143504,Festival Offer,27-08-2024,New Users,SMS,1800,452,49,4981.39,3726.88,3.92
429784,Flash Sale,27-08-2024,Inactive,App,5652,853,84,4147.33,8378.42,3.86
113886,Membership Drive,27-08-2024,Inactive,Social Media,7705,260,66,2509.56,9138.94,2.93
742481,Category Promotion,27-08-2024,Premium,App,1273,428,29,2093.15,4304.91,2.76
519542,App Push Notification,27-08-2024,Inactive,SMS,3973,156,42,2188.12,2486.77,2.1
399975,Email Campaign,27-08-2024,New Users,Email,3972,780,27,4831.74,3627.61,1.85
793282,Referral Program,27-08-2024,New Users,Social Media,5858,798,37,2687.45,2933.79,3.12
106560,New User Discount,28-08-2024,Premium,Social Media,6236,987,51,1731.08,6403.47,3.15
597318,Weekend Special,28-08-2024,Inactive,SMS,3845,681,63,3576.19,7355.25,1.84
154974,Festival Offer,28-08-2024,Premium,Email,6260,301,55,4906.43,6597.35,2.74
235562,Flash Sale,28-08-2024,All,Email,9389,631,93,3591.5,8002.71,2.41
746461,Membership Drive,28-08-2024,All,Email,9294,679,28,4134.06,6930.78,2.51
799372,Category Promotion,28-08-2024,Inactive,Social Media,5214,305,65,3484.05,4879.82,2.62
947076,App Push Notification,28-08-2024,Inactive,SMS,6307,711,29,1798.32,5753.52,3.96
999377,Email Campaign,28-08-2024,All,App,2864,622,55,4677.7,9655.34,2.98
131812,Referral Program,28-08-2024,All,SMS,6496,848,33,2903.65,7677.6,3.63
349974,New User Discount,29-08-2024,Inactive,App,5479,267,45,2111.78,2571.64,3.61
840932,Weekend Special,29-08-2024,Inactive,Social Media,3101,981,29,2507.26,4441.74,2.04
270200,Festival Offer,29-08-2024,All,App,3533,612,80,1250.71,3949.22,3.8
541518,Flash Sale,29-08-2024,Premium,Social Media,8702,482,16,2710.84,7386.55,1.91
665101,Membership Drive,29-08-2024,All,Email,3334,778,61,3179.73,6061.9,2.34
531087,Category Promotion,29-08-2024,All,App,2945,321,74,2394.67,9955.62,3.24
908997,App Push Notification,29-08-2024,Premium,Email,9581,853,40,2550.54,3123.29,2.28
598433,Email Campaign,29-08-2024,Inactive,App,9065,223,11,3967.19,9624.43,3.36
261172,Referral Program,29-08-2024,Premium,Email,8368,730,70,2215.08,6530.38,3.33
458235,New User Discount,30-08-2024,New Users,App,4669,246,11,4396.4,7134.6,1.97
632559,Weekend Special,30-08-2024,New Users,Email,7983,185,12,3247.33,6025.89,3.07
764433,Festival Offer,30-08-2024,Inactive,SMS,8965,137,73,2144.45,7048.71,3.21
515231,Flash Sale,30-08-2024,Inactive,Social Media,6432,650,24,3232.09,2763.84,3.29
938560,Membership Drive,30-08-2024,All,Social Media,5700,262,61,4132.36,2712.71,3.89
134796,Category Promotion,30-08-2024,All,App,2565,110,26,4959.67,7866.39,3.98
165252,App Push Notification,30-08-2024,Premium,Social Media,5720,208,21,2380.07,2983.92,2.37
926899,Email Campaign,30-08-2024,Premium,Social Media,9463,814,40,1709.36,6276.05,3.05
89611,Referral Program,30-08-2024,New Users,Social Media,3326,180,60,1621.38,2629.63,3.32
604783,New User Discount,31-08-2024,All,SMS,6198,250,98,3305.56,4885,2.64
966480,Weekend Special,31-08-2024,New Users,Social Media,8359,439,65,1039.08,5569.58,1.81
668481,Festival Offer,31-08-2024,All,Email,9146,264,90,1124.49,4826.22,3.5
27202,Flash Sale,31-08-2024,Premium,Email,6510,679,47,4842.73,9894.47,3.36
964374,Membership Drive,31-08-2024,Premium,Email,9482,767,79,4083.54,6471.88,2.63
106315,Category Promotion,31-08-2024,All,App,2915,535,40,3758,8693.91,3.12
490387,App Push Notification,31-08-2024,Inactive,SMS,5523,692,70,1092.09,4661.36,2
398867,Email Campaign,31-08-2024,New Users,App,9583,168,96,4198.7,5564.01,1.54
219517,Referral Program,31-08-2024,Inactive,SMS,2284,179,58,3494.49,9301.19,2.02
736829,New User Discount,01-09-2024,New Users,Social Media,1422,302,88,4238.34,3731.53,3.05
398685,Weekend Special,01-09-2024,All,Email,2164,190,93,2353.05,6828.39,2.12
41538,Festival Offer,01-09-2024,All,Social Media,8700,975,48,2673.2,4536.76,2.66
212280,Flash Sale,01-09-2024,All,App,8909,592,96,3493.19,5324.42,2.29
303662,Membership Drive,01-09-2024,New Users,App,4875,593,55,2046.73,7664.79,1.83
562441,Category Promotion,01-09-2024,Premium,SMS,7368,292,31,4101.73,6904.06,2.18
388717,App Push Notification,01-09-2024,Inactive,App,6810,938,95,1844.63,6778.49,2.81
418170,Email Campaign,01-09-2024,Inactive,App,5648,389,88,2432.33,2998.61,3.6
965389,Referral Program,01-09-2024,New Users,Email,7053,154,98,4843.93,8791.64,3.24
699708,New User Discount,02-09-2024,New Users,App,8913,556,15,3563.71,8368.29,2.92
564414,Weekend Special,02-09-2024,All,Email,3442,378,65,4869.53,9711.64,2.91
275834,Festival Offer,02-09-2024,Premium,Social Media,6944,629,48,4600.23,2410.01,1.88
560270,Flash Sale,02-09-2024,All,Email,9286,706,39,4678.69,3740.59,1.92
698854,Membership Drive,02-09-2024,All,Social Media,4393,950,62,3692.83,8680.99,2.6
304933,Category Promotion,02-09-2024,All,Email,4702,294,82,2940.73,8030.8,1.8
707038,App Push Notification,02-09-2024,All,SMS,7209,151,89,4212.55,4179.55,3.55
520794,Email Campaign,02-09-2024,All,App,4094,885,12,4519.23,7795.42,2.69
729973,Referral Program,02-09-2024,Inactive,Email,8164,873,96,1969.59,8899.66,2.63
106263,New User Discount,03-09-2024,Inactive,SMS,1800,121,43,3868.25,3490.15,3.86
91797,Weekend Special,03-09-2024,Inactive,Email,8856,303,73,2097.23,6508.66,2.55
134467,Festival Offer,03-09-2024,Inactive,App,3167,343,97,3052.4,2219.36,2.81
300089,Flash Sale,03-09-2024,New Users,Email,4667,911,64,4767.46,9527.34,3.26
909742,Membership Drive,03-09-2024,Premium,Email,9368,543,45,3166.02,9341.21,1.94
34197,Category Promotion,03-09-2024,Inactive,Email,1801,237,39,1838.08,5871.67,1.95
942149,App Push Notification,03-09-2024,All,SMS,5199,470,79,2522.37,6793.74,3.59
235150,Email Campaign,03-09-2024,All,Social Media,8272,889,17,3752.3,5944.56,2.84
265613,Referral Program,03-09-2024,All,Social Media,6446,821,67,2623.22,7004.42,3.49
772273,New User Discount,04-09-2024,New Users,App,6459,284,64,3403.46,8555.12,1.61
474751,Weekend Special,04-09-2024,All,Email,4519,565,78,4355.17,6566.9,2.8
612901,Festival Offer,04-09-2024,New Users,Social Media,7553,668,95,2622.89,5302.23,3.24
559313,Flash Sale,04-09-2024,All,Social Media,1753,731,87,3222.65,3488.35,3.52
750185,Membership Drive,04-09-2024,New Users,Social Media,7693,850,26,4094.6,4941.12,2.7
84625,Category Promotion,04-09-2024,Premium,SMS,7618,145,62,1987.68,7711.53,3.42
160588,App Push Notification,04-09-2024,New Users,Social Media,7457,344,21,3735.31,2098.23,3.54
375918,Email Campaign,04-09-2024,New Users,App,4655,144,10,3350.61,2679.66,3.75
393597,Referral Program,04-09-2024,Premium,Social Media,5909,924,36,4380.53,4416.73,2.76
141626,New User Discount,05-09-2024,Premium,Social Media,3107,100,79,1300.18,6920.98,3.58
84838,Weekend Special,05-09-2024,Premium,Social Media,4043,608,32,2677.1,5040.88,3.55
595586,Festival Offer,05-09-2024,Inactive,SMS,5935,215,73,4424.8,5887.69,2.47
257069,Flash Sale,05-09-2024,Premium,Email,3317,504,69,2821.14,5593.48,3.88
613576,Membership Drive,05-09-2024,All,App,1228,811,97,3107.35,5219.54,1.7
92767,Category Promotion,05-09-2024,All,Social Media,6007,655,24,2240.78,3075.23,3.9
278662,App Push Notification,05-09-2024,All,SMS,7524,627,35,1359.09,6124.31,3.17
42409,Email Campaign,05-09-2024,Inactive,Email,7417,555,18,1233.05,5467.16,2.01
376246,Referral Program,05-09-2024,Premium,App,1394,445,65,1608.06,4481.89,2.66
706963,New User Discount,06-09-2024,All,App,5308,706,56,2954.25,8117.02,3.34
652341,Weekend Special,06-09-2024,Premium,Social Media,4228,203,50,3566.79,8360.63,1.53
537646,Festival Offer,06-09-2024,All,App,7582,133,65,4429.24,9654.93,3.85
900256,Flash Sale,06-09-2024,Premium,SMS,6071,246,23,1217.42,7351.02,3.78
765222,Membership Drive,06-09-2024,All,App,2109,627,92,1056.46,8834.55,1.88
69566,Category Promotion,06-09-2024,Premium,Email,3019,413,59,3136.9,2078.48,2.34
809453,App Push Notification,06-09-2024,New Users,App,7909,301,54,2366.84,6042.05,2.5
551324,Email Campaign,06-09-2024,All,Social Media,5661,302,21,3992.05,2040.23,1.78
607932,Referral Program,06-09-2024,New Users,Social Media,5821,734,30,2942.04,9083.54,3.51
848267,New User Discount,07-09-2024,Inactive,Email,9978,666,88,2561.04,7416.03,2.71
26262,Weekend Special,07-09-2024,New Users,Email,7764,321,79,3709.35,2761.61,2.01
291840,Festival Offer,07-09-2024,Premium,Email,1403,655,35,3885.11,5937.11,3.45
843774,Flash Sale,07-09-2024,New Users,App,8884,327,44,4028.68,8290.14,2.51
107979,Membership Drive,07-09-2024,All,Email,8648,761,83,2725.14,6312.76,3.54
36547,Category Promotion,07-09-2024,Inactive,App,2034,897,28,3570.22,2436.29,3.36
616667,App Push Notification,07-09-2024,New Users,Email,7132,368,100,4210.77,4948.8,2.32
954564,Email Campaign,07-09-2024,Premium,Email,8529,188,30,3281.36,2933.9,1.84
226055,Referral Program,07-09-2024,Premium,SMS,4411,738,46,3518.03,7883.29,2.24
25450,New User Discount,08-09-2024,Premium,SMS,6787,370,16,2589.07,9052.38,2.48
652216,Weekend Special,08-09-2024,All,Email,8135,263,55,4992.36,7952.51,1.51
819470,Festival Offer,08-09-2024,Premium,Social Media,2547,856,51,1559.86,8784.16,2.25
804628,Flash Sale,08-09-2024,Inactive,SMS,2852,286,36,4869.73,5326.89,3.52
525112,Membership Drive,08-09-2024,All,App,7136,603,93,1337.14,8534.88,3.88
71446,Category Promotion,08-09-2024,Premium,App,7445,611,36,3476.88,2079.66,2.06
313134,App Push Notification,08-09-2024,All,SMS,4536,282,87,1998.68,5444.3,1.71
662582,Email Campaign,08-09-2024,Inactive,SMS,3673,480,72,3885.23,3226.5,1.78
8292,Referral Program,08-09-2024,All,SMS,6368,322,49,2067,4930.9,2.78
35634,New User Discount,09-09-2024,New Users,App,7447,473,42,4306.67,4989.95,3.58
523181,Weekend Special,09-09-2024,Premium,SMS,8883,279,15,2100.99,6727.19,3.85
113406,Festival Offer,09-09-2024,All,Email,7081,122,60,4735.99,5654.34,2.04
810456,Flash Sale,09-09-2024,All,SMS,6473,749,65,2685.99,5597.28,2.83
309090,Membership Drive,09-09-2024,All,Email,3148,389,11,1348.31,4970.71,1.82
977629,Category Promotion,09-09-2024,Premium,Social Media,9516,197,76,3822.96,6746.74,3.04
859199,App Push Notification,09-09-2024,Inactive,Social Media,3429,887,65,3390.47,3673.82,1.77
212822,Email Campaign,09-09-2024,New Users,App,3669,725,21,4864.35,4546.27,3.7
512433,Referral Program,09-09-2024,All,Social Media,1825,212,69,3070.4,3746.48,1.5
904811,New User Discount,10-09-2024,Premium,Social Media,3402,517,15,4301.06,5115.25,2.63
31771,Weekend Special,10-09-2024,New Users,SMS,9549,854,81,2562.95,4020.32,2.01
608338,Festival Offer,10-09-2024,Inactive,Social Media,8906,761,15,4494.13,7443.03,3.96
428511,Flash Sale,10-09-2024,Inactive,Social Media,9911,232,88,4084.51,4219.51,2.57
143053,Membership Drive,10-09-2024,New Users,SMS,5021,362,19,1323.48,9333.82,3.4
950893,Category Promotion,10-09-2024,Inactive,Social Media,8182,881,55,1806.74,7654.21,1.86
736511,App Push Notification,10-09-2024,New Users,App,8616,111,33,1237.11,4075.84,3.52
588295,Email Campaign,10-09-2024,New Users,Social Media,4076,273,76,4004.88,9802.82,3.49
9624,Referral Program,10-09-2024,New Users,App,4172,144,57,1139.8,9098.98,2.5
803870,New User Discount,11-09-2024,All,Email,5141,160,15,4286.56,7103.62,3.37
505467,Weekend Special,11-09-2024,Inactive,App,4480,506,38,3670.66,5352.24,2.05
20834,Festival Offer,11-09-2024,All,App,4599,595,77,3419.35,5493.47,3.3
443226,Flash Sale,11-09-2024,Inactive,SMS,5025,770,86,4178.33,5877.36,1.8
175411,Membership Drive,11-09-2024,Inactive,SMS,1032,709,23,2471.49,5235.05,2.49
678790,Category Promotion,11-09-2024,Inactive,SMS,4840,528,77,1833.61,8867.29,2.65
101853,App Push Notification,11-09-2024,All,App,9616,787,85,4932.48,7009.97,3.83
910314,Email Campaign,11-09-2024,All,Social Media,2475,817,37,3298.03,3580.59,2.66
601503,Referral Program,11-09-2024,Premium,App,6592,235,22,1113.34,4703.74,1.54
280359,New User Discount,12-09-2024,All,Social Media,4909,557,44,4694.99,5262.26,2.66
306683,Weekend Special,12-09-2024,Inactive,SMS,6087,695,93,1398.83,4143.99,2.7
436990,Festival Offer,12-09-2024,New Users,App,9162,484,65,4483.26,5777.11,1.93
394785,Flash Sale,12-09-2024,All,App,8906,920,73,4847.74,2188.06,2.42
329029,Membership Drive,12-09-2024,New Users,Social Media,9296,410,97,4975.13,5145.89,3.32
450016,Category Promotion,12-09-2024,New Users,SMS,4649,616,40,1285.75,2689.6,1.76
142430,App Push Notification,12-09-2024,New Users,App,4671,904,71,2436.42,5253.8,2.69
987130,Email Campaign,12-09-2024,Premium,SMS,4020,759,16,3362.31,5961.25,3.14
728157,Referral Program,12-09-2024,All,Email,7376,381,93,2530.85,2270.95,2.41
335092,New User Discount,13-09-2024,Inactive,SMS,8492,339,53,2485.5,6002.71,2.04
928938,Weekend Special,13-09-2024,All,Email,4954,195,86,2291.92,5622.94,3.61
809730,Festival Offer,13-09-2024,Premium,App,3597,238,39,2493.48,2234.52,3.88
430687,Flash Sale,13-09-2024,Premium,Email,2954,495,33,2847.36,5177.1,2.61
812811,Membership Drive,13-09-2024,Inactive,Social Media,8446,209,70,3036.29,8859.44,3.86
531923,Category Promotion,13-09-2024,All,Social Media,3858,876,69,3110.86,6860.01,3.24
854027,App Push Notification,13-09-2024,Premium,SMS,7095,967,13,2503.85,6353.24,1.97
571690,Email Campaign,13-09-2024,All,App,9965,864,39,1068.06,5163.44,2.08
737031,Referral Program,13-09-2024,Premium,Email,2101,511,78,1680.65,8173.7,2.87
187270,New User Discount,14-09-2024,New Users,App,3515,632,34,3819.45,9715.99,2.24
308542,Weekend Special,14-09-2024,New Users,Email,7732,760,68,2173.02,5551.08,3.67
885829,Festival Offer,14-09-2024,New Users,SMS,9327,344,26,1184.78,6519.08,1.62
268619,Flash Sale,14-09-2024,Premium,Email,3996,821,22,4662.11,3163.63,3.04
602385,Membership Drive,14-09-2024,Inactive,SMS,5959,727,14,1930.88,5315.57,3
197468,Category Promotion,14-09-2024,New Users,SMS,7815,614,38,1452.62,8500.81,2.19
399124,App Push Notification,14-09-2024,Inactive,App,2364,893,30,4344.97,6357.39,2.14
252668,Email Campaign,14-09-2024,Premium,App,1955,589,72,4987.68,2722.52,3
596992,Referral Program,14-09-2024,New Users,App,2446,698,56,2058.06,2017.82,3.47
579732,New User Discount,15-09-2024,New Users,Social Media,9309,932,21,3901.76,3441.23,3
770315,Weekend Special,15-09-2024,All,SMS,7745,569,80,2566.25,5070.32,1.62
338848,Festival Offer,15-09-2024,Premium,SMS,5986,585,81,2308.55,2644.99,2.18
304320,Flash Sale,15-09-2024,All,SMS,6016,507,95,1291.54,8483.77,3.19
327481,Membership Drive,15-09-2024,Premium,Social Media,7171,328,89,3620.22,6344.97,3.41
954270,Category Promotion,15-09-2024,Premium,Email,6581,142,95,4185.84,7955.12,2.12
388343,App Push Notification,15-09-2024,All,Email,7205,762,63,1052.25,7690.23,3.44
957709,Email Campaign,15-09-2024,Inactive,Social Media,4954,344,21,2423.63,7850.83,2.58
456168,Referral Program,15-09-2024,New Users,SMS,7195,293,73,1933.06,8067.77,3.65
953820,New User Discount,16-09-2024,Inactive,Social Media,2554,757,68,3398.43,7685.6,2.05
194328,Weekend Special,16-09-2024,Premium,SMS,3032,528,44,4537.04,6317.38,2.53
526932,Festival Offer,16-09-2024,New Users,App,2966,466,74,4368.28,2078.06,1.58
239332,Flash Sale,16-09-2024,New Users,Email,3104,439,82,3771.94,4110.53,3.89
536128,Membership Drive,16-09-2024,Premium,Social Media,4651,872,72,4511.18,9387.89,2.79
148488,Category Promotion,16-09-2024,Inactive,SMS,8567,124,65,4114.66,7749.69,3.51
758009,App Push Notification,16-09-2024,Inactive,SMS,2287,229,55,4649.78,2292.71,2.25
601602,Email Campaign,16-09-2024,New Users,App,5040,282,80,4494.56,5536.93,3.54
359877,Referral Program,16-09-2024,New Users,Email,3890,241,46,1096.3,6333.43,1.89
659493,New User Discount,17-09-2024,All,Social Media,5499,366,88,3002.92,2363.1,3.94
62233,Weekend Special,17-09-2024,Premium,App,3415,872,19,4807.34,5882,2.62
855765,Festival Offer,17-09-2024,New Users,SMS,2993,898,35,1668.78,2363.95,1.71
995251,Flash Sale,17-09-2024,All,SMS,6986,873,91,3764.01,7547.08,3.69
918820,Membership Drive,17-09-2024,Inactive,SMS,6311,620,14,4722.04,8203.36,1.85
353164,Category Promotion,17-09-2024,All,App,6998,283,46,3344.54,7301.58,3.92
548074,App Push Notification,17-09-2024,Premium,Social Media,1896,372,81,3476.78,6836.88,2.59
230770,Email Campaign,17-09-2024,New Users,Social Media,9836,928,16,4083.69,9825.67,2.45
887948,Referral Program,17-09-2024,All,Social Media,6893,638,51,3961.37,8436.86,2.47
767492,New User Discount,18-09-2024,New Users,Social Media,9268,289,50,4147.19,6358.18,3.69
817411,Weekend Special,18-09-2024,Inactive,Email,1925,933,20,3785.26,2208.27,3.5
259682,Festival Offer,18-09-2024,New Users,Email,7353,660,26,1974.98,9558.45,3.46
225975,Flash Sale,18-09-2024,All,Social Media,6711,836,55,3546.51,5891.45,2.07
498935,Membership Drive,18-09-2024,Premium,Email,2454,525,34,2979.57,6755.31,2.58
802312,Category Promotion,18-09-2024,New Users,App,7869,531,58,4562.91,2735.78,1.64
535244,App Push Notification,18-09-2024,Premium,SMS,2229,225,56,1037.53,9489.14,2.52
813034,Email Campaign,18-09-2024,All,SMS,5410,186,24,2346.65,6244.48,2.59
655512,Referral Program,18-09-2024,All,App,3646,402,82,1417.46,6289.99,1.62
120592,New User Discount,19-09-2024,New Users,Email,4768,353,45,4900.81,4433.55,1.99
632927,Weekend Special,19-09-2024,Inactive,Social Media,6332,575,51,2003.25,3491.13,1.56
603188,Festival Offer,19-09-2024,Premium,Social Media,5992,780,86,2239.56,2452.02,2.71
264150,Flash Sale,19-09-2024,New Users,App,9980,704,10,3854.33,2221.55,3.67
210893,Membership Drive,19-09-2024,New Users,App,2380,701,43,3572,7319.34,2.18
23447,Category Promotion,19-09-2024,All,App,4528,552,53,1484.54,3380.76,3.42
889374,App Push Notification,19-09-2024,Inactive,Email,3543,877,48,3446.31,8160.26,2.55
905735,Email Campaign,19-09-2024,New Users,Social Media,3188,220,41,4526.22,5735.13,3.5
479724,Referral Program,19-09-2024,Premium,App,9627,720,31,3389.34,3333.86,3.57
651995,New User Discount,20-09-2024,All,Email,3762,378,97,1804.49,8799.76,3.01
325711,Weekend Special,20-09-2024,Premium,App,1075,304,21,3712.83,8724.96,2.37
916549,Festival Offer,20-09-2024,Inactive,Email,4880,989,73,1049.48,6270.24,2.78
801679,Flash Sale,20-09-2024,All,Social Media,2673,338,100,4653.31,6862.3,1.89
592091,Membership Drive,20-09-2024,Premium,SMS,3717,466,66,2581.56,5992.71,3.76
713584,Category Promotion,20-09-2024,All,App,2525,366,56,4471.69,3178.72,2.18
662773,App Push Notification,20-09-2024,Inactive,SMS,2232,775,37,1165.33,9178.63,1.9
166346,Email Campaign,20-09-2024,Premium,App,8471,945,28,3566.89,4468.31,2.27
973220,Referral Program,20-09-2024,Premium,App,4249,238,83,2137.97,7672.91,2.32
68709,New User Discount,21-09-2024,New Users,SMS,2557,317,49,2291.66,2573.36,3.51
368548,Weekend Special,21-09-2024,Premium,Social Media,2556,694,73,1560.45,8116.53,2.64
227727,Festival Offer,21-09-2024,Premium,SMS,3124,712,83,4212.47,6433.1,3.19
184072,Flash Sale,21-09-2024,New Users,App,2439,448,21,1263.49,9843.34,3.88
199205,Membership Drive,21-09-2024,New Users,Email,6475,665,13,2740.75,5311,2.54
70659,Category Promotion,21-09-2024,New Users,Social Media,1260,157,27,4991,7728.46,2.27
407558,App Push Notification,21-09-2024,Premium,Social Media,2503,464,44,2992.57,4813.36,2.59
2552,Email Campaign,21-09-2024,All,Social Media,5937,600,98,3542.77,5648.69,1.62
119508,Referral Program,21-09-2024,All,App,8121,715,71,1336.94,8793.59,3.32
851433,New User Discount,22-09-2024,All,SMS,8425,797,49,3613.06,6005.53,3.86
313691,Weekend Special,22-09-2024,All,Email,4040,966,57,2744.24,3434.18,2.51
857924,Festival Offer,22-09-2024,Premium,Social Media,8964,423,44,3280.91,5890.37,2.39
539488,Flash Sale,22-09-2024,New Users,App,5322,715,21,1382.87,5066.64,3.92
33081,Membership Drive,22-09-2024,All,SMS,2897,706,56,3796.89,4450.19,2.42
408472,Category Promotion,22-09-2024,Inactive,Social Media,2701,433,74,1069.15,8105.76,2.48
891650,App Push Notification,22-09-2024,Premium,Email,6100,472,88,1659.16,4606.2,3.09
537473,Email Campaign,22-09-2024,Inactive,Social Media,7438,436,23,1325.64,3710.11,3.79
361334,Referral Program,22-09-2024,New Users,Social Media,7990,308,61,1533.45,8247.88,1.73
130943,New User Discount,23-09-2024,Inactive,Email,1870,889,13,3625.54,7280.12,1.84
705032,Weekend Special,23-09-2024,All,SMS,6279,465,28,3383.74,4971.84,2.77
565978,Festival Offer,23-09-2024,New Users,App,1917,708,61,1361.17,4133.5,2.2
363689,Flash Sale,23-09-2024,Premium,SMS,7180,215,24,3655.57,9184.06,3
679443,Membership Drive,23-09-2024,Premium,App,8002,642,20,3438.57,4762.77,3.97
670881,Category Promotion,23-09-2024,Premium,SMS,3121,753,11,2406.7,9618.34,2.13
959518,App Push Notification,23-09-2024,All,Social Media,4203,892,13,4541.76,8000.34,2.48
499486,Email Campaign,23-09-2024,Inactive,SMS,4908,153,36,4547.06,4568.42,3.11
752813,Referral Program,23-09-2024,All,SMS,3882,103,83,1151.86,6691.75,1.67
305241,New User Discount,24-09-2024,New Users,Social Media,9598,803,67,2805.32,8678.82,1.97
530806,Weekend Special,24-09-2024,Premium,Email,3678,341,72,2373.92,5821.2,3.72
807153,Festival Offer,24-09-2024,Inactive,Email,8192,292,17,2976.54,5559.23,3.68
722916,Flash Sale,24-09-2024,New Users,App,2597,634,25,4343.88,2298.7,2.34
846608,Membership Drive,24-09-2024,New Users,Email,8485,181,67,3783.79,7419.36,2.96
460293,Category Promotion,24-09-2024,All,Email,4442,846,61,2295.69,5534.23,3.38
287769,App Push Notification,24-09-2024,Premium,Email,8770,206,17,2375.52,9175.23,1.81
802705,Email Campaign,24-09-2024,Inactive,SMS,2672,115,26,2033.75,8010.63,2.7
789716,Referral Program,24-09-2024,New Users,Email,3941,553,63,4020.69,6541.6,1.52
278074,New User Discount,25-09-2024,Inactive,Social Media,9737,732,59,2565.95,8286.33,2.04
127182,Weekend Special,25-09-2024,New Users,SMS,1452,863,44,4240.4,5750.97,1.81
721622,Festival Offer,25-09-2024,All,Email,4844,230,26,3690.93,5523.68,1.55
100487,Flash Sale,25-09-2024,New Users,SMS,8209,151,70,3104.65,4187.59,2.9
145584,Membership Drive,25-09-2024,Inactive,App,5725,903,80,1133.26,7075.73,3.39
860225,Category Promotion,25-09-2024,Premium,App,4389,309,81,4860.67,3960.92,3.76
616821,App Push Notification,25-09-2024,Premium,App,1537,483,85,2416.66,2232.96,3.74
713465,Email Campaign,25-09-2024,Inactive,Email,9053,989,42,2619.72,6716.68,2.09
615676,Referral Program,25-09-2024,All,Email,5649,924,100,4874.66,7073.93,2.79
896324,New User Discount,26-09-2024,Premium,SMS,6359,576,35,1066.47,6415.95,3.94
557067,Weekend Special,26-09-2024,Premium,Social Media,8414,180,100,1825.36,5457.83,1.8
747205,Festival Offer,26-09-2024,All,App,2853,582,32,4012.49,6437.95,1.75
184157,Flash Sale,26-09-2024,All,SMS,5611,444,77,1389.35,7382.89,3.89
653847,Membership Drive,26-09-2024,All,Email,3422,345,92,3307.59,5044.14,2.57
689098,Category Promotion,26-09-2024,All,SMS,2079,897,37,1983.91,7661.04,2.21
389968,App Push Notification,26-09-2024,Premium,SMS,1592,987,57,4579.65,8806.03,1.9
67480,Email Campaign,26-09-2024,New Users,App,8019,604,76,2216.38,4921.83,3.77
588555,Referral Program,26-09-2024,Inactive,App,1452,679,94,4925.58,4476.21,2.24
336089,New User Discount,27-09-2024,Inactive,Social Media,2220,292,39,3807.42,6822.05,2.45
522446,Weekend Special,27-09-2024,Premium,Email,7869,174,69,2433.89,4314.68,2.55
949547,Festival Offer,27-09-2024,Premium,Social Media,8779,315,100,3919.23,7389.26,2.16
771122,Flash Sale,27-09-2024,Inactive,App,5602,685,48,2503.68,9057.48,2.94
575873,Membership Drive,27-09-2024,All,Email,8842,230,14,2229.83,4809.04,2.39
390180,Category Promotion,27-09-2024,New Users,App,2419,823,77,4988.39,4884.14,1.57
518789,App Push Notification,27-09-2024,All,SMS,8299,510,34,4629.47,2617.42,3.87
200862,Email Campaign,27-09-2024,Inactive,Email,8770,501,78,4515.94,7063.93,3.63
222562,Referral Program,27-09-2024,New Users,SMS,7188,240,77,2851.2,3571.86,2.89
866163,New User Discount,28-09-2024,New Users,Email,7632,497,44,1025.98,9484.1,1.93
289833,Weekend Special,28-09-2024,Premium,Email,9251,645,29,4163.77,2735.37,2.61
749333,Festival Offer,28-09-2024,Inactive,App,4121,296,47,4028.86,4825.08,3.5
791619,Flash Sale,28-09-2024,All,SMS,5248,634,99,2125.76,9647.1,3.11
290649,Membership Drive,28-09-2024,Premium,Email,5127,864,93,2805.9,3852.16,1.76
729407,Category Promotion,28-09-2024,Inactive,SMS,4155,940,42,2488.64,8059.82,3.57
640855,App Push Notification,28-09-2024,New Users,Social Media,1108,936,93,4983.04,3228.67,2.71
879023,Email Campaign,28-09-2024,Premium,Social Media,2275,926,25,3792.48,5671.63,3.74
118971,Referral Program,28-09-2024,All,App,6092,533,95,2085.63,4473.29,1.73
430241,New User Discount,29-09-2024,All,SMS,8057,919,64,4241.62,9942.14,1.94
750631,Weekend Special,29-09-2024,New Users,App,9566,424,50,4495.05,2810.25,3.33
762682,Festival Offer,29-09-2024,All,App,3662,667,99,1126.11,4579.55,2.73
752622,Flash Sale,29-09-2024,Premium,App,7040,775,31,2463.87,2070.71,2.22
274506,Membership Drive,29-09-2024,New Users,Social Media,3515,912,32,3594.68,7744.51,1.59
525095,Category Promotion,29-09-2024,Premium,Social Media,5607,860,93,4829.25,6140.48,3.04
182644,App Push Notification,29-09-2024,Inactive,Email,1185,780,48,3687.23,9066.61,3.54
545911,Email Campaign,29-09-2024,Premium,Social Media,1981,534,95,4097.54,5047.88,3.58
828636,Referral Program,29-09-2024,Inactive,Email,7640,970,94,3022.77,8815.63,1.68
668849,New User Discount,30-09-2024,New Users,Email,8850,126,17,3664.15,5397.3,1.82
135541,Weekend Special,30-09-2024,Premium,App,8975,766,23,2462.09,3637.45,2.41
735206,Festival Offer,30-09-2024,New Users,App,1798,191,91,4376.28,8283.13,3.26
625277,Flash Sale,30-09-2024,Inactive,SMS,2307,890,95,4844.96,2211.54,2.54
172893,Membership Drive,30-09-2024,Inactive,Social Media,7094,972,64,3221.91,4439.82,3.88
968429,Category Promotion,30-09-2024,Inactive,Social Media,6993,807,80,2023.52,5974.74,2.8
436788,App Push Notification,30-09-2024,All,Social Media,2759,383,91,3820.99,5565.8,2.38
97177,Email Campaign,30-09-2024,New Users,App,8317,797,72,2075.05,5413.21,3.49
912532,Referral Program,30-09-2024,New Users,SMS,3033,987,66,1050.47,8408.81,2.45
,,,,,,,,,,
,,,,,,,,,,
,,,,,,,,,,
,,,,,,,,,,
,,,,,,,,,,
,,,,,,,,,,
,,,,,,,,,,
,,,,,,,,,,
,,,,,,,,,,
,,,,,,,,,,
,,,,,,,,,,
,,,,,,,,,,
,,,,,,,,,,
,,,,,,,,,,
,,,,,,,,,,
,,,,,,,,,,
,,,,,,,,,,
,,,,,,,,,,
,,,,,,,,,,
,,,,,,,,,,
,,,,,,,,,,
,,,,,,,,,,
,,,,,,,,,,
,,,,,,,,,,
,,,,,,,,,,
,,,,,,,,,,
,,,,,,,,,,
,,,,,,,,,,
,,,,,,,,,,
,,,,,,,,,,
,,,,,,,,,,
,,,,,,,,,,
,,,,,,,,,,
,,,,,,,,,,
,,,,,,,,,,
,,,,,,,,,,
,,,,,,,,,,
,,,,,,,,,,
,,,,,,,,,,
,,,,,,,,,,
,,,,,,,,,,
,,,,,,,,,,
,,,,,,,,,,
,,,,,,,,,,
,,,,,,,,,,
,,,,,,,,,,
,,,,,,,,,,
,,,,,,,,,,
,,,,,,,,,,
,,,,,,,,,,
,,,,,,,,,,
,,,,,,,,,,
,,,,,,,,,,
,,,,,,,,,,
,,,,,,,,,,
,,,,,,,,,,
,,,,,,,,,,
,,,,,,,,,,
,,,,,,,,,,
,,,,,,,,,,
,,,,,,,,,,
,,,,,,,,,,
,,,,,,,,,,
,,,,,,,,,,
,,,,,,,,,,
,,,,,,,,,,
,,,,,,,,,,
,,,,,,,,,,
,,,,,,,,,,
,,,,,,,,,,
,,,,,,,,,,
,,,,,,,,,,
,,,,,,,,,,
,,,,,,,,,,
,,,,,,,,,,
,,,,,,,,,,
,,,,,,,,,,
,,,,,,,,,,
,,,,,,,,,,
,,,,,,,,,,
,,,,,,,,,,
,,,,,,,,,,
,,,,,,,,,,
,,,,,,,,,,
,,,,,,,,,,
,,,,,,,,,,
,,,,,,,,,,
,,,,,,,,,,
,,,,,,,,,,
,,,,,,,,,,
,,,,,,,,,,
,,,,,,,,,,
,,,,,,,,,,
,,,,,,,,,,
,,,,,,,,,,
,,,,,,,,,,
,,,,,,,,,,
,,,,,,,,,,
,,,,,,,,,,
,,,,,,,,,,
,,,,,,,,,,
,,,,,,,,,,
,,,,,,,,,,
,,,,,,,,,,
,,,,,,,,,,
,,,,,,,,,,
,,,,,,,,,,
,,,,,,,,,,
,,,,,,,,,,
,,,,,,,,,,
,,,,,,,,,,
,,,,,,,,,,
,,,,,,,,,,
,,,,,,,,,,
,,,,,,,,,,
,,,,,,,,,,
,,,,,,,,,,
,,,,,,,,,,
,,,,,,,,,,
,,,,,,,,,,
,,,,,,,,,,
,,,,,,,,,,
,,,,,,,,,,
,,,,,,,,,,
,,,,,,,,,,
,,,,,,,,,,
,,,,,,,,,,
,,,,,,,,,,
,,,,,,,,,,
,,,,,,,,,,
,,,,,,,,,,
,,,,,,,,,,
,,,,,,,,,,
,,,,,,,,,,
,,,,,,,,,,
,,,,,,,,,,
,,,,,,,,,,
,,,,,,,,,,
,,,,,,,,,,
,,,,,,,,,,
,,,,,,,,,,
,,,,,,,,,,
,,,,,,,,,,
,,,,,,,,,,
,,,,,,,,,,
,,,,,,,,,,
,,,,,,,,,,
,,,,,,,,,,
,,,,,,,,,,
,,,,,,,,,,
,,,,,,,,,,
,,,,,,,,,,
,,,,,,,,,,
,,,,,,,,,,
,,,,,,,,,,
,,,,,,,,,,
,,,,,,,,,,
,,,,,,,,,,
,,,,,,,,,,
,,,,,,,,,,
,,,,,,,,,,
,,,,,,,,,,
,,,,,,,,,,
,,,,,,,,,,
,,,,,,,,,,
,,,,,,,,,,
,,,,,,,,,,
,,,,,,,,,,
,,,,,,,,,,
,,,,,,,,,,
,,,,,,,,,,
,,,,,,,,,,
,,,,,,,,,,
,,,,,,,,,,
,,,,,,,,,,
,,,,,,,,,,
,,,,,,,,,,
,,,,,,,,,,
,,,,,,,,,,
,,,,,,,,,,
,,,,,,,,,,
,,,,,,,,,,
,,,,,,,,,,
,,,,,,,,,,
,,,,,,,,,,
,,,,,,,,,,
,,,,,,,,,,
,,,,,,,,,,
,,,,,,,,,,
,,,,,,,,,,
,,,,,,,,,,
,,,,,,,,,,
,,,,,,,,,,
,,,,,,,,,,
,,,,,,,,,,
,,,,,,,,,,
,,,,,,,,,,
,,,,,,,,,,
,,,,,,,,,,
,,,,,,,,,,
,,,,,,,,,,
,,,,,,,,,,
,,,,,,,,,,
,,,,,,,,,,
,,,,,,,,,,
,,,,,,,,,,
,,,,,,,,,,
,,,,,,,,,,
,,,,,,,,,,
,,,,,,,,,,
,,,,,,,,,,
,,,,,,,,,,
,,,,,,,,,,
,,,,,,,,,,
,,,,,,,,,,
,,,,,,,,,,
,,,,,,,,,,
,,,,,,,,,,
,,,,,,,,,,
,,,,,,,,,,
,,,,,,,,,,
,,,,,,,,,,
,,,,,,,,,,
,,,,,,,,,,
,,,,,,,,,,
,,,,,,,,,,
,,,,,,,,,,
,,,,,,,,,,
,,,,,,,,,,
,,,,,,,,,,
,,,,,,,,,,
,,,,,,,,,,
,,,,,,,,,,
,,,,,,,,,,
,,,,,,,,,,
,,,,,,,,,,
,,,,,,,,,,
,,,,,,,,,,
,,,,,,,,,,
,,,,,,,,,,
,,,,,,,,,,
,,,,,,,,,,
,,,,,,,,,,
,,,,,,,,,,
,,,,,,,,,,
,,,,,,,,,,
,,,,,,,,,,
,,,,,,,,,,
,,,,,,,,,,
,,,,,,,,,,
,,,,,,,,,,
,,,,,,,,,,
,,,,,,,,,,
,,,,,,,,,,
,,,,,,,,,,
,,,,,,,,,,
,,,,,,,,,,
,,,,,,,,,,
,,,,,,,,,,
,,,,,,,,,,
,,,,,,,,,,
,,,,,,,,,,
,,,,,,,,,,
,,,,,,,,,,
,,,,,,,,,,
,,,,,,,,,,
,,,,,,,,,,
,,,,,,,,,,
,,,,,,,,,,
,,,,,,,,,,
,,,,,,,,,,
,,,,,,,,,,
,,,,,,,,,,
,,,,,,,,,,
,,,,,,,,,,
,,,,,,,,,,
,,,,,,,,,,
,,,,,,,,,,
,,,,,,,,,,
,,,,,,,,,,
,,,,,,,,,,
,,,,,,,,,,
,,,,,,,,,,
,,,,,,,,,,
,,,,,,,,,,
,,,,,,,,,,
,,,,,,,,,,
,,,,,,,,,,
,,,,,,,,,,
,,,,,,,,,,
,,,,,,,,,,
,,,,,,,,,,
,,,,,,,,,,
,,,,,,,,,,
,,,,,,,,,,
,,,,,,,,,,
,,,,,,,,,,
,,,,,,,,,,
,,,,,,,,,,
,,,,,,,,,,
,,,,,,,,,,
,,,,,,,,,,
,,,,,,,,,,
,,,,,,,,,,
,,,,,,,,,,
,,,,,,,,,,
,,,,,,,,,,
,,,,,,,,,,
,,,,,,,,,,
,,,,,,,,,,
,,,,,,,,,,
,,,,,,,,,,
,,,,,,,,,,
,,,,,,,,,,
,,,,,,,,,,
,,,,,,,,,,
,,,,,,,,,,
,,,,,,,,,,
,,,,,,,,,,
,,,,,,,,,,
,,,,,,,,,,
,,,,,,,,,,
,,,,,,,,,,
,,,,,,,,,,
