customer_id,customer_name,email,phone,address,area,pincode,registration_date,customer_segment,total_orders,avg_order_value
75213636,Bhanumati Chatterjee,xitiarya@example.com,9.20E+11,"97/38, Prakash Ganj
Sonipat 694456",Sonipat,971252,01-07-2024,Inactive,5,1482.83
4458329,Nimrat Sandal,manyachatterjee@example.net,9.15E+11,"85/452
Khatri
Jammu 831625",Mira-Bhayandar,842142,01-07-2024,Inactive,10,1617
53399500,Libni Sinha,rayaantiwari@example.org,9.14E+11,"H.No. 178
Ramakrishnan Zila, Ghaziabad-767609",Kadapa,687962,01-07-2024,Regular,18,1012.5
72702075,Veda Thaman,azaanprabhakar@example.org,9.17E+11,"295, Warrior Path, Durg-256359",Jalna,362822,01-07-2024,Regular,5,1863.18
47939657,Idika Sem,johalsiya@example.org,9.13E+11,"24/46, Kuruvilla Ganj, Gorakhpur-791998",Bhavnagar,6891,01-07-2024,Regular,9,1600.67
91973128,Advik Hayre,guneetwable@example.com,9.13E+11,"78, Deshmukh Road, Gulbarga 580534",Karnal,645358,01-07-2024,Premium,15,989.8
19375332,Udarsh Rao,chaitanya86@example.org,9.19E+11,"643, Kohli Circle
Jorhat 826776",Jodhpur,278850,01-07-2024,Regular,20,1556.48
87457446,Yashodhara Sarraf,prabhudaksha@example.com,9.16E+11,"H.No. 80
Seshadri Chowk
Chittoor 085684",Katihar,525466,02-07-2024,Premium,7,1301.39
46682777,Simon Parekh,vigekiya@example.org,9.15E+11,"22
Balay Road
Thanjavur 478790",Medininagar,705746,02-07-2024,Inactive,10,600.09
50392139,Zehaan Hayer,yashoda79@example.net,9.13E+11,"03/182, Manda Circle
Mangalore 883696",Jamnagar,361935,02-07-2024,Inactive,16,991.26
20634789,Aarnav Som,watikasule@example.org,9.13E+11,"202
Prabhakar Nagar, Latur-410481",Chinsurah,885507,02-07-2024,New,12,1223.43
55060796,Lopa Barman,yashodhara48@example.net,9.11E+11,"827
Narula Street, Karnal-354449",Satara,268202,02-07-2024,New,5,1299.25
18170800,Anamika Sur,rhayre@example.net,9.17E+11,"57
Chakraborty Path
Bidhannagar 065607",Mathura,501272,02-07-2024,Regular,12,1972.81
44174426,Girindra Nair,wazirsanghvi@example.org,9.16E+11,"12/240, Barad Ganj
Hajipur 503025",Salem,133683,02-07-2024,New,20,1655.49
68941950,Ayushman Raghavan,zansi49@example.org,9.16E+11,"26/011
Ganesh Street
Mirzapur-310664",Bhusawal,856620,02-07-2024,New,8,210.86
76082627,Ekalinga Goda,madhavijayaraman@example.com,9.15E+11,"91/217
Sachdev Zila
Bijapur 682568",Jehanabad,877090,03-07-2024,Inactive,4,770
64403005,Ojas Sahota,garima59@example.com,9.12E+11,"H.No. 54, Bajaj Path
Chandrapur-896543",Darbhanga,847487,03-07-2024,New,12,524.48
71956734,Sneha Chaudhuri,kalasaanvi@example.org,9.13E+11,"759
Sahni Marg
Parbhani 296580",Adoni,396862,04-07-2024,New,8,1219.73
17392512,Lavanya Bumb,iwable@example.net,9.11E+11,"30/18
Bath Zila, Vijayanagaram 234562",Secunderabad,103058,04-07-2024,Premium,14,1902.78
49147776,Meghana Khanna,qkari@example.net,9.18E+11,"290
Prabhakar Road
Purnia-614564",Panvel,468561,04-07-2024,Inactive,5,1115.7
18140588,Orinder Malhotra,samarth50@example.org,9.18E+11,"80/775
Varkey Path
Saharanpur-494356",Jalna,895444,04-07-2024,Regular,17,856.95
55425478,Karan Ramachandran,jackson54@example.net,9.16E+11,"03, Mann Circle
Sultan Pur Majra 572115",Surendranagar Dudhrej,408102,05-07-2024,Inactive,12,1605.51
77161976,Kavya Gupta,farissuresh@example.com,9.12E+11,"01/65
Mander Zila
Loni-418847",Dindigul,243125,05-07-2024,Regular,8,1498.83
80517784,Udyati Dara,aradhana66@example.org,9.18E+11,"62/772
Oza Chowk, Proddatur-971544",Raiganj,418404,05-07-2024,Regular,7,513.2
58942207,Krisha Sama,agarwalrohan@example.org,9.13E+11,"H.No. 86, Goel, Bijapur 190889",Patna,861467,05-07-2024,Regular,8,525.9
19180962,Osha Varghese,pjohal@example.org,9.18E+11,"60/201
Shere
Bilaspur 758086",Kalyan-Dombivli,237601,05-07-2024,Inactive,19,622.08
80952275,Kevin Babu,aayush04@example.net,9.11E+11,"19/783, Saha Chowk
Bharatpur-389798",Bongaigaon,154167,06-07-2024,New,17,1928.27
8228843,Vritti Halder,vyasmitesh@example.org,9.10E+11,"H.No. 52, Lalla Path
Saharanpur-442469",Bangalore,542334,06-07-2024,Inactive,1,1215.61
64316806,Yadavi Bhagat,yahviparsa@example.org,9.18E+11,"036, Taneja Nagar, Sonipat-029200",Karnal,930174,07-07-2024,Regular,2,836.58
54216497,Mohini Pandya,turvisani@example.com,9.18E+11,"H.No. 599, Srivastava Road
Shimoga-070708",Guwahati,44806,07-07-2024,New,13,1881.19
78267238,Luke Bala,wdubey@example.org,9.16E+11,"241
Bora Path
Secunderabad-741114",Warangal,86601,07-07-2024,Inactive,1,301.21
33370343,Yachana Bava,ohans@example.com,9.17E+11,"44/197
Dash Street, Tinsukia 305622",Ratlam,893977,07-07-2024,Premium,20,999.04
88684966,Jalsa Khanna,warhi99@example.com,9.15E+11,"372
Date, Pali 101228",Surat,612723,08-07-2024,New,10,711.72
22571994,Lakshit Bassi,badamivrishti@example.net,9.10E+11,"24, Bail Street
Jammu-808344",Bihar Sharif,83717,08-07-2024,Regular,2,912.9
44477365,Nihal Buch,sandhuwarjas@example.net,9.19E+11,"H.No. 22, Mahajan Path, Thanjavur-754379",Katihar,517368,08-07-2024,Regular,18,292.43
24107959,David Chowdhury,bdar@example.com,9.12E+11,"437
Borra Ganj
Pune 036001",Howrah,978633,08-07-2024,Regular,7,354.25
85869195,Kashish Nigam,rajagopalansudiksha@example.net,9.17E+11,"11/091, Roy Ganj, Tirunelveli-404174",Rajpur Sonarpur,313275,10-07-2024,Regular,2,1125.96
59141605,Saksham Kala,triyadutt@example.net,9.13E+11,"H.No. 570
Kulkarni Marg, Berhampur-762758",Motihari,58086,10-07-2024,New,15,1739.58
90144978,Pooja Lad,kothariyashoda@example.net,9.15E+11,"013
Sarma Circle
Rohtak 943634",Chittoor,216756,10-07-2024,Regular,3,1017.23
52279849,Henry Sawhney,sidhuyashodhara@example.net,9.18E+11,"493, Kuruvilla, Erode 325603",Anantapur,169958,10-07-2024,Regular,17,585.08
3002538,Sanya Sule,watikasachar@example.net,9.11E+11,"H.No. 335
Pathak Ganj, Ramagundam-658342",Sonipat,755769,10-07-2024,Inactive,14,489.91
10562528,Udant Dada,odika72@example.com,9.16E+11,"H.No. 19, Taneja Ganj, Malda-646819",Udaipur,579690,11-07-2024,Premium,12,887.02
83588803,Indira Sabharwal,faris26@example.com,9.15E+11,"H.No. 292, D’Alia Ganj
Dewas 344699",Tinsukia,666065,11-07-2024,New,4,1509.41
70170606,Edhitha Chhabra,omisha41@example.net,9.11E+11,"25/21, Parmer Ganj
Madurai-341556",Purnia,264083,11-07-2024,Premium,19,921.51
84161531,Raagini Verma,ethanmander@example.org,9.10E+11,"H.No. 36
Sarin Circle, Moradabad-889706",Rohtak,902770,12-07-2024,Premium,19,1681.88
81102955,Pushti Naidu,darairya@example.org,9.12E+11,"H.No. 61
Khare Circle
Ratlam 115891",Bhiwani,804911,12-07-2024,Premium,16,1403.68
2848415,Anika Raja,ukamdar@example.org,9.14E+11,"71/451, Sura Road, Nanded 621248",Aurangabad,529864,13-07-2024,Inactive,9,1798.13
83058329,Fariq Arya,aradhanaramachandran@example.com,9.13E+11,"90/99
Samra Marg, Belgaum-250930",Varanasi,807586,13-07-2024,Inactive,6,248.96
83660688,Gopal Dube,aditya26@example.com,9.17E+11,"52/64, Koshy Circle
Hapur 029532",Kottayam,317201,13-07-2024,Premium,1,1768.23
79630614,Nikita Misra,rachanabadal@example.net,9.19E+11,"47/23, Tripathi Path
Vadodara-629791",Sasaram,880263,13-07-2024,Regular,3,362.45
70608515,Aashi Behl,jaingarima@example.org,9.15E+11,"H.No. 43
Mani Street
Katni-561753",Belgaum,962036,13-07-2024,Inactive,4,1601.81
48228547,Anika Baria,triyasinha@example.org,9.19E+11,"H.No. 509, Rajan Road
Bijapur 011279",Katihar,248566,13-07-2024,Inactive,9,753.89
55733729,Aarini Singhal,siya60@example.net,9.15E+11,"55/71, Murty Circle, Kamarhati-997909",Anantapuram,200968,13-07-2024,Premium,12,704.66
99784559,Laban Chopra,gayathri37@example.net,9.16E+11,"672
Bhatia Road
Rampur 543886",Allahabad,407983,14-07-2024,Inactive,18,218.41
81822494,Dominic Verma,lucky44@example.org,9.11E+11,"540, Chandra Path, Dehradun-294311",Sri Ganganagar,342395,14-07-2024,New,9,1284.68
46848302,Praneel Ramesh,utara@example.com,9.12E+11,"542
Kota Chowk, Medininagar-457616",Gulbarga,748017,15-07-2024,Premium,15,1657.96
46594066,Ishaan Lad,vsengupta@example.net,9.12E+11,"52/94, Choudhury Street
Chittoor-870282",Giridih,731803,15-07-2024,Premium,7,519.46
74548003,Falan Dhillon,bakhshi09@example.org,9.14E+11,"H.No. 399, Bhatnagar Ganj
Nagercoil 907151",Erode,455503,15-07-2024,Regular,9,1412.04
72675976,Kavya Pingle,sodhiadvaith@example.org,9.16E+11,"48
Oak Nagar, Ambattur 725012",Bhusawal,99296,15-07-2024,Premium,14,710.18
26199489,Aarna Gola,hemang36@example.org,9.16E+11,"28/92
Banerjee Zila
Singrauli-249881",Serampore,555849,15-07-2024,Inactive,11,479.65
20834589,Parth Madan,udantcomar@example.net,9.18E+11,"28/25, Pal Road, Erode-179824",Giridih,330314,15-07-2024,Inactive,8,740.07
52862822,Aarini Khosla,ysaran@example.com,9.14E+11,"12, Rao Chowk, Bhatpara 780850",Anand,618615,16-07-2024,Regular,14,491.28
81174361,Shivansh Sawhney,kkhalsa@example.org,9.15E+11,"H.No. 92
Venkatesh Circle, Burhanpur-429078",Bhopal,487403,16-07-2024,Inactive,12,223.29
188838,Idika Basu,deepakhanna@example.com,9.15E+11,"67, Karan Chowk
Katihar 496332",Madanapalle,566155,16-07-2024,Inactive,12,799.11
24357425,Wriddhish Munshi,nazaretharin@example.net,9.19E+11,"H.No. 36, Dani Nagar, Madurai-481558",Farrukhabad,399792,17-07-2024,Inactive,6,798.18
67952740,Sathvik Majumdar,nadkarnidalbir@example.org,9.18E+11,"52/345
Aurora Circle
Guna 800744",Raebareli,304107,17-07-2024,Regular,19,319.1
85016568,Rudra Mall,nandra@example.com,9.18E+11,"26/84, Manne Road
Nadiad-091335",Tinsukia,355326,17-07-2024,Regular,2,367.12
10541231,Dayita Yadav,dalajasekhon@example.net,9.17E+11,"H.No. 64
Arora Nagar, Dhanbad-111725",Bhiwandi,94381,17-07-2024,Premium,14,409.51
77015367,Oni Bhagat,dominicbhandari@example.com,9.12E+11,"H.No. 36, Ray Path
Bellary 439994",Chittoor,58142,17-07-2024,Regular,8,288.08
20314691,Raksha Bhattacharyya,indrajitvarkey@example.net,9.14E+11,"H.No. 12
Contractor Nagar
Tenali 901526",Salem,349141,17-07-2024,Inactive,2,282.92
27620326,Chasmum Sahni,grovercharan@example.com,9.14E+11,"H.No. 789
Dave Street
Dhule-392337",Tezpur,129682,17-07-2024,Regular,1,1126.02
60565603,Ladli Tara,kallawaida@example.com,9.18E+11,"H.No. 51
Sampath Nagar, Bellary 602969",Madhyamgram,390752,18-07-2024,New,11,949.6
68661619,Chaaya Manne,masonyogi@example.net,9.19E+11,"65
Chander Ganj
Berhampore 551962",Darbhanga,164675,18-07-2024,Inactive,1,1343.07
78412820,Charvi Bajaj,yastikota@example.net,9.19E+11,"32/31
Maharaj Ganj, Ratlam 858199",Siliguri,795903,18-07-2024,New,8,1009.58
10683250,Manthan Sundaram,ekavir81@example.org,9.15E+11,"H.No. 464
Singhal Marg
Patna-308566",Bhagalpur,545885,19-07-2024,Regular,14,480.47
68714053,Max Boase,tbutala@example.net,9.19E+11,"73/037
Babu Nagar
Kolkata 428987",Nanded,861394,19-07-2024,New,18,1474.77
37245065,Ishani Dhillon,abhiramagate@example.net,9.20E+11,"83, Grover
Raichur 632370",Dibrugarh,796944,21-07-2024,Inactive,16,1556.07
30891209,Azaan Bora,manan23@example.org,9.14E+11,"381, Balan Circle, Anand 910232",Gudivada,347450,22-07-2024,New,1,1815.35
60700850,Ishwar Dubey,jbassi@example.com,9.16E+11,"86/596, Choudhry Nagar, Madurai-306982",Tezpur,311501,22-07-2024,Regular,2,812.35
73891999,Vinaya Khatri,zarnakala@example.org,9.18E+11,"04/032, Doctor Street
Silchar 214713",Sambalpur,966637,22-07-2024,New,11,1681.91
20254516,Tanveer Samra,triptisama@example.com,9.12E+11,"37/67, Tak Zila
Nadiad 662567",Nandyal,696091,23-07-2024,Inactive,18,1536.88
88923048,Nandini Narula,michaelyogi@example.com,9.16E+11,"H.No. 600, Raghavan Marg
Phusro-731120",Agra,64983,23-07-2024,Premium,4,1202.89
47206881,Barkha Contractor,gollaqabil@example.net,9.13E+11,"704, Bail Marg, Tiruvottiyur-710662",Nellore,396198,24-07-2024,Premium,3,929.72
85490177,Jonathan Shukla,krishnadayal@example.net,9.11E+11,"H.No. 16, Majumdar Chowk
Jalandhar 070381",Howrah,223428,24-07-2024,Regular,2,655.95
84361534,Ansh Agrawal,ayush35@example.net,9.16E+11,"155, Bal Zila
Hyderabad-668727",Narasaraopet,332324,24-07-2024,Regular,1,438.19
28413467,Leena Mane,kandachakradhar@example.org,9.11E+11,"45
Saini, Kumbakonam-396116",Kolhapur,541139,24-07-2024,New,16,1451.81
72393904,Amara Mahajan,kamala48@example.net,9.17E+11,"H.No. 030, Bhattacharyya Path, Thrissur-308964",Mumbai,130954,25-07-2024,Inactive,8,1920.6
30900441,Omaja Misra,badamiaarnav@example.org,9.12E+11,"H.No. 451, Bahri Marg
Bijapur-550836",Khora ,130415,25-07-2024,New,18,1509.24
23844919,Jagvi Bhatt,hmannan@example.org,9.17E+11,"87, Kohli Road, Ichalkaranji-462134",Bhagalpur,632415,25-07-2024,Regular,9,1890.71
6959437,Rushil Prakash,anika85@example.net,9.17E+11,"09/765, Sachdev Path
Gaya-127934",Jammu,293835,25-07-2024,Premium,14,1105.84
97411107,Udarsh Sandhu,janaki58@example.net,9.17E+11,"11/78
Dugal Street
Orai 801891",Medininagar,970183,26-07-2024,New,18,1406.97
16436359,Yashica Ramesh,upasna58@example.net,9.10E+11,"41/28, Tella Zila
Bokaro-422478",Kota,362536,26-07-2024,New,9,1485.15
75640174,Advik Bhakta,yashodharaseshadri@example.org,9.16E+11,"60/893
Das Chowk, Adoni 157491",Akola,186830,26-07-2024,Premium,2,1380.54
64906311,Balendra Pandey,ijaya32@example.net,9.12E+11,"17/83, Kant Marg, Kadapa-463586",Sikar,417724,26-07-2024,Inactive,10,1124.25
17749347,Akshay Bhasin,bhatsiddharth@example.org,9.14E+11,"217, Banik Street
Rohtak 274302",Panchkula,821987,26-07-2024,Premium,15,1842.37
19705695,Ayush Kala,sundarameta@example.net,9.16E+11,"H.No. 29
Rastogi Street
Dehradun 322885",Patiala,520564,26-07-2024,Premium,6,816.6
30979436,Diya Chaudry,jchaudhary@example.net,9.10E+11,"H.No. 116
Dani Road, Gopalpur-838761",Ozhukarai,57642,26-07-2024,Regular,17,422.51
77345018,Bishakha Lanka,aarnavmenon@example.com,9.18E+11,"06/040, Sarna Nagar, Karawal Nagar-311295",Udupi,407746,26-07-2024,Regular,1,828.2
11493300,Yatan Bedi,pranitratta@example.org,9.16E+11,"H.No. 22
Pandit Street
Coimbatore 123398",Durg,144438,26-07-2024,Regular,18,1025.67
76512976,Yashica Pathak,baradlajita@example.com,9.10E+11,"26/72, Sama Chowk
Aligarh 358311",Belgaum,874947,27-07-2024,New,5,279.89
61020,Onkar Suresh,rudradeshpande@example.com,9.18E+11,"88/40, Bora Zila, Phusro-161515",Kurnool,345635,27-07-2024,New,19,1703.16
91500615,Varenya Vala,nakul89@example.org,9.19E+11,"91/20
Bawa Ganj
Serampore 477704",Parbhani,557915,27-07-2024,Premium,4,840.89
9335625,Falguni Sangha,sudiksha34@example.org,9.13E+11,"354
Raval Circle
Purnia 372237",Coimbatore,194689,27-07-2024,Premium,14,1605.95
58115779,Bhavna Ramaswamy,gabaurishilla@example.net,9.18E+11,"H.No. 83, Anne Circle, Alwar-895946",Katni,779863,27-07-2024,Regular,12,1569.04
60618999,Lopa Vig,dalbir15@example.org,9.16E+11,"551, Sawhney Road
Satna 010828",Pudukkottai,596613,28-07-2024,Regular,15,1631.96
85435560,Viraj Nair,krishnavedhika@example.org,9.19E+11,"32/80
Rajan Zila, Anantapur 869770",Ludhiana,660678,28-07-2024,Inactive,8,1309
45659330,Jackson Sandal,leena40@example.net,9.14E+11,"H.No. 607
Kar Nagar, Maheshtala 129369",Gwalior,236335,28-07-2024,New,19,1364.9
96009692,Panini Naik,ekapad42@example.org,9.20E+11,"64/48
Nigam, Proddatur-341138",Bhagalpur,700626,28-07-2024,Regular,15,1970.23
30373140,Sai Dhingra,jnagarajan@example.com,9.11E+11,"H.No. 191
Sarraf Path, Guntur-844266",Kishanganj,125766,28-07-2024,Regular,2,596.71
65543312,Logan Pillay,krish11@example.com,9.13E+11,"05, Buch Street, Faridabad 972146",Mumbai,706490,28-07-2024,New,4,1209.29
9314637,Aarav Sandal,chakrikasood@example.net,9.19E+11,"42/24, Sagar Ganj
Nandyal-490265",Bhubaneswar,207302,28-07-2024,Inactive,15,1208.09
97141762,Banjeet Goda,grovermaanav@example.org,9.13E+11,"H.No. 94, Kar Street
Pune-521931",Agra,841879,28-07-2024,Regular,2,1513.8
21658322,Balhaar Balasubramanian,tandoneiravati@example.com,9.12E+11,"94/125, Chhabra Circle
Suryapet 010747",Maheshtala,216235,29-07-2024,Regular,5,1416.06
34526570,Falak Edwin,jalsasetty@example.com,9.16E+11,"H.No. 240
Dhar Marg
Bhagalpur-524099",Mysore,369619,29-07-2024,New,19,847.76
37183511,Neel Minhas,upma50@example.net,9.17E+11,"55
Rout Chowk
Bardhaman-834635",Gopalpur,231644,29-07-2024,New,13,1855.04
10857389,Nihal Mital,ipal@example.org,9.13E+11,"90/44
Kamdar Chowk
Kolkata-447646",Hindupur,893621,29-07-2024,Inactive,9,553.29
4606533,Anusha Bhagat,triya55@example.org,9.17E+11,"14
Bhagat Path
Shivpuri 856011",Rajpur Sonarpur,696982,30-07-2024,Premium,11,704.14
90586029,Aarini Ray,vamakshi98@example.net,9.18E+11,"H.No. 65, Kapoor Path, New Delhi 823047",Faridabad,792664,30-07-2024,Regular,19,1460.86
14458150,Kamya Ratta,svasa@example.net,9.19E+11,"H.No. 46
Lata Chowk, Buxar-942853",Sambhal,867424,30-07-2024,Premium,13,321.96
44030130,Laksh Dalal,gchawla@example.net,9.16E+11,"51/50, Salvi Marg
Jehanabad-358947",Ghaziabad,59886,31-07-2024,Regular,4,904.08
13130974,Divya Garde,varkeyridhi@example.org,9.14E+11,"48/269
Wagle Path
Vellore-094099",Eluru,572919,31-07-2024,Inactive,6,898.76
52617081,Max Mander,nitesh99@example.net,9.19E+11,"098, Chana Nagar, Solapur-107630",Raurkela Industrial Township,785466,31-07-2024,Inactive,10,996.94
63368244,Jeevika Tara,rkapur@example.net,9.11E+11,"12/41, Uppal
Aizawl-053988",Danapur,905945,01-08-2024,New,19,1245.73
49136375,Rohan Basak,duttavedika@example.org,9.16E+11,"29/64, Chander Path
Karawal Nagar-716604",Bathinda,843234,01-08-2024,Inactive,19,1524.23
98152679,Geetika Arora,kurianlakshit@example.net,9.11E+11,"H.No. 84, Rama
Chapra-101291",Thiruvananthapuram,917590,01-08-2024,Regular,1,583.12
63349378,William Sangha,aradhanahalder@example.com,9.19E+11,"13/269
Mohanty Marg, Amaravati 212523",Mango,965143,01-08-2024,Regular,14,1487.94
81994445,Imaran Jha,maanav88@example.net,9.19E+11,"H.No. 088, Lad Circle
Rohtak-890599",Kalyan-Dombivli,976412,01-08-2024,Premium,2,1391.12
84847500,Teerth Mohanty,wbrar@example.org,9.18E+11,"09
Mitter Nagar, Mysore-578477",Bally,856982,01-08-2024,Inactive,9,1832.51
80858127,Rachana Chaudhry,ybal@example.com,9.12E+11,"H.No. 272
Tella Circle
Alappuzha-788083",Raichur,114778,01-08-2024,Premium,10,1703.39
28603182,Karan Narayan,zaid12@example.net,9.16E+11,"470
Ravi Ganj, Ulhasnagar-033422",South Dumdum,663469,02-08-2024,New,11,490.13
65772743,William Kuruvilla,onveerbedi@example.net,9.14E+11,"43/82, Bala Nagar
Khammam 231196",Erode,283776,02-08-2024,Regular,14,1780.68
15796277,Finn Pau,vganesh@example.com,9.11E+11,"29
Comar Path
Davanagere-714215",Loni,223700,02-08-2024,New,19,1365.33
82804543,Yamini Thakkar,amorar@example.com,9.11E+11,"880
Rau Nagar
Tenali-161447",Arrah,124227,02-08-2024,New,8,1762.86
39999278,Chandresh Khare,agarwalladli@example.org,9.12E+11,"177
Bath Road, Rajpur Sonarpur 549727",Baranagar,594349,02-08-2024,New,8,664.22
22112867,Sanaya Chakrabarti,anay97@example.net,9.12E+11,"77, Gera Road
Anand 087192",Bangalore,609126,02-08-2024,Regular,6,204.58
34713143,Ganga Sabharwal,mugdhamannan@example.org,9.19E+11,"91/992
Sanghvi Path
Raipur-230614",Jehanabad,759217,03-08-2024,Premium,16,1380.2
30265929,Nandini Brahmbhatt,dixitganga@example.org,9.18E+11,"32/39
Natt Ganj
Thrissur-034713",Nizamabad,844891,04-08-2024,Premium,15,1388.33
38748727,Raghav Nath,bmani@example.net,9.18E+11,"H.No. 560
Dass Nagar, Kota-609570",Tiruchirappalli,573755,04-08-2024,New,4,495.67
51547198,Kashvi Date,saksham00@example.org,9.15E+11,"046
Minhas, Gurgaon 806600",Agartala,730715,04-08-2024,Premium,19,750.81
78157360,Xavier Toor,rayaan93@example.net,9.18E+11,"82/63
Pant
Shimoga-462093",Udaipur,574799,05-08-2024,Regular,20,1310.87
53782978,Laban Baria,mohinihari@example.net,9.13E+11,"H.No. 66, Kumer Street
Bongaigaon 699438",Junagadh,690652,05-08-2024,New,10,1390.84
39674723,Advika Keer,khatriayushman@example.net,9.20E+11,"H.No. 211, Mitra Chowk
Solapur 253328",Bettiah,813010,05-08-2024,New,3,765.19
75984768,Dev Deshpande,tsarkar@example.org,9.12E+11,"H.No. 186
Kala Road
Gurgaon 751287",Guwahati,737567,05-08-2024,Regular,14,1723.2
56248757,Ekansh Narayan,qraghavan@example.com,9.12E+11,"05/325, Kade Circle
Belgaum-791134",Chapra,14789,05-08-2024,Premium,16,1040.97
20163931,Gautami Doshi,vedhika55@example.net,9.19E+11,"H.No. 01, Karnik Path
Sultan Pur Majra-506511",Kumbakonam,918590,05-08-2024,Regular,5,404.55
97174235,Ekapad Atwal,oupadhyay@example.com,9.17E+11,"45, Karnik Zila
Cuttack 151701",Hubli–Dharwad,157060,05-08-2024,Regular,13,413.94
49985597,Neel Rastogi,rachana02@example.net,9.11E+11,"27/024, Kumer Circle, Kurnool-562150",Kishanganj,147502,06-08-2024,Regular,3,775.73
12851610,Unnati Narayanan,indali31@example.net,9.18E+11,"09/64
Shanker Ganj
Bongaigaon-786416",Proddatur,304595,06-08-2024,Inactive,14,633.41
17100301,Jason Sur,dugarkritika@example.com,9.17E+11,"27/82
Sachar Zila
Secunderabad 831235",Deoghar,119736,06-08-2024,Premium,16,1515.01
4545935,Aayush Ahluwalia,jagdish37@example.org,9.11E+11,"42, Bajwa Road, Nadiad-839395",Warangal,731038,06-08-2024,Regular,7,1931.1
69761993,Udant Kade,lila77@example.net,9.19E+11,"87/304, Nadig Nagar, Bally 955962",Gangtok,661415,06-08-2024,New,6,551
76377003,Harsh Bhandari,viswanathanaarav@example.com,9.13E+11,"44
Krishna Chowk, Bhatpara 525476",Chandigarh,145664,07-08-2024,Inactive,10,842.66
33331259,Leena Deol,nitesh33@example.com,9.17E+11,"74/973
Kashyap Circle
Hapur 323439",Saharsa,14967,07-08-2024,Inactive,7,1559.22
2234490,Amara Gala,gangasanghvi@example.com,9.15E+11,"43, Gole Zila
Hajipur 933661",Singrauli,529202,07-08-2024,Premium,8,1540.25
12622901,Januja Kaul,dhaliwaljagdish@example.com,9.17E+11,"H.No. 398, Iyer Chowk
Vijayanagaram-137056",Bareilly,724988,07-08-2024,Inactive,3,870.68
68692574,Bachittar Wagle,lajita90@example.net,9.13E+11,"40, Brar Chowk
Kanpur 341441",Bharatpur,841899,07-08-2024,Inactive,13,1503.93
45700739,Luke Dar,madhavi20@example.net,9.14E+11,"54
Korpal Road
Jorhat 779102",Visakhapatnam,717476,07-08-2024,Inactive,17,509.95
69908484,Kevin Sachar,harita88@example.org,9.14E+11,"28/698, Divan Ganj, Hindupur 852596",Udupi,819988,08-08-2024,New,8,382.07
58929595,Aarush Ratti,emaharaj@example.net,9.13E+11,"H.No. 69, Patil Chowk, Chandigarh 109848",Hubli–Dharwad,349867,08-08-2024,Regular,2,588.65
82918668,Harita Nagy,shahadvaith@example.com,9.16E+11,"78
Chanda Nagar, Gaya-166936",Gudivada,244426,08-08-2024,Regular,18,1941.44
57207678,Yashodhara Mishra,urvi08@example.net,9.19E+11,"01
Om Street
Rohtak 339233",Chandrapur,347833,08-08-2024,New,17,1603.27
38902193,Yutika Sandhu,radhaperi@example.com,9.19E+11,"H.No. 65
Dani, Bareilly-865864",Bellary,953914,08-08-2024,New,6,1275.29
58085779,Abeer Oak,omistry@example.net,9.13E+11,"H.No. 136
Devi Path
Bangalore 448384",Berhampur,652494,09-08-2024,New,19,1602.11
20625627,Hredhaan Prasad,ishanvi25@example.com,9.10E+11,"274, Chopra Circle
Jammu 166527",Amritsar,598993,10-08-2024,Premium,11,718.1
6398761,Kabir Kala,pallafaris@example.com,9.18E+11,"H.No. 80
Konda Nagar
Eluru 082402",Naihati,350456,10-08-2024,Inactive,2,1701.15
88550139,Oeshi Kamdar,semjanani@example.net,9.15E+11,"725, Borra Circle, Dhule 475721",Nadiad,703403,11-08-2024,New,3,1910.25
99301505,Reyansh Wason,ypant@example.net,9.13E+11,"H.No. 980, Rajan Street
Amravati 480325",Bhimavaram,331633,11-08-2024,Inactive,5,294.44
35554129,Darika Natarajan,wahabmisra@example.com,9.16E+11,"84, Golla
Ghaziabad 458388",Alappuzha,464641,11-08-2024,Premium,15,1226.88
83577942,Oviya Rau,suhanipandit@example.net,9.19E+11,"H.No. 673
Batta Road, Yamunanagar-314202",Shivpuri,33088,11-08-2024,New,16,866.2
23567263,Yatan Sem,hitesh51@example.net,9.14E+11,"12/949
Loyal Ganj
Ambattur 535978",Chinsurah,96950,11-08-2024,New,14,231.38
56548063,Advay Baria,qushikrish@example.net,9.11E+11,"H.No. 54
Bhandari Path
Siliguri-730057",Thanjavur,443618,11-08-2024,New,20,537.48
78732957,Madhav Anne,alka61@example.org,9.13E+11,"351, Kala Road
Katihar-538807",Malegaon,654544,12-08-2024,New,8,1148.93
34839913,Gaurika Dayal,vyanjana32@example.net,9.18E+11,"10
Mander Nagar
Bhiwandi-083761",Belgaum,552859,12-08-2024,Regular,4,1706.89
85561151,Zinal Dhawan,gulatiedhitha@example.org,9.18E+11,"65/275, Manne Road, Muzaffarpur-688635",Kanpur,515548,13-08-2024,Regular,12,227.18
97144544,Indali Toor,pdeep@example.org,9.12E+11,"H.No. 15, Soni
Udaipur 007809",Guna,494838,13-08-2024,Regular,12,1754.04
85626346,Isaiah Gera,aayush34@example.org,9.19E+11,"H.No. 179, Kadakia, Rajkot-257700",Ghaziabad,130770,14-08-2024,Regular,1,293.54
89686431,Eta Dani,pushti67@example.org,9.11E+11,"H.No. 271, Loyal Chowk
Thrissur-060782",Dharmavaram,850478,14-08-2024,Regular,11,1637.7
88517890,Anvi Swaminathan,duttirya@example.net,9.10E+11,"H.No. 456, Pai Path, Amroha 878650",Nizamabad,524369,14-08-2024,Premium,10,1964.72
62510499,Pratyush Trivedi,nswaminathan@example.org,9.17E+11,"19/62
Raghavan Road, Khora  096529",Kozhikode,711088,14-08-2024,Premium,16,510.62
97033691,Aarini Muni,golazaitra@example.com,9.13E+11,"66, Garde Road, Cuttack 933700",Mysore,394940,14-08-2024,Premium,2,1268.05
79478655,Zilmil Rege,noah34@example.com,9.20E+11,"34
Saini Road, Begusarai-262999",Silchar,627881,15-08-2024,Regular,9,1845.26
86045277,Umang Pai,ykeer@example.org,9.18E+11,"14/995, Aurora Chowk, Unnao-559200",Mau,229457,15-08-2024,New,8,1065.84
6081270,Caleb Sane,diptagour@example.net,9.15E+11,"009
Loyal Marg
Udaipur 582796",Gaya,603031,17-08-2024,Inactive,15,969.51
6025470,Isaac Mander,rdixit@example.com,9.13E+11,"57/46
Solanki Street
Jammu 135323",Sagar,644361,17-08-2024,Premium,12,1599.39
86226771,Theodore Rao,balvansha@example.net,9.16E+11,"49/361, Sur Chowk
Bathinda 711928",Shivpuri,411235,17-08-2024,Premium,4,1062.39
82700270,Hemal Bhavsar,karanbhatnagar@example.org,9.19E+11,"H.No. 68, Kothari Marg
Gudivada-450590",Kishanganj,701245,17-08-2024,New,10,1146.39
10706516,Charita Srivastava,dakshesh23@example.org,9.18E+11,"57/12, Narula Road
Karaikudi 600784",Miryalaguda,85972,18-08-2024,Regular,13,1420.97
46185579,Vidhi Pillai,ishanvi02@example.org,9.18E+11,"01/95, Mangat
Tinsukia 747651",Siliguri,88753,18-08-2024,Premium,3,1874.34
11616535,Vrinda Bassi,faraschandra@example.net,9.12E+11,"H.No. 94, Saxena Nagar
Katihar 418163",Tadepalligudem,285899,18-08-2024,Premium,6,1583.56
33481252,Ishaan Naidu,vedika57@example.net,9.17E+11,"86
Prabhakar Marg
Medininagar 968738",Noida,51896,18-08-2024,Premium,8,1438.75
74515162,Aarnav Parsa,miteshvarghese@example.org,9.10E+11,"72
Koshy, Pali 271238",Durgapur,233703,19-08-2024,New,10,1605.13
62526813,Keya Bansal,ravelrishi@example.com,9.13E+11,"04/541
Tank Ganj
Solapur-551644",Nashik,608018,19-08-2024,Inactive,6,1777.35
34761418,Nitesh De,faraj44@example.net,9.16E+11,"14/45, Mander Path
Narasaraopet 297200",Bhilwara,401933,19-08-2024,New,6,1729.83
29324437,Radhika Bains,nram@example.org,9.19E+11,"830
Nagar Zila, Buxar 534238",Nanded,869550,19-08-2024,Premium,11,1915.27
98016334,Krishna Char,krishnabhavsar@example.net,9.19E+11,"841, Kibe Chowk, Thrissur-092044",Howrah,326443,19-08-2024,Regular,18,724.91
52770036,Lopa Bobal,kashyapthomas@example.org,9.11E+11,"82, Bhargava Nagar
Kishanganj-297154",Bathinda,212770,19-08-2024,New,14,1207.51
61753272,Ojasvi Dash,widisha91@example.net,9.15E+11,"H.No. 85
Thakur
Bhubaneswar 074120",Anantapur,81264,20-08-2024,New,3,832.17
74572121,Triveni Baral,advaith31@example.net,9.16E+11,"10/107
Bhandari
Kishanganj 048249",Mau,562013,20-08-2024,Inactive,15,890.77
51476157,Abdul Bali,nandinibanik@example.net,9.19E+11,"62/25
Sarma Circle
Mahbubnagar-707575",Burhanpur,928472,21-08-2024,Inactive,10,1033.16
25665997,Barkha Sodhi,esom@example.net,9.11E+11,"H.No. 810, Sarkar Chowk, Rajahmundry 931307",Muzaffarnagar,684302,21-08-2024,Regular,3,1188.16
9987182,Tristan Hegde,devansh88@example.org,9.11E+11,"138, Dewan Circle
Kolkata-153958",Darbhanga,35650,21-08-2024,Regular,8,635.99
26364643,Zehaan Keer,riya25@example.com,9.20E+11,"88
Bhandari Path, Raurkela Industrial Township 646085",Morena,6749,22-08-2024,Inactive,9,1086.68
16230299,Urvi Koshy,mdatta@example.net,9.16E+11,"H.No. 010
Chandran Street
Mau 901345",Pune,858006,22-08-2024,Regular,4,1776.71
73061709,Zinal Sundaram,snayak@example.com,9.13E+11,"H.No. 10
Datta Marg
Siwan-391261",Uluberia,214812,22-08-2024,Premium,1,1557.57
96793479,Abhimanyu Venkataraman,wramakrishnan@example.com,9.16E+11,"70, Wali Marg, Saharanpur-050662",Ambarnath,540050,23-08-2024,Inactive,18,1185.01
51994597,Xavier Divan,sahotaavni@example.org,9.13E+11,"83/630, Morar Road, Chandrapur 044856",Mira-Bhayandar,964776,23-08-2024,Regular,12,1591.21
40563029,Chandani Rege,parsafaraj@example.org,9.14E+11,"75/25, Borde Marg, Maheshtala 940203",Chandigarh,24783,23-08-2024,Inactive,12,1203.36
38694209,Harinakshi Patla,zbhagat@example.com,9.14E+11,"349, Doshi Circle, Ramgarh 805466",Uluberia,377044,23-08-2024,Premium,20,1335.82
95001589,Dayamai Bhasin,darika48@example.org,9.16E+11,"145, Bumb Street
Bidar 474547",Asansol,376431,23-08-2024,Regular,20,1788.42
83348353,Eta Dutt,fradorai@example.org,9.18E+11,"51/76, Hari Nagar
Nandyal-125693",Gurgaon,447354,23-08-2024,Inactive,1,533.72
6390687,Shivansh Dasgupta,watika26@example.net,9.12E+11,"08/37, Singh Zila
Aizawl-112143",Alwar,733851,23-08-2024,Regular,5,1340.79
62419778,Frederick Subramaniam,girish83@example.com,9.18E+11,"940, Nair Street
Medininagar 829782",Jamnagar,657089,23-08-2024,Premium,12,1083.95
59323931,Ridhi Yadav,speri@example.net,9.19E+11,"29/674
Chada Chowk, Allahabad-561456",Bijapur,703311,24-08-2024,Inactive,14,1239.32
37379797,Aashi Majumdar,omkaarmemon@example.org,9.18E+11,"18/571, Choudhury Path
Kishanganj-139131",Jalna,627760,24-08-2024,Inactive,6,1167.45
57505804,Zinal Padmanabhan,yashodharabhat@example.com,9.20E+11,"71, Yohannan
Shimla 687225",Orai,20322,25-08-2024,New,9,225.87
62541176,Yutika Andra,boaseonkar@example.com,9.15E+11,"472
Pai Zila
Karnal-312720",Tirupati,929796,26-08-2024,New,7,1691.37
32929817,Vedika Devi,jbehl@example.com,9.11E+11,"63/70, Upadhyay Marg
Aligarh-889085",Muzaffarpur,339447,26-08-2024,Regular,4,468.78
40419593,Siya Pandit,dbera@example.org,9.19E+11,"H.No. 401
Nori Circle, Phusro-398654",Dibrugarh,493928,27-08-2024,Inactive,20,787.07
68341636,Hemani Mannan,patrick94@example.com,9.17E+11,"77
Mishra Street, Bhatpara-089042",Aurangabad,778819,27-08-2024,Premium,19,1043.7
32830199,Abhimanyu Suri,kalaarya@example.com,9.17E+11,"11/864
Ganesan Nagar
Thoothukudi 654016",Aizawl,531804,27-08-2024,Premium,2,680.11
21282544,Warda Basak,lchoudhary@example.net,9.20E+11,"413
Kakar Road
Ujjain 345914",Jaunpur,808063,28-08-2024,Regular,16,657.98
73661993,Elijah Verma,jiyer@example.org,9.11E+11,"H.No. 87, Kuruvilla Marg, Madhyamgram 992879",Hajipur,170699,28-08-2024,Inactive,2,1800.62
29502852,Andrew Vasa,aarush91@example.org,9.19E+11,"061
Tank
Asansol 810831",Dibrugarh,870715,28-08-2024,New,18,1995.37
93563435,Siya Sandhu,hemalwagle@example.com,9.18E+11,"H.No. 606, Parekh Chowk, Erode-615948",Nagpur,854006,28-08-2024,New,9,313.25
35826539,Widisha Kapur,dharmohammed@example.org,9.12E+11,"97/832
Bhagat
Silchar-117534",Deoghar,81838,28-08-2024,New,6,1155.12
61461253,Arin Setty,naidushivani@example.org,9.17E+11,"63/164, Kari Chowk
Moradabad 624164",Amravati,381991,29-08-2024,Inactive,4,789.5
57291761,Samarth Muni,netrasarkar@example.org,9.13E+11,"H.No. 997, Hayre Marg, Dhule-782519",Pallavaram,260349,29-08-2024,Regular,8,1338.09
70459847,Krish Shankar,mekhalasaraf@example.org,9.18E+11,"53/713, Raghavan Street
Bhilwara-021410",Bhopal,973977,29-08-2024,Premium,12,324.58
12560669,Mugdha Acharya,pranitkuruvilla@example.org,9.10E+11,"22, Chowdhury Path, Chittoor-049437",Sangli-Miraj & Kupwad,776029,29-08-2024,Inactive,13,450.79
98691989,Dakshesh Lala,wsathe@example.org,9.13E+11,"H.No. 246
Khosla Path, Parbhani 480197",Bhavnagar,312609,30-08-2024,Regular,18,1980.1
59329145,William Guha,lshenoy@example.org,9.12E+11,"28/86, Bala Ganj
Raipur-127796",Gulbarga,776510,30-08-2024,Regular,19,999.5
81200164,Zehaan Chaudhry,qoza@example.com,9.14E+11,"H.No. 44
Gera Zila, Kottayam-835901",Anantapur,891346,30-08-2024,Regular,10,337.07
50518311,Arunima Tak,umangdate@example.net,9.18E+11,"17/381
Ramaswamy Circle
Sambalpur 187850",Arrah,183905,31-08-2024,Regular,16,1238.72
63402854,Pallavi Sidhu,finnmallick@example.org,9.18E+11,"86, Thaker Ganj, Pallavaram-787731",Kollam,393814,31-08-2024,New,1,1110.52
35988028,Tejas Char,ekaraj79@example.org,9.12E+11,"860
Palla Road
Imphal-322818",Naihati,996267,31-08-2024,Premium,6,898.52
22133362,Samesh Dixit,raaginiramanathan@example.org,9.19E+11,"62/795
Bhalla Chowk, Bulandshahr 310111",Anantapuram,633882,31-08-2024,Inactive,18,482.2
6867315,Yash Lata,xchhabra@example.net,9.14E+11,"61/601, Sarma Marg
Haridwar-085930",Imphal,194966,31-08-2024,Premium,1,1766.24
30029998,Ishwar Edwin,khuranaanusha@example.net,9.15E+11,"95/10, Chada, Pimpri-Chinchwad-575371",Hazaribagh,654240,01-09-2024,New,9,863.3
8967266,Theodore Bhakta,bhaktayochana@example.com,9.18E+11,"H.No. 90
Naidu Road, Munger 723012",Imphal,58300,01-09-2024,Regular,5,1164.14
40305293,Tejas Parmer,waglevedhika@example.com,9.19E+11,"783, Handa Marg
Medininagar-040912",Bhatpara,597677,01-09-2024,Regular,10,614.48
5607734,Riya Batta,mandermitesh@example.net,9.14E+11,"H.No. 604, Kata Road
Khandwa 364539",Jamshedpur,260720,01-09-2024,Premium,8,603.44
12988801,Darika Verma,pallahredhaan@example.net,9.12E+11,"H.No. 697, Solanki Circle, Raurkela Industrial Township-387322",Gurgaon,701201,02-09-2024,New,8,1179.5
40703374,Wriddhish Ramachandran,sahaamara@example.org,9.17E+11,"65/892
Rastogi Street
Anantapuram-983602",Nandyal,854748,02-09-2024,Regular,10,1934.68
59436131,Vritti Kota,anya33@example.com,9.12E+11,"37
Kaul
Thanjavur-688358",Imphal,400123,02-09-2024,New,18,546.58
30065862,Urishilla Hegde,ydeo@example.org,9.10E+11,"H.No. 330
Rana Path, Sagar 712033",Allahabad,911359,02-09-2024,Regular,13,749.95
72605638,Zansi Nanda,teerth55@example.net,9.18E+11,"45/445, Jaggi Chowk
Karawal Nagar 883125",Korba,823516,02-09-2024,Inactive,12,983.84
87943214,Samar Basak,kalabaljiwan@example.net,9.18E+11,"969, Ratta Street
Gandhinagar 706186",Tiruvottiyur,167479,02-09-2024,Inactive,10,476.03
92509376,Sudiksha Dutta,gayathri09@example.org,9.14E+11,"H.No. 586
Jha Nagar
Singrauli-552485",Jehanabad,260252,03-09-2024,Regular,15,1367.8
29858395,Patrick Rout,aayushpal@example.net,9.16E+11,"354, Bali Street
Pondicherry-996500",Hospet,511481,03-09-2024,Inactive,16,442.16
62679120,Ekansh Padmanabhan,jalsa70@example.org,9.12E+11,"47/469
Mahal Road, Panchkula-969391",Siwan,229431,03-09-2024,Regular,14,1964.18
48910430,Janani Prasad,abhirambabu@example.com,9.19E+11,"149
Pall Path, Aurangabad-876025",Bardhaman,125846,04-09-2024,Premium,3,1474.04
38018949,Jeet Pandey,irya08@example.net,9.16E+11,"584
Loke Path
Thiruvananthapuram-323286",Farrukhabad,305457,04-09-2024,Premium,17,1873.34
46515922,Harish Setty,kamya82@example.net,9.19E+11,"63/69, Mital Chowk, Gandhinagar-801336",Ghaziabad,793626,05-09-2024,Regular,16,950.75
42102289,Guneet Vaidya,wyattkara@example.com,9.18E+11,"71, Padmanabhan
Chapra-979621",Raebareli,499108,05-09-2024,New,20,1310.74
78614729,Finn Goswami,sethidaniel@example.org,9.20E+11,"469
Kadakia Ganj, Avadi-835600",Tiruvottiyur,591291,05-09-2024,New,10,1786.91
67711384,Widisha Varkey,gautami04@example.net,9.10E+11,"H.No. 177, Bera Ganj, Jehanabad-028809",Bilaspur,116890,06-09-2024,Premium,8,700.6
33651554,Madhav Sridhar,ishababu@example.org,9.18E+11,"25/998, Date Marg
Amroha 740213",Saharsa,202775,06-09-2024,New,18,697.13
64940409,Yoshita Divan,deshmukhaahana@example.com,9.20E+11,"H.No. 25
Mammen Street
Jammu 514994",Gurgaon,546100,06-09-2024,Inactive,9,882.89
89051578,Zinal Natarajan,vyasfrado@example.com,9.12E+11,"H.No. 172, Khanna Street, Pudukkottai 610564",Alwar,586734,06-09-2024,Premium,12,1185.5
95309983,Vansha Atwal,ramankritika@example.net,9.19E+11,"23/11, Ramesh, Udupi 062614",Solapur,373773,07-09-2024,New,15,1990.83
26227445,Krishna Warrior,ishakara@example.com,9.13E+11,"H.No. 406
Batta Circle, Bikaner-296769",Ghaziabad,632750,07-09-2024,Regular,1,1030.06
31846190,Charan Choudhary,tristantank@example.org,9.14E+11,"23/56, Kadakia Marg
Patna-321511",Kolkata,264654,08-09-2024,New,4,1176.18
38969732,Manthan Chana,obarad@example.com,9.10E+11,"05/935
Kohli Path, Jabalpur 151623",Pune,893205,08-09-2024,New,10,1501.23
34237583,Ishwar Chand,mitalwidisha@example.net,9.14E+11,"37/02
Ganguly Circle
Barasat-737778",Hapur,769474,08-09-2024,New,1,231.43
14079305,Jeevika Narain,rattiikshita@example.org,9.20E+11,"144
Gokhale Nagar, Bhalswa Jahangir Pur 956383",Warangal,702601,08-09-2024,Premium,17,567.1
82770142,Balveer Brar,yashica30@example.org,9.15E+11,"H.No. 62, Khalsa Chowk
Ghaziabad-756275",Karaikudi,719292,08-09-2024,New,2,1834.58
56764791,Priya Shukla,rajavasana@example.net,9.11E+11,"96/18
Panchal Chowk
Hosur-935341",Hindupur,876143,08-09-2024,Regular,10,1226.1
28111842,Charles Kannan,amrita30@example.org,9.15E+11,"55
Setty Ganj
Bijapur-974804",Tirunelveli,734693,09-09-2024,Premium,8,1892.45
84953008,Sai Pal,rattayashvi@example.net,9.12E+11,"15
Shankar Circle
Danapur-131817",Bongaigaon,290142,09-09-2024,Inactive,3,1187.65
40667183,Yatin Setty,lthakkar@example.com,9.12E+11,"84, Sekhon Circle
Bijapur 527244",Bidar,428468,09-09-2024,New,19,1815.79
88164280,Saumya Barman,nakul83@example.com,9.16E+11,"03
Iyer Nagar
Bhatpara-765591",Thane,413547,09-09-2024,Regular,11,745.22
95971469,Rachit Parikh,ryansinghal@example.net,9.18E+11,"82/278
Gokhale Circle, Ghaziabad 086484",Chapra,609861,09-09-2024,New,7,1060.59
72942753,Alka Pal,fvig@example.com,9.12E+11,"008
Bhattacharyya Road, Dewas 414364",Gurgaon,484481,09-09-2024,Regular,5,664.01
74313592,Vaishnavi Prasad,shivanilata@example.org,9.17E+11,"H.No. 904, Gola Street, Bikaner 679779",Pimpri-Chinchwad,683667,10-09-2024,Premium,3,1208.69
4356173,Jalsa Khatri,mahajanbakhshi@example.org,9.12E+11,"48, Patla Ganj, Avadi 838391",Rajkot,763603,10-09-2024,New,9,1838.56
65815155,Amara Palan,diya73@example.org,9.13E+11,"31, Baral Zila
Katni 084466",Bangalore,760332,10-09-2024,New,10,1963.99
70179018,Sai Brar,shaoni@example.net,9.17E+11,"H.No. 689
Tara Chowk
Phagwara-194850",Bhiwani,759090,11-09-2024,New,5,1725.79
97111119,Ridhi Sekhon,rmishra@example.com,9.14E+11,"H.No. 44
Hora Circle
Jabalpur 884514",Tiruchirappalli,980279,11-09-2024,Regular,13,1047.73
77217240,Tristan Aurora,dugalranbir@example.org,9.17E+11,"69
Khalsa Path
Arrah-734122",Karawal Nagar,585326,11-09-2024,Premium,9,414.76
37227953,Madhav Raghavan,iacharya@example.org,9.20E+11,"H.No. 625
Bhat Zila, Sambhal 832470",Pune,970382,11-09-2024,Inactive,4,500.75
5700842,Waida Trivedi,garimashere@example.net,9.19E+11,"H.No. 68, Tara Road, Surendranagar Dudhrej 454893",Amravati,864006,11-09-2024,Regular,3,514.06
5751638,Xiti Wagle,darshmunshi@example.net,9.17E+11,"H.No. 571
Borah Marg
Sri Ganganagar-467229",Aligarh,589333,11-09-2024,New,14,1230.38
5369136,Yasti Wagle,pantmaanas@example.com,9.16E+11,"46
Jayaraman Road, Eluru-026437",Ambala,927996,11-09-2024,Regular,8,311.45
66252737,Umang Bhavsar,xiti79@example.org,9.18E+11,"91/97, Doctor Zila
Madurai-593317",Warangal,272505,12-09-2024,Premium,15,1188.67
79169760,Benjamin Kant,hkhalsa@example.com,9.14E+11,"95/134
Bajwa Zila
Bharatpur 542200",Nagaon,233710,12-09-2024,New,11,932.44
49152878,Patrick Sandhu,zehaanmahajan@example.org,9.12E+11,"304
Tara Road, Gandhinagar-559930",Gwalior,649817,13-09-2024,Premium,4,973.62
49881540,Xalak Muni,avni70@example.net,9.18E+11,"140, Mannan Circle
Nashik-798110",Kottayam,59206,13-09-2024,Inactive,10,1134.6
67271824,Liam Rama,ebains@example.com,9.13E+11,"308, Dave Chowk
Tadipatri 154537",Salem,368044,13-09-2024,Inactive,11,1765.06
23755474,Jhalak Rajagopal,rajugeetika@example.org,9.10E+11,"H.No. 888, Ranganathan Zila, Gulbarga 969531",Jodhpur,891412,13-09-2024,Premium,9,854.81
2584499,Shivansh Tata,diya19@example.com,9.14E+11,"55/121, Grewal Circle, Mehsana-928447",Ludhiana,880262,13-09-2024,Regular,2,1686.86
40692378,Chatresh Rastogi,xiti56@example.org,9.11E+11,"H.No. 83, Behl Zila
Karaikudi-818020",Jabalpur,75343,13-09-2024,New,9,1782.4
8351747,Darika Kaul,tankjeremiah@example.com,9.12E+11,"H.No. 078
Karpe Circle, Phusro-139076",Khammam,186763,13-09-2024,Regular,7,651.7
62629494,Anamika Bali,ssridhar@example.net,9.12E+11,"571, Nair Path, Nizamabad-216385",Jorhat,597801,13-09-2024,Premium,14,1504.45
85074810,Aarna Naik,jai89@example.net,9.13E+11,"47/217, Andra Road, Malegaon 699427",Bhagalpur,439383,14-09-2024,Regular,11,766.81
90346920,Idika Acharya,chaitanyatiwari@example.net,9.14E+11,"H.No. 237, Srinivas Street, Danapur 180940",Satara,677618,14-09-2024,New,1,738.13
74694186,Nisha Jhaveri,nrout@example.net,9.15E+11,"07/68
Sibal Path, Haldia 724455",Hubli–Dharwad,956627,14-09-2024,Inactive,3,1566.5
99160348,Jeremiah Sarin,kdada@example.org,9.20E+11,"982
Nayar Ganj, Haridwar 970636",Siliguri,47733,15-09-2024,Inactive,19,1550.84
93122847,Nachiket Sangha,ssabharwal@example.org,9.19E+11,"748
Kadakia Road
Thiruvananthapuram-244661",Ludhiana,537237,15-09-2024,Regular,12,1886.44
36774480,Ria Jha,alkaseth@example.com,9.19E+11,"H.No. 278, Ghosh Chowk, Berhampur 028827",Gandhidham,492281,15-09-2024,Regular,6,1470.93
27824078,Caleb Ramakrishnan,duaeshana@example.com,9.14E+11,"H.No. 454
Wali Path
Rourkela-757587",Jalna,664273,15-09-2024,Inactive,12,972.71
46369552,Keya Modi,bbumb@example.org,9.17E+11,"49/76
Bansal Path, Bangalore-861073",Jaipur,688982,16-09-2024,Regular,17,456.51
77306672,Bina Seshadri,qsaha@example.com,9.19E+11,"58
Balay Nagar, Berhampore 873691",Motihari,249750,16-09-2024,Regular,20,456.24
69089982,Daniel Reddy,rrandhawa@example.org,9.19E+11,"H.No. 55, Ganesh Ganj, Proddatur 621180",Noida,758620,16-09-2024,Inactive,5,1831.09
67896836,Om Murty,cmittal@example.net,9.11E+11,"H.No. 14
Batra Marg
Shahjahanpur 432714",Gulbarga,976912,16-09-2024,New,15,469.03
71643758,Lucky Kapoor,thakkarlavanya@example.org,9.17E+11,"869, Ganesh Marg
Kota-097284",Kottayam,445878,16-09-2024,Inactive,7,780.2
34655710,Abeer Ravel,orindernatarajan@example.net,9.10E+11,"54, Agrawal, Katni-364063",Katihar,161040,16-09-2024,Inactive,1,1620.16
9702217,David Doshi,madhavkibe@example.com,9.11E+11,"51/90
Mani Road, Muzaffarnagar-728003",Shahjahanpur,708661,17-09-2024,New,6,1209.86
49574186,Yashica Devan,nimrat27@example.com,9.11E+11,"61/77
Sinha Path, Munger-718295",Barasat,505155,17-09-2024,Premium,13,625.97
83404008,Pooja Chaudhary,kuruvillabhanumati@example.net,9.16E+11,"H.No. 88
Nayar Circle
Aizawl-692199",Berhampore,573140,17-09-2024,New,5,1391.13
84993732,Henry Modi,sampathyashodhara@example.com,9.20E+11,"026, Palla Ganj
Ramgarh 353867",Aligarh,170772,17-09-2024,Regular,1,1585.03
70168151,Akshay Dubey,toorharinakshi@example.net,9.13E+11,"62/907
Jaggi Nagar, Ahmedabad 688756",Jamalpur,336495,17-09-2024,Regular,8,493.64
80499378,Ekta Chowdhury,warindertripathi@example.net,9.16E+11,"H.No. 521
Buch, Shimla-883080",South Dumdum,642495,17-09-2024,Inactive,3,759.03
30619659,Lohit Kalla,vincent81@example.com,9.14E+11,"58/882, Ramanathan
Nashik 371218",Kochi,400041,18-09-2024,Inactive,14,1992.42
11446157,Nidhi Borra,upadhriti34@example.org,9.12E+11,"99/071, Dua Street, Sultan Pur Majra-817622",Shimoga,681393,18-09-2024,Inactive,8,400.97
6186471,Dominic Koshy,choprachanchal@example.org,9.16E+11,"22/739
Sachdev Ganj
Madanapalle-093707",Chittoor,410608,18-09-2024,New,17,1619.95
42947770,Vincent Bahri,januja43@example.com,9.19E+11,"H.No. 198
Dhingra Nagar
Raiganj-712327",Bhalswa Jahangir Pur,582630,18-09-2024,New,16,1358.53
22227829,Rehaan Patla,kala29@example.com,9.14E+11,"238
Tiwari Chowk
Tirunelveli-454482",Bhiwani,499199,18-09-2024,New,17,1386.69
17696094,Tanvi Barad,zachariaaashi@example.net,9.19E+11,"947
Master Circle
Warangal 536256",Kirari Suleman Nagar,23472,18-09-2024,New,16,1626.23
94179692,Faras Bahri,wishi97@example.org,9.13E+11,"93, Bose Path, Ghaziabad 660236",Alwar,767956,18-09-2024,New,3,1494.14
72489544,Sanaya Joshi,gsampath@example.net,9.18E+11,"H.No. 551, Bava Chowk
Madurai-398541",Siwan,332066,19-09-2024,Inactive,17,1600.17
75482,Jeet Gandhi,amrita05@example.net,9.17E+11,"95/861, Jaggi, Sikar-343285",Korba,298093,19-09-2024,Regular,13,1938.38
29272253,Brijesh Nadkarni,gaurangigarg@example.com,9.16E+11,"52
Subramaniam Road, Ozhukarai-599981",Kolhapur,373917,19-09-2024,New,18,1282.7
78750264,Krishna Choudhry,raksha27@example.com,9.20E+11,"H.No. 84
Nair Circle, Pali-386871",Ratlam,192232,19-09-2024,Inactive,7,1664.82
59252433,Vincent Raval,riya20@example.org,9.16E+11,"H.No. 212, Srinivas Chowk, Udupi-349021",Karaikudi,598368,20-09-2024,Regular,1,990.53
82989313,Finn Ghose,chanderlogan@example.org,9.15E+11,"34/85
Sandhu Path, Dharmavaram 398768",Deoghar,667126,20-09-2024,Inactive,15,1060.18
41439103,Ati Wali,avi82@example.net,9.19E+11,"76/26, Hans
Panipat-910815",Junagadh,893610,20-09-2024,Premium,6,1326.63
77903462,Madhavi Pandya,chanakyabhattacharyya@example.org,9.14E+11,"101, Upadhyay
Nagaon 684099",Thane,224382,20-09-2024,Inactive,19,206.87
76971644,Banjeet Pal,jaggigaurang@example.net,9.18E+11,"93/149, Bumb Chowk, Guwahati 790333",Thoothukudi,796020,20-09-2024,Inactive,20,1812.27
84850688,Atharv Nagar,gunbir72@example.org,9.16E+11,"97/84
Dhillon Road
Rohtak-144867",Barasat,244403,20-09-2024,Inactive,3,1862.3
70543108,Baljiwan Sampath,edwinkamala@example.com,9.19E+11,"H.No. 26
Om Circle, Bhatpara-176703",Rajahmundry,573783,20-09-2024,Regular,6,1354.97
11636968,Frado Ravel,rachitaaurora@example.org,9.19E+11,"36/97, Dutta Chowk
Bharatpur-153378",Srinagar,213214,21-09-2024,Inactive,1,1574.94
93617659,Nikita Ramanathan,arya76@example.net,9.11E+11,"346
Roy
Hyderabad 233989",Nangloi Jat,190336,21-09-2024,Regular,11,1800.81
24633671,Manan Buch,vsekhon@example.net,9.11E+11,"52
Puri Nagar
Lucknow-744371",Karnal,99625,21-09-2024,New,12,1112.03
69364309,Bhavini Chokshi,atimunshi@example.com,9.19E+11,"15/74
Dutta Circle, Faridabad-491312",Haridwar,55710,22-09-2024,Regular,6,636.83
42615134,Champak Patil,nmall@example.com,9.12E+11,"19, Sachdev, Bidar 765497",Muzaffarnagar,539257,22-09-2024,Inactive,15,1828.12
24137201,Jyoti Grewal,dattaeesha@example.net,9.12E+11,"H.No. 75, Mody Street
Dehri-430112",Haridwar,228579,22-09-2024,New,2,1399.08
2365348,Zashil Varghese,rayaan71@example.net,9.19E+11,"H.No. 059, Swamy Ganj
Thoothukudi-956774",Siwan,119006,23-09-2024,Regular,11,1133.51
84641682,Anthony Natt,devansh22@example.com,9.16E+11,"H.No. 18, Deshpande Marg
Sirsa 415949",Bhilai,103668,23-09-2024,Inactive,16,909.95
69516494,Veda Chad,nakulsani@example.org,9.15E+11,"63/911
Pandya Zila, Rohtak 316439",Kanpur,520506,23-09-2024,Regular,12,1291.92
53354003,Yatin Borra,amara94@example.org,9.10E+11,"89/528
Bhasin, Saharanpur 707355",Raiganj,821014,23-09-2024,New,13,1934.52
12059049,Jagdish Mander,wpall@example.net,9.14E+11,"47/938, Chandra
Ichalkaranji-922446",Nizamabad,696590,23-09-2024,Regular,17,235.4
13604883,Siddharth Kata,mvaidya@example.com,9.14E+11,"80/102
Raj Marg, Tadipatri-190103",Karimnagar,638908,23-09-2024,Premium,17,1659.88
40055711,Yug Mander,fchauhan@example.net,9.20E+11,"H.No. 111, Suri
Dhanbad-966241",Rampur,415727,23-09-2024,Inactive,11,278.97
11540364,Jonathan Virk,wiyer@example.net,9.19E+11,"H.No. 14, Bir Path
Ujjain 314070",Firozabad,94033,24-09-2024,New,20,517.32
33617546,Harrison Edwin,kapurtristan@example.org,9.16E+11,"084, Arora, Asansol-794979",Bhopal,755104,24-09-2024,New,12,239.2
68016312,Qarin Bera,prasadikshita@example.net,9.20E+11,"22/496, Bhatnagar Marg
Bahraich 728459",Orai,118987,24-09-2024,Regular,5,1093.92
92636025,Balendra Sidhu,cborah@example.org,9.19E+11,"53/99, Morar Path
Guntakal-505821",Ambattur,292276,24-09-2024,Inactive,14,1563.87
91566278,Keya Chadha,gdeo@example.net,9.13E+11,"18, Sura
Ratlam 964051",Burhanpur,161156,24-09-2024,Premium,5,1953.37
72359843,Leena Kala,rrai@example.com,9.14E+11,"H.No. 610, Setty Ganj
Katni 609504",Kalyan-Dombivli,739018,24-09-2024,Premium,18,888.43
2219590,Upadhriti Sandhu,comarmugdha@example.org,9.12E+11,"H.No. 054
Kala Chowk, Jamalpur-734290",Solapur,116736,24-09-2024,Regular,20,756.84
62243869,Vrishti Thakkar,gaurangiparmer@example.org,9.16E+11,"372, Sagar Marg
Tiruchirappalli-790434",Raebareli,430535,24-09-2024,Premium,7,257.78
47822591,Hema Bahri,samiazaan@example.com,9.10E+11,"941
Anne Street, Darbhanga 186125",Begusarai,621411,25-09-2024,Regular,17,1969.81
10225164,Siya Parmer,watika42@example.net,9.16E+11,"51/60
Chawla
Darbhanga-169445",Dehri,625283,25-09-2024,Inactive,20,491.07
26752630,Nakul Gade,samuel16@example.net,9.15E+11,"40/280, Balakrishnan Path, Bongaigaon 601425",Delhi,313960,25-09-2024,Inactive,5,1340.67
94033330,Prisha Tella,joshibalveer@example.org,9.16E+11,"38
Nazareth, Vadodara-354901",Visakhapatnam,609564,25-09-2024,Regular,10,1747.91
47215976,Jasmit Ganesh,urishillajain@example.org,9.13E+11,"H.No. 771, Sha Circle, Korba 949390",Jalna,91065,25-09-2024,Premium,9,842.83
9274874,Kashvi Ganguly,fray@example.org,9.19E+11,"H.No. 813
Vasa Marg
Darbhanga 804686",Arrah,271335,26-09-2024,Regular,20,792.52
2391900,Nisha Gokhale,priyasankaran@example.com,9.18E+11,"970
Oak Zila
Rajahmundry 305834",Bhagalpur,348478,26-09-2024,New,17,897.78
74174956,Hemani D’Alia,kashvisharaf@example.org,9.19E+11,"H.No. 146, Reddy Road
Eluru-595756",Latur,254231,26-09-2024,Regular,20,1583.4
33671354,Veda Chhabra,sawhneyishanvi@example.net,9.12E+11,"45/125
Lala
Ratlam 745782",Bijapur,189078,26-09-2024,Inactive,12,1908.12
7687234,Farhan Sheth,dhritijhaveri@example.com,9.17E+11,"H.No. 346, Walia Zila
Raichur-286527",Naihati,183562,27-09-2024,Inactive,18,892
52215833,Lipika Parmer,gavinprabhakar@example.net,9.10E+11,"00/455, Chakraborty Road, Jammu 801712",Sirsa,414814,27-09-2024,Regular,5,305.65
59643062,Reyansh Khatri,ishanvisuri@example.org,9.14E+11,"73/83
Saran Road
Jamshedpur 954172",Aligarh,88100,27-09-2024,Inactive,11,416.94
57642258,Gunbir Dutt,pbaria@example.com,9.15E+11,"25, Agarwal, Mumbai-047534",Etawah,558798,27-09-2024,Premium,10,1174.55
51670882,Krishna Hans,takbarkha@example.net,9.17E+11,"95/65
Nadig Circle
Belgaum-468612",Dehradun,352126,27-09-2024,Inactive,11,1351.67
49117070,Pavani Lala,tankvedhika@example.org,9.14E+11,"29, Morar Zila, Amritsar-838331",Bhubaneswar,238713,27-09-2024,Inactive,9,1495.17
16764246,Aarini Dewan,alkaseshadri@example.net,9.14E+11,"80/13, Atwal Ganj, Hubli–Dharwad 554031",Pali,638631,28-09-2024,Premium,1,1938.34
84448310,Ati Lad,tanmayi18@example.org,9.10E+11,"07/725
Warrior Path
Chittoor 204154",Mumbai,109591,28-09-2024,Regular,16,282.58
89157395,Tanmayi Saraf,doctorpraneel@example.com,9.13E+11,"H.No. 63
Badami, Deoghar-639198",Fatehpur,783489,28-09-2024,Premium,6,1782.61
30367559,Bhavna Guha,isabharwal@example.com,9.17E+11,"H.No. 38
Prabhu Nagar, Gorakhpur-773747",Aligarh,885164,29-09-2024,Regular,6,1419.6
47990044,Leela Dubey,triptisahota@example.net,9.15E+11,"H.No. 74
Buch Zila
Sambalpur 958963",Kadapa,404979,29-09-2024,New,12,1118.99
31914222,Rajeshri Lad,uraj@example.org,9.17E+11,"89, Oza Circle, Chandrapur-723479",Bhilwara,757778,29-09-2024,Inactive,4,380.49
87266831,Indira Palan,vanshachaudhari@example.net,9.14E+11,"193
Sekhon Circle
Kurnool-966962",Mirzapur,336427,29-09-2024,New,17,276.09
57548210,Alka Varughese,subramaniankrishna@example.org,9.16E+11,"52/68
Kibe Circle, Korba 159640",Erode,401443,29-09-2024,Inactive,10,709.43
63292875,Guneet Borah,dev66@example.org,9.19E+11,"094
Kala Zila, Tiruchirappalli-999978",Noida,980046,30-09-2024,Premium,18,1756.08
5228136,Oeshi Mallick,hardikkrishna@example.org,9.20E+11,"H.No. 16, Krishnan Marg
Naihati-647090",Ambarnath,314449,30-09-2024,Premium,19,500.17
54139038,Wahab Balan,anjali90@example.com,9.16E+11,"016
Lata Circle
Hubli–Dharwad 127880",Dibrugarh,888729,30-09-2024,Inactive,10,1689.41
8241122,Tristan Zachariah,jmane@example.org,9.19E+11,"68/77
Bajaj Zila, Alappuzha-525010",Ambarnath,314766,30-09-2024,Inactive,12,833.32
,,,,,,,,,,
,,,,,,,,,,
,,,,,,,,,,
,,,,,,,,,,
,,,,,,,,,,
,,,,,,,,,,
,,,,,,,,,,
,,,,,,,,,,
,,,,,,,,,,
,,,,,,,,,,
,,,,,,,,,,
,,,,,,,,,,
,,,,,,,,,,
,,,,,,,,,,
,,,,,,,,,,
,,,,,,,,,,
,,,,,,,,,,
,,,,,,,,,,
,,,,,,,,,,
,,,,,,,,,,
,,,,,,,,,,
,,,,,,,,,,
,,,,,,,,,,
,,,,,,,,,,
,,,,,,,,,,
,,,,,,,,,,
,,,,,,,,,,
,,,,,,,,,,
,,,,,,,,,,
,,,,,,,,,,
,,,,,,,,,,
,,,,,,,,,,
,,,,,,,,,,
,,,,,,,,,,
,,,,,,,,,,
,,,,,,,,,,
,,,,,,,,,,
,,,,,,,,,,
,,,,,,,,,,
,,,,,,,,,,
,,,,,,,,,,
,,,,,,,,,,
,,,,,,,,,,
,,,,,,,,,,
,,,,,,,,,,
,,,,,,,,,,
,,,,,,,,,,
,,,,,,,,,,
,,,,,,,,,,
,,,,,,,,,,
,,,,,,,,,,
,,,,,,,,,,
,,,,,,,,,,
,,,,,,,,,,
,,,,,,,,,,
,,,,,,,,,,
,,,,,,,,,,
,,,,,,,,,,
,,,,,,,,,,
,,,,,,,,,,
,,,,,,,,,,
,,,,,,,,,,
,,,,,,,,,,
,,,,,,,,,,
,,,,,,,,,,
,,,,,,,,,,
,,,,,,,,,,
,,,,,,,,,,
,,,,,,,,,,
,,,,,,,,,,
,,,,,,,,,,
,,,,,,,,,,
,,,,,,,,,,
,,,,,,,,,,
,,,,,,,,,,
,,,,,,,,,,
,,,,,,,,,,
,,,,,,,,,,
,,,,,,,,,,
,,,,,,,,,,
,,,,,,,,,,
,,,,,,,,,,
,,,,,,,,,,
,,,,,,,,,,
,,,,,,,,,,
,,,,,,,,,,
,,,,,,,,,,
,,,,,,,,,,
,,,,,,,,,,
,,,,,,,,,,
,,,,,,,,,,
,,,,,,,,,,
,,,,,,,,,,
,,,,,,,,,,
,,,,,,,,,,
,,,,,,,,,,
,,,,,,,,,,
,,,,,,,,,,
,,,,,,,,,,
,,,,,,,,,,
,,,,,,,,,,
,,,,,,,,,,
,,,,,,,,,,
,,,,,,,,,,
,,,,,,,,,,
,,,,,,,,,,
,,,,,,,,,,
,,,,,,,,,,
,,,,,,,,,,
,,,,,,,,,,
,,,,,,,,,,
,,,,,,,,,,
,,,,,,,,,,
,,,,,,,,,,
,,,,,,,,,,
,,,,,,,,,,
,,,,,,,,,,
,,,,,,,,,,
,,,,,,,,,,
,,,,,,,,,,
,,,,,,,,,,
,,,,,,,,,,
,,,,,,,,,,
,,,,,,,,,,
,,,,,,,,,,
,,,,,,,,,,
,,,,,,,,,,
,,,,,,,,,,
,,,,,,,,,,
,,,,,,,,,,
,,,,,,,,,,
,,,,,,,,,,
,,,,,,,,,,
,,,,,,,,,,
,,,,,,,,,,
,,,,,,,,,,
,,,,,,,,,,
,,,,,,,,,,
,,,,,,,,,,
,,,,,,,,,,
,,,,,,,,,,
,,,,,,,,,,
,,,,,,,,,,
,,,,,,,,,,
,,,,,,,,,,
,,,,,,,,,,
,,,,,,,,,,
,,,,,,,,,,
,,,,,,,,,,
,,,,,,,,,,
,,,,,,,,,,
,,,,,,,,,,
,,,,,,,,,,
,,,,,,,,,,
,,,,,,,,,,
,,,,,,,,,,
,,,,,,,,,,
