feedback_id,order_id,customer_id,rating,feedback_text,feedback_category,sentiment,feedback_date
3049810,3850416839,57081917,4,"Average experience, could improve.",App Experience,Neutral,01-07-2024
8007377,5161988291,65618148,1,Not worth the price I paid.,Delivery,Negative,01-07-2024
5523244,186083059,67829645,5,Items were in perfect condition.,Delivery,Positive,01-07-2024
1278370,1391881327,50557979,1,Customer service was not helpful.,Customer Service,Negative,01-07-2024
8078398,9400852015,44149982,4,The product met my expectations.,Product Quality,Neutral,01-07-2024
3366563,2103613260,67528368,1,Delivery was late and I was unhappy.,App Experience,Negative,01-07-2024
8585711,7323157341,16543242,3,I had a bad experience.,App Experience,Negative,01-07-2024
7693641,4122736828,47590944,3,The product met my expectations.,Delivery,Neutral,02-07-2024
8141929,6056126973,48765625,3,Delivery was late and I was unhappy.,App Experience,Negative,02-07-2024
4523234,6645415772,64906311,4,Will definitely order again.,Delivery,Positive,02-07-2024
85893,4479421205,3893903,4,Very fresh and well-packaged.,Customer Service,Positive,02-07-2024
6754002,9214595868,98211325,4,"Delivery was fine, but the product could be better.",Delivery,Neutral,02-07-2024
7557691,6126334783,6150721,3,Very disappointed with the quality.,Customer Service,Negative,03-07-2024
9323347,7900224799,68692574,3,Items were missing from my order.,App Experience,Negative,03-07-2024
9370393,8971796779,21786873,3,"Delivery was fine, but the product could be better.",Delivery,Neutral,03-07-2024
5387189,7456610316,74231111,2,Items were missing from my order.,Customer Service,Negative,03-07-2024
7594075,6994560237,96109948,5,Very happy with the service!,Customer Service,Positive,03-07-2024
2665736,3513524740,1301661,1,Very disappointed with the quality.,Customer Service,Negative,03-07-2024
7469474,1252810532,42102289,5,"Overall good experience, thank you!",App Experience,Positive,03-07-2024
5093913,7060468800,83867512,1,Customer service was not helpful.,Delivery,Negative,03-07-2024
8352349,4688831157,13071673,4,"Nothing to complain about, but nothing exceptional.",Product Quality,Neutral,03-07-2024
6959173,3946852375,96253172,3,Customer service was not helpful.,Product Quality,Negative,04-07-2024
2354061,9064682961,17597449,4,The product met my expectations.,Customer Service,Neutral,04-07-2024
663206,2845954128,31324823,4,"Average experience, could improve.",Product Quality,Neutral,04-07-2024
5709964,819853692,32656885,3,The product met my expectations.,App Experience,Neutral,04-07-2024
8676486,4243307535,8886587,2,Not worth the price I paid.,Customer Service,Negative,04-07-2024
1320563,5051330893,74230420,4,"Overall good experience, thank you!",App Experience,Positive,04-07-2024
8809496,2416767295,767523,3,The packaging was poor.,Customer Service,Negative,05-07-2024
8408734,9588500388,84448310,3,"Delivery was fine, but the product could be better.",Customer Service,Neutral,05-07-2024
690686,7513562596,88130777,4,Items were in perfect condition.,App Experience,Positive,05-07-2024
1970888,7217765772,5238055,4,"Nothing to complain about, but nothing exceptional.",Product Quality,Neutral,05-07-2024
8958720,9506078962,27336589,4,"Nothing to complain about, but nothing exceptional.",Customer Service,Neutral,05-07-2024
8789199,8721540965,38902882,3,Delivery was late and I was unhappy.,Customer Service,Negative,05-07-2024
4023586,8917116859,91562028,4,"Delivery was fine, but the product could be better.",App Experience,Neutral,05-07-2024
5131050,3856301920,63339001,5,"Excellent quality, will buy again!",Delivery,Positive,05-07-2024
1137648,6791931269,38133873,1,Items were missing from my order.,App Experience,Negative,05-07-2024
5641000,756168939,54923640,1,Not worth the price I paid.,Delivery,Negative,05-07-2024
5022964,2276505075,12769552,5,Great prices and fast delivery!,App Experience,Positive,05-07-2024
3182946,8675579025,44409533,4,"Average experience, could improve.",Delivery,Neutral,06-07-2024
8676901,1963703928,77007315,3,"Average experience, could improve.",Delivery,Neutral,06-07-2024
4791684,5262508570,42781544,3,Taste was not as expected.,Customer Service,Negative,06-07-2024
7874507,7967974077,45066676,4,"It was okay, nothing special.",Customer Service,Neutral,06-07-2024
2916512,4922364507,79628054,4,Great prices and fast delivery!,Delivery,Positive,06-07-2024
603426,7261119579,65903057,4,"It was okay, nothing special.",App Experience,Neutral,06-07-2024
770300,455878765,55733729,2,Delivery was late and I was unhappy.,Customer Service,Negative,06-07-2024
5664217,379494532,9650263,5,Very happy with the service!,Customer Service,Positive,07-07-2024
2681578,8172695964,45323391,3,"Average experience, could improve.",Customer Service,Neutral,07-07-2024
8494396,622705569,93723634,5,Great prices and fast delivery!,Customer Service,Positive,07-07-2024
5527888,7251548462,8955057,3,"Nothing to complain about, but nothing exceptional.",Product Quality,Neutral,07-07-2024
5959972,3180415318,22076522,3,"It was okay, nothing special.",Delivery,Neutral,07-07-2024
1237429,4642824835,76327561,3,Delivery was late and I was unhappy.,Product Quality,Negative,07-07-2024
4850145,989452284,79773912,5,"Excellent quality, will buy again!",Product Quality,Positive,07-07-2024
2351331,5473002872,44030130,3,"Delivery was fine, but the product could be better.",Delivery,Neutral,07-07-2024
7344868,3191672889,88223261,3,The product met my expectations.,Customer Service,Neutral,07-07-2024
5918905,5374978054,64932019,4,Great prices and fast delivery!,App Experience,Positive,08-07-2024
5317931,2921310646,40117357,1,Not worth the price I paid.,Product Quality,Negative,08-07-2024
2656395,6363072906,29095552,4,"It was okay, nothing special.",Product Quality,Neutral,08-07-2024
1777784,6260291784,75038062,4,"Delivery was fine, but the product could be better.",Customer Service,Neutral,08-07-2024
7406288,3259266120,35049420,4,"It was okay, nothing special.",Delivery,Neutral,08-07-2024
4660606,7114775833,68965787,3,"Average experience, could improve.",Product Quality,Neutral,08-07-2024
960721,6292969164,45477575,5,Good selection of products.,Delivery,Positive,09-07-2024
3029243,8723752267,13494314,2,Very disappointed with the quality.,Delivery,Negative,09-07-2024
8086499,9743228131,34839913,1,Not worth the price I paid.,Customer Service,Negative,09-07-2024
3277902,4632027192,64162093,4,The product met my expectations.,Customer Service,Neutral,09-07-2024
8218608,692127479,67538982,1,Product was damaged during delivery.,Delivery,Negative,09-07-2024
6206880,1058609445,51341672,4,Will definitely order again.,Product Quality,Positive,09-07-2024
2214877,5174370629,31156674,3,Customer service was not helpful.,App Experience,Negative,09-07-2024
4604799,1270503169,8791577,3,Customer service was not helpful.,Delivery,Negative,09-07-2024
5829925,5415454466,79369660,4,"Nothing to complain about, but nothing exceptional.",Product Quality,Neutral,09-07-2024
1193824,4501870609,16082651,4,"Delivery was fine, but the product could be better.",Customer Service,Neutral,10-07-2024
8823743,1719134546,25665997,2,Items were missing from my order.,Delivery,Negative,10-07-2024
8490631,8214365128,42012717,4,Items were in perfect condition.,App Experience,Positive,10-07-2024
505660,5516201271,73661993,1,Product was damaged during delivery.,Delivery,Negative,10-07-2024
42109,6917020296,34655710,1,I had a bad experience.,App Experience,Negative,10-07-2024
142997,5805120939,12277039,5,"Excellent quality, will buy again!",Customer Service,Positive,10-07-2024
461007,2485933387,21573815,3,Product was damaged during delivery.,Product Quality,Negative,10-07-2024
7379069,6818660907,38420886,5,"Excellent quality, will buy again!",Product Quality,Positive,10-07-2024
1878165,6788500162,48033969,4,"Nothing to complain about, but nothing exceptional.",Delivery,Neutral,10-07-2024
5079562,9260334793,15487049,1,I had a bad experience.,Product Quality,Negative,10-07-2024
1580186,8620144614,20122449,3,The order was incorrect.,Product Quality,Negative,10-07-2024
9527175,341580530,45804389,3,The product met my expectations.,App Experience,Neutral,10-07-2024
6887307,4993169316,90649019,5,Good selection of products.,Product Quality,Positive,10-07-2024
7080415,506804807,9107360,5,"Overall good experience, thank you!",Product Quality,Positive,10-07-2024
3902960,1279200190,84468124,3,The product met my expectations.,Product Quality,Neutral,10-07-2024
1730581,8132845656,4597433,3,"It was okay, nothing special.",App Experience,Neutral,10-07-2024
5691325,3420357591,86444757,4,"Nothing to complain about, but nothing exceptional.",App Experience,Neutral,10-07-2024
6813661,2087093460,59329145,4,"Delivery was fine, but the product could be better.",Delivery,Neutral,11-07-2024
2704664,5418735913,10210309,1,I had a bad experience.,Customer Service,Negative,11-07-2024
2882544,7217049550,24137201,3,"Nothing to complain about, but nothing exceptional.",Product Quality,Neutral,11-07-2024
7534424,5168057633,45477575,5,Good selection of products.,App Experience,Positive,11-07-2024
1338602,7035343259,63310076,5,Items were in perfect condition.,Delivery,Positive,11-07-2024
4863033,6095091385,34839913,4,The product met my expectations.,Customer Service,Neutral,11-07-2024
7669412,7997347191,31813,3,Product was damaged during delivery.,App Experience,Negative,11-07-2024
4838671,558163882,39317905,3,Not worth the price I paid.,Product Quality,Negative,11-07-2024
3300971,7809866112,3999964,1,Delivery was late and I was unhappy.,Product Quality,Negative,11-07-2024
9289593,5682081545,57340963,5,Very fresh and well-packaged.,Delivery,Positive,11-07-2024
1628493,7216662926,76327561,5,Very happy with the service!,App Experience,Positive,11-07-2024
2533889,4308216668,6335221,5,Good selection of products.,App Experience,Positive,11-07-2024
5441493,6652395897,60904312,3,Not worth the price I paid.,App Experience,Negative,11-07-2024
4383631,2622709030,50781611,1,Items were missing from my order.,Customer Service,Negative,11-07-2024
673112,7589464630,91196901,5,Good selection of products.,Delivery,Positive,12-07-2024
7716158,2653966619,52428250,5,Great prices and fast delivery!,Product Quality,Positive,12-07-2024
6616924,2272882287,25641500,5,"Overall good experience, thank you!",Product Quality,Positive,12-07-2024
9128606,6340807810,57537308,4,The product met my expectations.,Product Quality,Neutral,12-07-2024
1424791,1766291529,74682740,4,"Overall good experience, thank you!",App Experience,Positive,12-07-2024
5274905,4770739350,61753272,5,"Excellent quality, will buy again!",Delivery,Positive,12-07-2024
2432399,147066568,44149982,3,The product met my expectations.,Customer Service,Neutral,12-07-2024
930170,4314105605,34787383,5,Great prices and fast delivery!,Delivery,Positive,12-07-2024
7669095,7690500286,35349582,5,Customer service was very helpful.,Customer Service,Positive,12-07-2024
9741709,9039440500,64298209,3,I had a bad experience.,Product Quality,Negative,12-07-2024
4689320,486724008,12415659,4,"It was okay, nothing special.",Product Quality,Neutral,12-07-2024
8068149,7147677361,97475543,1,Taste was not as expected.,Delivery,Negative,12-07-2024
1055307,964822979,88520326,3,Delivery was late and I was unhappy.,Product Quality,Negative,13-07-2024
8711449,1409544327,86444757,3,Not worth the price I paid.,Customer Service,Negative,13-07-2024
6988923,9717018638,73679086,3,"Average experience, could improve.",Delivery,Neutral,13-07-2024
6765832,6595898122,67896836,3,"Delivery was fine, but the product could be better.",Customer Service,Neutral,13-07-2024
5298431,5990129875,87160527,5,Great prices and fast delivery!,Customer Service,Positive,13-07-2024
8174698,2364229435,69339331,5,Items were in perfect condition.,Product Quality,Positive,13-07-2024
3148730,7282397914,97825663,3,"Average experience, could improve.",App Experience,Neutral,14-07-2024
7566701,7402491996,92509376,4,Items were in perfect condition.,Product Quality,Positive,14-07-2024
1773233,7454643275,18229949,3,"Nothing to complain about, but nothing exceptional.",Customer Service,Neutral,14-07-2024
542263,2102402075,30317733,4,Good selection of products.,Delivery,Positive,14-07-2024
5116156,2282234185,94706375,3,Taste was not as expected.,Product Quality,Negative,14-07-2024
7607345,7258243894,72797175,5,Items were in perfect condition.,Delivery,Positive,14-07-2024
6011954,3007616042,77869660,2,The packaging was poor.,Customer Service,Negative,14-07-2024
5272684,3387165389,376144,1,The order was incorrect.,App Experience,Negative,14-07-2024
8681426,1643011737,32585389,5,Items were in perfect condition.,Product Quality,Positive,14-07-2024
5617790,3219761206,44589829,2,Product was damaged during delivery.,Product Quality,Negative,14-07-2024
3382712,7891205593,10562528,3,I had a bad experience.,Customer Service,Negative,14-07-2024
3233069,1375867721,4862761,1,Customer service was not helpful.,Delivery,Negative,15-07-2024
1002741,7875587578,60967677,1,Delivery was late and I was unhappy.,Customer Service,Negative,15-07-2024
6203968,327291657,67729191,5,Highly recommended!,Delivery,Positive,15-07-2024
3522911,5390352336,13462905,4,Very fresh and well-packaged.,Delivery,Positive,15-07-2024
5785812,3576529840,13383642,5,Good selection of products.,Customer Service,Positive,15-07-2024
4257042,5222677885,31582950,2,Delivery was late and I was unhappy.,App Experience,Negative,15-07-2024
1592140,804414742,42781544,3,The order was incorrect.,Product Quality,Negative,15-07-2024
2074845,3381573131,67386193,1,Delivery was late and I was unhappy.,Delivery,Negative,16-07-2024
2127842,8532411923,57360162,3,Very disappointed with the quality.,App Experience,Negative,16-07-2024
9721776,2847236502,6812439,5,Great prices and fast delivery!,Product Quality,Positive,16-07-2024
2224152,6376147802,60495351,4,"Nothing to complain about, but nothing exceptional.",Customer Service,Neutral,16-07-2024
4523320,168067196,11071601,3,"Average experience, could improve.",App Experience,Neutral,16-07-2024
2264744,2878422829,84641682,5,Very happy with the service!,Delivery,Positive,16-07-2024
3236002,3142198801,49152878,1,Customer service was not helpful.,App Experience,Negative,16-07-2024
6436332,6932431317,79206969,3,Taste was not as expected.,Customer Service,Negative,16-07-2024
8899737,6626994121,44223796,5,Very happy with the service!,Customer Service,Positive,16-07-2024
2234710,1961864118,30065862,4,"It was okay, nothing special.",Delivery,Neutral,17-07-2024
2703135,7026479520,81994445,3,Items were missing from my order.,Customer Service,Negative,17-07-2024
9463247,5706043483,63360864,4,Will definitely order again.,Delivery,Positive,17-07-2024
3189037,8542325207,9573071,1,I had a bad experience.,Product Quality,Negative,17-07-2024
5393889,1592757566,78903046,4,The product met my expectations.,App Experience,Neutral,17-07-2024
2043914,9419789569,8733344,3,"Nothing to complain about, but nothing exceptional.",App Experience,Neutral,17-07-2024
8701560,8196173573,59110513,3,"Nothing to complain about, but nothing exceptional.",Product Quality,Neutral,17-07-2024
1012515,4621664126,5386246,1,Product was damaged during delivery.,Customer Service,Negative,17-07-2024
606894,2452915406,96806748,4,Will definitely order again.,Customer Service,Positive,17-07-2024
7949582,1912293606,49433260,5,"Excellent quality, will buy again!",Customer Service,Positive,17-07-2024
2302167,963715332,21948041,4,"Nothing to complain about, but nothing exceptional.",Customer Service,Neutral,18-07-2024
270589,2772154780,50899600,5,"Excellent quality, will buy again!",Customer Service,Positive,18-07-2024
2714845,5967495442,77086074,3,"Average experience, could improve.",Product Quality,Neutral,18-07-2024
1436132,3682284811,96009692,3,"Average experience, could improve.",Delivery,Neutral,18-07-2024
5762414,6478815087,22293666,2,The order was incorrect.,Product Quality,Negative,18-07-2024
9733548,5116898322,73377004,4,The product met my expectations.,Product Quality,Neutral,18-07-2024
2395160,9398719862,14991661,1,Customer service was not helpful.,Delivery,Negative,19-07-2024
5156705,1247978468,97484394,1,The order was incorrect.,Customer Service,Negative,19-07-2024
936864,5195999941,52757321,4,"Delivery was fine, but the product could be better.",Customer Service,Neutral,19-07-2024
635640,6284076508,74179536,1,Very disappointed with the quality.,Delivery,Negative,19-07-2024
4319900,6610120274,89910157,3,"It was okay, nothing special.",App Experience,Neutral,19-07-2024
9766944,3985829990,81808190,4,Items were in perfect condition.,Customer Service,Positive,19-07-2024
1280415,4764056827,8025622,5,Will definitely order again.,Delivery,Positive,19-07-2024
9391824,6751537971,98444183,4,Great prices and fast delivery!,Customer Service,Positive,19-07-2024
868833,962864152,24357425,4,"Nothing to complain about, but nothing exceptional.",Customer Service,Neutral,19-07-2024
1563690,6438773635,67302239,5,Customer service was very helpful.,Delivery,Positive,19-07-2024
89109,6131680348,83701325,2,Very disappointed with the quality.,Delivery,Negative,19-07-2024
5581175,1337510774,80800079,4,The product met my expectations.,App Experience,Neutral,19-07-2024
3629147,3253225736,61753272,1,Very disappointed with the quality.,Product Quality,Negative,19-07-2024
450524,3158340906,48002829,4,"It was okay, nothing special.",Customer Service,Neutral,19-07-2024
4588207,4054816025,29584848,4,The product met my expectations.,Customer Service,Neutral,19-07-2024
7425205,4516009647,99361865,3,Items were missing from my order.,Customer Service,Negative,19-07-2024
6472024,4331471900,59094034,2,The order was incorrect.,Product Quality,Negative,20-07-2024
6815745,9184012674,54139038,3,"Average experience, could improve.",Delivery,Neutral,20-07-2024
7142181,5195997912,29562072,3,The product met my expectations.,Customer Service,Neutral,20-07-2024
4822494,7598489331,84066402,2,The packaging was poor.,App Experience,Negative,20-07-2024
4420247,9494303116,98858383,4,Will definitely order again.,Product Quality,Positive,21-07-2024
25577,6850221497,21270783,4,Good selection of products.,Customer Service,Positive,21-07-2024
3839071,1523343168,80862136,4,Very happy with the service!,Customer Service,Positive,21-07-2024
5150934,1584863963,61877649,4,"Average experience, could improve.",Customer Service,Neutral,21-07-2024
5510018,2326500581,24308515,2,Customer service was not helpful.,App Experience,Negative,21-07-2024
6139293,6371336060,8241122,1,Customer service was not helpful.,Product Quality,Negative,21-07-2024
3458028,6104211214,62816600,2,Very disappointed with the quality.,Customer Service,Negative,21-07-2024
7313609,3527621284,86636273,4,"Nothing to complain about, but nothing exceptional.",App Experience,Neutral,21-07-2024
4970110,2012368621,71252391,3,"Delivery was fine, but the product could be better.",Customer Service,Neutral,21-07-2024
974082,8710393245,32564478,5,Will definitely order again.,App Experience,Positive,21-07-2024
9678367,3560549947,42465414,3,"Average experience, could improve.",App Experience,Neutral,21-07-2024
9884263,3136508414,13585482,4,The product met my expectations.,Delivery,Neutral,22-07-2024
2561468,6704773223,81420960,3,The product met my expectations.,Product Quality,Neutral,22-07-2024
1117369,8024667539,31622158,2,Product was damaged during delivery.,Product Quality,Negative,22-07-2024
8905833,6217777735,12059049,4,"Average experience, could improve.",Delivery,Neutral,22-07-2024
3208756,621213006,43377076,4,Good selection of products.,App Experience,Positive,22-07-2024
4595410,1785144322,8025622,2,Very disappointed with the quality.,App Experience,Negative,22-07-2024
8931519,1686508921,47215976,5,Great prices and fast delivery!,Delivery,Positive,22-07-2024
6698473,5678362658,58513300,3,The order was incorrect.,App Experience,Negative,22-07-2024
4857169,6277344634,11202130,2,Customer service was not helpful.,Customer Service,Negative,23-07-2024
3486386,392038758,24144240,4,Will definitely order again.,Product Quality,Positive,23-07-2024
7089200,4352870279,60620291,4,"Average experience, could improve.",App Experience,Neutral,23-07-2024
4245262,8147959428,31000129,5,Good selection of products.,App Experience,Positive,23-07-2024
2322560,6595041423,57291761,3,"Delivery was fine, but the product could be better.",App Experience,Neutral,23-07-2024
1447100,6051792089,68906393,3,I had a bad experience.,Customer Service,Negative,23-07-2024
3254755,3739042166,92416428,4,"Delivery was fine, but the product could be better.",App Experience,Neutral,23-07-2024
698609,9051644316,30447453,2,Product was damaged during delivery.,App Experience,Negative,23-07-2024
9398381,6798661163,3730316,4,Highly recommended!,Customer Service,Positive,23-07-2024
902714,5521682945,26303194,4,Very fresh and well-packaged.,Product Quality,Positive,24-07-2024
5741711,5532838325,6982488,4,"It was okay, nothing special.",App Experience,Neutral,24-07-2024
4337801,8149944548,16436359,4,"It was okay, nothing special.",Delivery,Neutral,24-07-2024
1024022,5069524975,90246977,3,Product was damaged during delivery.,Product Quality,Negative,24-07-2024
9388876,1134990529,63971358,5,Customer service was very helpful.,App Experience,Positive,24-07-2024
3929259,3373390154,68703613,1,I had a bad experience.,Product Quality,Negative,24-07-2024
6670600,932482893,81088747,4,"It was okay, nothing special.",Customer Service,Neutral,24-07-2024
2588228,5458784818,79672044,2,Taste was not as expected.,Customer Service,Negative,24-07-2024
9968197,7561642939,75739462,4,Good selection of products.,Product Quality,Positive,24-07-2024
3624049,8158068874,64403005,5,Highly recommended!,Customer Service,Positive,25-07-2024
2306581,3674118222,32868927,4,Will definitely order again.,Customer Service,Positive,25-07-2024
2738650,9410751894,44859592,4,The product met my expectations.,Product Quality,Neutral,25-07-2024
8655854,8318806722,67696145,1,The packaging was poor.,Delivery,Negative,25-07-2024
3153160,6048321120,24357425,4,"Excellent quality, will buy again!",App Experience,Positive,25-07-2024
8440388,5128739359,57081917,4,"Delivery was fine, but the product could be better.",Product Quality,Neutral,25-07-2024
1109573,2407168640,78254569,5,Very fresh and well-packaged.,App Experience,Positive,25-07-2024
9907249,3115167739,83304571,4,Highly recommended!,Delivery,Positive,25-07-2024
5840376,9753528654,61522288,3,The product met my expectations.,Product Quality,Neutral,26-07-2024
4859714,1646665366,51387106,2,Taste was not as expected.,Delivery,Negative,26-07-2024
5621884,676412814,57291761,4,"Delivery was fine, but the product could be better.",Customer Service,Neutral,26-07-2024
9788368,7882742057,32293017,4,Will definitely order again.,Delivery,Positive,26-07-2024
3300958,2387509904,63310076,3,The product met my expectations.,Product Quality,Neutral,26-07-2024
1957484,4932779616,90021871,1,Not worth the price I paid.,Delivery,Negative,26-07-2024
7213081,1380510406,54338574,3,Not worth the price I paid.,Delivery,Negative,27-07-2024
5624036,1315064289,74735607,4,"Nothing to complain about, but nothing exceptional.",Product Quality,Neutral,27-07-2024
6973629,5296157775,99231937,5,Items were in perfect condition.,Delivery,Positive,27-07-2024
1918439,2069355540,98540377,3,The product met my expectations.,Delivery,Neutral,27-07-2024
384802,1883324334,76327561,5,Great prices and fast delivery!,Delivery,Positive,27-07-2024
686396,3475041787,34425723,4,The product met my expectations.,Delivery,Neutral,27-07-2024
2400571,277376321,89784343,4,Great prices and fast delivery!,App Experience,Positive,28-07-2024
4541842,1923226423,39042103,3,"It was okay, nothing special.",Product Quality,Neutral,28-07-2024
1322588,1297341963,70230254,3,"Delivery was fine, but the product could be better.",Product Quality,Neutral,28-07-2024
8288367,9981950902,39153585,3,The product met my expectations.,Product Quality,Neutral,28-07-2024
3059574,4233626614,24043135,1,Not worth the price I paid.,Customer Service,Negative,28-07-2024
9745124,9991338690,98444183,1,Taste was not as expected.,Delivery,Negative,29-07-2024
7270078,35135941,28205701,4,The product met my expectations.,App Experience,Neutral,29-07-2024
9309562,9514917126,43599910,5,Very happy with the service!,Delivery,Positive,29-07-2024
9327414,8204766849,76020843,5,Highly recommended!,Product Quality,Positive,29-07-2024
4136028,5809441378,51872499,5,Customer service was very helpful.,Product Quality,Positive,29-07-2024
3528257,1205823348,79478655,5,Items were in perfect condition.,Delivery,Positive,29-07-2024
8770514,5368005763,84824280,3,The order was incorrect.,App Experience,Negative,30-07-2024
8520319,1731478314,67215939,1,Taste was not as expected.,App Experience,Negative,30-07-2024
6644516,8755280486,2566268,3,Not worth the price I paid.,Delivery,Negative,30-07-2024
8608395,9892343037,55472026,1,Not worth the price I paid.,App Experience,Negative,31-07-2024
5246542,3962007460,93458307,3,Not worth the price I paid.,Delivery,Negative,31-07-2024
2535594,7985347262,22483684,4,"Overall good experience, thank you!",Customer Service,Positive,31-07-2024
6994032,3775683944,57217288,3,"Nothing to complain about, but nothing exceptional.",Product Quality,Neutral,31-07-2024
4191143,5395870775,18394558,4,Very happy with the service!,Product Quality,Positive,01-08-2024
8666461,1519072771,70615775,4,"It was okay, nothing special.",Delivery,Neutral,01-08-2024
8368694,227511348,11775073,4,"Average experience, could improve.",Product Quality,Neutral,01-08-2024
9488724,3111414152,56195475,5,Great prices and fast delivery!,App Experience,Positive,01-08-2024
3864692,5144793312,59518795,3,"Average experience, could improve.",App Experience,Neutral,01-08-2024
4603544,7081583361,39093069,3,Delivery was late and I was unhappy.,Customer Service,Negative,01-08-2024
791612,608179182,87220860,2,Taste was not as expected.,Delivery,Negative,01-08-2024
3340753,9021754099,23844919,4,"Delivery was fine, but the product could be better.",Product Quality,Neutral,01-08-2024
3728661,3588229485,29973346,2,I had a bad experience.,App Experience,Negative,01-08-2024
511301,7530379037,99729547,4,"Nothing to complain about, but nothing exceptional.",Customer Service,Neutral,02-08-2024
7266707,502764834,96903782,4,"Excellent quality, will buy again!",App Experience,Positive,02-08-2024
982797,6009732867,6982488,4,"It was okay, nothing special.",App Experience,Neutral,02-08-2024
4017037,6821790656,66710182,3,I had a bad experience.,App Experience,Negative,03-08-2024
6568431,4757133884,34655710,4,"Average experience, could improve.",App Experience,Neutral,03-08-2024
4529790,2463627380,24644542,3,"Nothing to complain about, but nothing exceptional.",Delivery,Neutral,03-08-2024
2311904,613578154,53974737,2,Delivery was late and I was unhappy.,Customer Service,Negative,03-08-2024
7076780,4606856320,57102800,4,The product met my expectations.,Delivery,Neutral,03-08-2024
1170860,6264003424,26863280,2,Taste was not as expected.,App Experience,Negative,03-08-2024
4382390,8395583761,1989720,4,Great prices and fast delivery!,App Experience,Positive,04-08-2024
7023379,6964586050,4597433,1,Delivery was late and I was unhappy.,Delivery,Negative,04-08-2024
1223481,6638513435,32809328,4,Very happy with the service!,Customer Service,Positive,04-08-2024
7821651,1488430001,67092149,2,Items were missing from my order.,Delivery,Negative,04-08-2024
656832,7269785858,47939657,4,"Nothing to complain about, but nothing exceptional.",Product Quality,Neutral,04-08-2024
3780969,705203916,58929595,4,"It was okay, nothing special.",Product Quality,Neutral,04-08-2024
1782995,343300311,37095171,4,"Overall good experience, thank you!",Product Quality,Positive,04-08-2024
2365660,7691723645,93675757,3,The order was incorrect.,Customer Service,Negative,04-08-2024
9877604,1565942558,40858753,2,The packaging was poor.,App Experience,Negative,04-08-2024
1675986,2343495895,2584499,3,The product met my expectations.,Delivery,Neutral,04-08-2024
1649092,8674445072,50080663,1,The packaging was poor.,Product Quality,Negative,04-08-2024
9971179,913881994,13251137,4,"Nothing to complain about, but nothing exceptional.",App Experience,Neutral,04-08-2024
4928116,1286821727,32003512,3,"Delivery was fine, but the product could be better.",Product Quality,Neutral,04-08-2024
7679222,4284285927,92843141,3,"It was okay, nothing special.",Product Quality,Neutral,04-08-2024
5033644,329790912,76925460,2,Delivery was late and I was unhappy.,App Experience,Negative,04-08-2024
2957775,9047652469,71902700,4,"Delivery was fine, but the product could be better.",App Experience,Neutral,05-08-2024
1952997,9957728938,25915909,4,Items were in perfect condition.,Customer Service,Positive,05-08-2024
2078359,6366048116,78732957,5,Will definitely order again.,Product Quality,Positive,05-08-2024
4167530,2244679313,4458329,3,"It was okay, nothing special.",Customer Service,Neutral,05-08-2024
292488,9949334146,73363613,4,Items were in perfect condition.,Product Quality,Positive,05-08-2024
3717587,5733572517,5039883,5,Great prices and fast delivery!,App Experience,Positive,05-08-2024
7460499,6223087303,65570302,5,Customer service was very helpful.,Customer Service,Positive,05-08-2024
7557504,3440579647,89950235,4,Highly recommended!,Customer Service,Positive,05-08-2024
2730099,6185824257,1816969,2,I had a bad experience.,App Experience,Negative,05-08-2024
9072707,159394992,35358395,4,Items were in perfect condition.,App Experience,Positive,06-08-2024
3923366,7021309133,59353207,3,"Average experience, could improve.",App Experience,Neutral,06-08-2024
6312641,5351904164,97411107,4,The product met my expectations.,Delivery,Neutral,06-08-2024
7138726,3480516243,23567263,4,Highly recommended!,Product Quality,Positive,06-08-2024
7174582,881900445,34567918,1,Taste was not as expected.,Customer Service,Negative,06-08-2024
6408703,7255510932,62526813,1,I had a bad experience.,App Experience,Negative,06-08-2024
7977109,3629321763,79369660,4,"Delivery was fine, but the product could be better.",App Experience,Neutral,06-08-2024
4118129,8278568103,28876580,4,"Overall good experience, thank you!",App Experience,Positive,06-08-2024
9699379,6493039553,90150193,3,The product met my expectations.,Customer Service,Neutral,06-08-2024
8345455,1049830215,44828791,3,Items were missing from my order.,Customer Service,Negative,06-08-2024
1851131,5909879259,82594354,5,Very fresh and well-packaged.,App Experience,Positive,06-08-2024
8266029,7876289647,98858383,4,The product met my expectations.,Delivery,Neutral,07-08-2024
6658998,9587315528,66440188,2,The order was incorrect.,Delivery,Negative,07-08-2024
7750774,1645212433,67918495,4,Customer service was very helpful.,Delivery,Positive,07-08-2024
5359859,2109410707,19741509,5,"Overall good experience, thank you!",App Experience,Positive,07-08-2024
589797,1930645698,35554129,4,"It was okay, nothing special.",Product Quality,Neutral,07-08-2024
4848501,5645359563,87160527,2,Delivery was late and I was unhappy.,App Experience,Negative,08-08-2024
4523289,5482913265,88324928,4,"Average experience, could improve.",App Experience,Neutral,08-08-2024
1253043,4823026749,34835738,2,Items were missing from my order.,Product Quality,Negative,08-08-2024
6122779,902245665,44828791,5,Good selection of products.,Customer Service,Positive,08-08-2024
3862988,8047256000,17805991,3,"Nothing to complain about, but nothing exceptional.",Delivery,Neutral,08-08-2024
3438230,4305377896,19216141,5,Good selection of products.,Delivery,Positive,08-08-2024
5525089,8884235937,20298398,5,Very fresh and well-packaged.,Product Quality,Positive,09-08-2024
8509910,174306009,87457446,4,Items were in perfect condition.,Delivery,Positive,09-08-2024
3344920,1143763031,52075070,5,"Overall good experience, thank you!",App Experience,Positive,09-08-2024
8142511,1530472691,82169898,3,"It was okay, nothing special.",Product Quality,Neutral,09-08-2024
2479913,9434934993,92027021,2,Product was damaged during delivery.,Customer Service,Negative,09-08-2024
330892,4737779056,43980719,5,Very happy with the service!,Delivery,Positive,09-08-2024
129950,8153845667,30192942,1,Product was damaged during delivery.,Customer Service,Negative,09-08-2024
3285644,3287815959,73061709,4,"It was okay, nothing special.",Delivery,Neutral,09-08-2024
206837,6904233594,65514005,3,"Nothing to complain about, but nothing exceptional.",Customer Service,Neutral,09-08-2024
3838759,1670694517,92356639,3,"It was okay, nothing special.",Product Quality,Neutral,09-08-2024
7510576,3665443705,14330483,2,Customer service was not helpful.,Product Quality,Negative,09-08-2024
5028,8830321199,93341057,5,Very fresh and well-packaged.,Product Quality,Positive,10-08-2024
6340020,1039229544,93730857,4,The product met my expectations.,Customer Service,Neutral,10-08-2024
6572292,5912729079,90919603,4,"It was okay, nothing special.",Customer Service,Neutral,10-08-2024
9775764,3624810422,42366724,2,The packaging was poor.,Customer Service,Negative,10-08-2024
1241527,8146956033,44888581,3,Very disappointed with the quality.,Customer Service,Negative,10-08-2024
9083592,2491374111,2361575,4,"Nothing to complain about, but nothing exceptional.",Delivery,Neutral,10-08-2024
6773477,3668828731,72889295,2,Very disappointed with the quality.,App Experience,Negative,10-08-2024
9231018,9389677233,99714944,5,Customer service was very helpful.,Delivery,Positive,10-08-2024
8714597,7120372196,40727086,4,Will definitely order again.,Product Quality,Positive,10-08-2024
4120305,3192177869,59252433,3,Very disappointed with the quality.,Customer Service,Negative,10-08-2024
9105016,5972410040,19179897,3,"Nothing to complain about, but nothing exceptional.",App Experience,Neutral,11-08-2024
6779760,3792751421,2414265,2,Very disappointed with the quality.,Product Quality,Negative,11-08-2024
4603850,8922741261,22133362,4,Customer service was very helpful.,Delivery,Positive,11-08-2024
4847758,1966056265,63802820,3,Taste was not as expected.,Product Quality,Negative,11-08-2024
6171781,852676412,65570302,4,"Excellent quality, will buy again!",App Experience,Positive,11-08-2024
4685732,2762095386,84066402,4,The product met my expectations.,Customer Service,Neutral,11-08-2024
206603,1382880255,94078407,2,The order was incorrect.,Product Quality,Negative,11-08-2024
5584189,8814435884,69908484,4,Customer service was very helpful.,Delivery,Positive,11-08-2024
5396591,7781884407,90666073,4,Very fresh and well-packaged.,App Experience,Positive,11-08-2024
4954209,4825558658,41008070,3,"Nothing to complain about, but nothing exceptional.",App Experience,Neutral,11-08-2024
3379600,4791895461,63793401,5,Will definitely order again.,Product Quality,Positive,11-08-2024
49570,125551624,14693393,5,Good selection of products.,Customer Service,Positive,12-08-2024
3857869,5015358514,4057678,3,"Average experience, could improve.",Customer Service,Neutral,12-08-2024
1299237,4076039325,27604184,5,"Overall good experience, thank you!",Customer Service,Positive,12-08-2024
9081467,3634813810,32527479,3,The product met my expectations.,Product Quality,Neutral,12-08-2024
9662863,4552636670,74313592,5,Highly recommended!,Customer Service,Positive,12-08-2024
580890,3588296877,83404008,5,Good selection of products.,App Experience,Positive,13-08-2024
7032053,4553785640,94486311,3,"Nothing to complain about, but nothing exceptional.",Product Quality,Neutral,13-08-2024
5710913,1456792223,80875034,3,"It was okay, nothing special.",Customer Service,Neutral,13-08-2024
3680667,2214666083,66427343,4,"Nothing to complain about, but nothing exceptional.",App Experience,Neutral,13-08-2024
3895127,9972678893,45033270,1,Very disappointed with the quality.,Product Quality,Negative,13-08-2024
977874,3917847107,90665975,3,"Nothing to complain about, but nothing exceptional.",App Experience,Neutral,13-08-2024
9606913,9328056960,81229704,4,Items were in perfect condition.,App Experience,Positive,14-08-2024
1899061,842020543,99231937,4,The product met my expectations.,Product Quality,Neutral,14-08-2024
4878540,7133253616,14940427,5,"Overall good experience, thank you!",App Experience,Positive,14-08-2024
1231699,8824559505,88553721,5,Items were in perfect condition.,Product Quality,Positive,14-08-2024
6732189,1174382816,773410,3,"It was okay, nothing special.",Customer Service,Neutral,14-08-2024
8525956,7763036477,26285589,3,The product met my expectations.,Product Quality,Neutral,14-08-2024
8779672,5155256671,19523856,4,Good selection of products.,App Experience,Positive,14-08-2024
8747347,8997415290,85490177,4,"Delivery was fine, but the product could be better.",Customer Service,Neutral,14-08-2024
2822882,8368819094,42432226,2,Not worth the price I paid.,App Experience,Negative,15-08-2024
426070,1222236371,88517890,2,The packaging was poor.,Customer Service,Negative,15-08-2024
5634256,3285378238,66943324,4,"Average experience, could improve.",App Experience,Neutral,15-08-2024
8014010,3246505078,45481936,4,Good selection of products.,Customer Service,Positive,15-08-2024
5575749,8025728977,26912171,4,Very happy with the service!,Customer Service,Positive,15-08-2024
8019607,9639033064,20314691,4,Customer service was very helpful.,Product Quality,Positive,15-08-2024
1774624,9237698013,79895967,1,Not worth the price I paid.,Product Quality,Negative,15-08-2024
8647784,6537694730,75490147,5,Customer service was very helpful.,Customer Service,Positive,15-08-2024
4753532,1461081366,13604883,3,"Nothing to complain about, but nothing exceptional.",App Experience,Neutral,15-08-2024
385418,4711642504,76850859,1,Items were missing from my order.,Delivery,Negative,15-08-2024
7387709,8194268842,17929886,3,"Nothing to complain about, but nothing exceptional.",App Experience,Neutral,15-08-2024
898054,530870056,39140039,5,Very happy with the service!,Delivery,Positive,15-08-2024
8933652,7311288658,48358028,2,The packaging was poor.,Customer Service,Negative,15-08-2024
3502561,934908369,53299455,1,The order was incorrect.,Delivery,Negative,15-08-2024
2601837,9582674091,34237583,4,"It was okay, nothing special.",Delivery,Neutral,16-08-2024
1818906,2747350024,75860724,3,I had a bad experience.,Product Quality,Negative,16-08-2024
6835200,4265447949,6150721,4,"Average experience, could improve.",Delivery,Neutral,16-08-2024
505293,3080291353,93937586,4,Will definitely order again.,Customer Service,Positive,16-08-2024
1694264,3806545110,1200365,3,The order was incorrect.,Product Quality,Negative,17-08-2024
2158528,8347207794,34853377,4,"It was okay, nothing special.",Customer Service,Neutral,17-08-2024
9149279,1377599881,48481702,2,Not worth the price I paid.,Product Quality,Negative,17-08-2024
877092,6384745391,37095171,3,"Average experience, could improve.",Product Quality,Neutral,17-08-2024
57096,1495517558,96373206,5,Items were in perfect condition.,Customer Service,Positive,17-08-2024
5258032,8803314647,93938425,3,"Average experience, could improve.",Product Quality,Neutral,17-08-2024
5469967,8394536341,6459100,2,Delivery was late and I was unhappy.,Product Quality,Negative,17-08-2024
2891765,3000018472,24104630,2,Not worth the price I paid.,Customer Service,Negative,18-08-2024
8945284,5497551107,41647393,2,Taste was not as expected.,Product Quality,Negative,18-08-2024
7675531,8884389971,95858939,1,The order was incorrect.,App Experience,Negative,18-08-2024
4842110,3632715912,66135710,1,Items were missing from my order.,Product Quality,Negative,18-08-2024
9219270,2988215377,46802633,3,"It was okay, nothing special.",App Experience,Neutral,18-08-2024
2924899,5424536852,18035010,2,Not worth the price I paid.,Customer Service,Negative,18-08-2024
6642426,6244736404,8791577,4,Great prices and fast delivery!,App Experience,Positive,19-08-2024
4668145,5604135912,11478478,2,Product was damaged during delivery.,Customer Service,Negative,19-08-2024
2667736,7196559586,85658166,4,The product met my expectations.,App Experience,Neutral,19-08-2024
49225,679196318,18642306,4,Items were in perfect condition.,Delivery,Positive,19-08-2024
5539145,2254923956,80696046,4,"Delivery was fine, but the product could be better.",Product Quality,Neutral,19-08-2024
562344,8701796,14479168,3,"Delivery was fine, but the product could be better.",Customer Service,Neutral,19-08-2024
2868057,8395661807,4386273,4,Will definitely order again.,Customer Service,Positive,19-08-2024
2166040,6083457185,80571942,4,"It was okay, nothing special.",Product Quality,Neutral,19-08-2024
8469697,4856827800,43784632,4,"Nothing to complain about, but nothing exceptional.",Product Quality,Neutral,20-08-2024
4744641,766789724,60446619,3,"Average experience, could improve.",Delivery,Neutral,20-08-2024
8667711,2062715135,13197985,1,Product was damaged during delivery.,App Experience,Negative,20-08-2024
4318185,9741958794,13164195,3,Very disappointed with the quality.,Product Quality,Negative,20-08-2024
9873588,9947619677,6398761,3,Delivery was late and I was unhappy.,Product Quality,Negative,20-08-2024
4988262,4548721519,93018527,2,The packaging was poor.,Customer Service,Negative,20-08-2024
4813244,1855924568,33472376,5,Great prices and fast delivery!,App Experience,Positive,20-08-2024
8241448,210693801,71235336,3,Product was damaged during delivery.,Customer Service,Negative,21-08-2024
124895,2468550508,59620534,5,"Excellent quality, will buy again!",Customer Service,Positive,21-08-2024
7936833,9806464912,31981068,4,Great prices and fast delivery!,App Experience,Positive,21-08-2024
8488480,4447978623,31076002,5,"Overall good experience, thank you!",Delivery,Positive,21-08-2024
3754335,5566617391,81822935,4,Customer service was very helpful.,Delivery,Positive,21-08-2024
2041930,9328094731,77086539,3,Items were missing from my order.,App Experience,Negative,21-08-2024
7404702,5437627061,58505903,4,"Average experience, could improve.",Customer Service,Neutral,22-08-2024
1158659,592358946,54952806,1,The order was incorrect.,Delivery,Negative,22-08-2024
2192142,9193945481,28277304,5,"Excellent quality, will buy again!",Delivery,Positive,22-08-2024
6159321,8070127087,27709218,2,Customer service was not helpful.,Product Quality,Negative,22-08-2024
8848282,3079758919,16410155,3,Product was damaged during delivery.,Product Quality,Negative,22-08-2024
4740952,5592928753,46875863,3,"Nothing to complain about, but nothing exceptional.",App Experience,Neutral,23-08-2024
265991,4417542973,84937877,5,Good selection of products.,Product Quality,Positive,23-08-2024
1908816,3426702134,50229203,4,"Nothing to complain about, but nothing exceptional.",Delivery,Neutral,23-08-2024
974795,5780280518,74230420,2,Not worth the price I paid.,Customer Service,Negative,23-08-2024
9925798,3901338038,63238941,5,Will definitely order again.,App Experience,Positive,23-08-2024
1401262,1117730990,96640716,4,"Nothing to complain about, but nothing exceptional.",Product Quality,Neutral,23-08-2024
6233073,2738466605,49147776,3,Delivery was late and I was unhappy.,Delivery,Negative,23-08-2024
8883212,274320517,18567760,4,Good selection of products.,App Experience,Positive,23-08-2024
8384299,6423269418,30643619,3,Taste was not as expected.,Customer Service,Negative,23-08-2024
4293678,1464736195,15830066,4,"Average experience, could improve.",Customer Service,Neutral,23-08-2024
8349571,8162867215,25713335,1,Customer service was not helpful.,App Experience,Negative,24-08-2024
4901338,4607715908,59095971,3,"Average experience, could improve.",Customer Service,Neutral,24-08-2024
268937,9508359721,3002538,4,"It was okay, nothing special.",App Experience,Neutral,24-08-2024
4433337,7166787473,97928541,3,Very disappointed with the quality.,Product Quality,Negative,24-08-2024
9115271,5054937065,9274874,1,Product was damaged during delivery.,Customer Service,Negative,24-08-2024
518878,9442939134,92245432,4,The product met my expectations.,App Experience,Neutral,24-08-2024
6399504,305684588,46876240,1,I had a bad experience.,Customer Service,Negative,25-08-2024
5606625,9628463148,12814732,5,"Excellent quality, will buy again!",Product Quality,Positive,25-08-2024
9531448,1954493018,41612464,4,"Average experience, could improve.",App Experience,Neutral,25-08-2024
6549194,3697060283,57642258,3,"It was okay, nothing special.",Delivery,Neutral,25-08-2024
1601958,8861557989,52913011,3,"Delivery was fine, but the product could be better.",App Experience,Neutral,25-08-2024
609791,5455295163,46989310,2,Taste was not as expected.,Product Quality,Negative,25-08-2024
4473522,2285302205,13251137,4,"Delivery was fine, but the product could be better.",Product Quality,Neutral,25-08-2024
3551968,8003807551,76917159,3,Items were missing from my order.,Product Quality,Negative,25-08-2024
4676563,3896922017,9274874,2,The packaging was poor.,Delivery,Negative,25-08-2024
5230626,8375863419,76971644,4,"Excellent quality, will buy again!",Customer Service,Positive,26-08-2024
9979648,7238138072,32929817,1,I had a bad experience.,Product Quality,Negative,26-08-2024
1464580,5271947935,1601161,3,"It was okay, nothing special.",Customer Service,Neutral,26-08-2024
7316281,4473653758,4597433,3,The product met my expectations.,Product Quality,Neutral,26-08-2024
7617381,9958741781,95971469,4,"Delivery was fine, but the product could be better.",Product Quality,Neutral,26-08-2024
3384833,7762624518,22738465,5,Great prices and fast delivery!,Customer Service,Positive,26-08-2024
3024438,7155177625,2566268,4,The product met my expectations.,Customer Service,Neutral,26-08-2024
671484,3801240688,18256339,4,"Nothing to complain about, but nothing exceptional.",Delivery,Neutral,26-08-2024
2930893,4386246924,69632084,3,Very disappointed with the quality.,Delivery,Negative,27-08-2024
6301325,1488561572,75928073,4,"Delivery was fine, but the product could be better.",App Experience,Neutral,27-08-2024
2701343,4319342350,99160348,4,Will definitely order again.,App Experience,Positive,27-08-2024
3589571,9127879048,75490147,3,Very disappointed with the quality.,Product Quality,Negative,27-08-2024
7151992,5271866987,10562528,3,"Nothing to complain about, but nothing exceptional.",Product Quality,Neutral,27-08-2024
7669334,2715902884,67711384,1,Not worth the price I paid.,Delivery,Negative,27-08-2024
2534781,1359318731,72675976,3,"Delivery was fine, but the product could be better.",App Experience,Neutral,27-08-2024
2849428,9945458771,8733344,1,I had a bad experience.,Customer Service,Negative,27-08-2024
2876943,5442705208,38420886,5,Very fresh and well-packaged.,App Experience,Positive,27-08-2024
5448415,6026842782,75928073,5,Great prices and fast delivery!,Customer Service,Positive,27-08-2024
2695814,824869105,66943324,5,Highly recommended!,Delivery,Positive,27-08-2024
5284957,9080432189,50080663,2,Customer service was not helpful.,Product Quality,Negative,27-08-2024
8067240,7373931740,49117070,4,"Nothing to complain about, but nothing exceptional.",Product Quality,Neutral,27-08-2024
6561881,7825714018,56548063,3,Taste was not as expected.,Delivery,Negative,27-08-2024
9928580,3719294769,64316806,1,Delivery was late and I was unhappy.,Product Quality,Negative,27-08-2024
2821305,4224700084,11478478,4,"Nothing to complain about, but nothing exceptional.",Delivery,Neutral,28-08-2024
5850548,807167715,26521850,2,I had a bad experience.,Product Quality,Negative,28-08-2024
8774877,6844277478,47577193,4,"Nothing to complain about, but nothing exceptional.",Product Quality,Neutral,28-08-2024
6548273,69932727,83236183,4,"Delivery was fine, but the product could be better.",Product Quality,Neutral,28-08-2024
1832641,1746921111,56604077,4,"It was okay, nothing special.",App Experience,Neutral,28-08-2024
5730284,6948607495,18259715,4,"Nothing to complain about, but nothing exceptional.",App Experience,Neutral,28-08-2024
4748833,7709366480,91024604,1,Taste was not as expected.,Delivery,Negative,28-08-2024
9293839,3817617199,29525287,1,Product was damaged during delivery.,App Experience,Negative,28-08-2024
6892019,5084771819,6344345,4,The product met my expectations.,App Experience,Neutral,29-08-2024
8492311,971081962,73428596,4,Good selection of products.,Customer Service,Positive,29-08-2024
8235376,7919863938,4378755,3,"It was okay, nothing special.",Delivery,Neutral,29-08-2024
5458271,443178123,56248757,3,Delivery was late and I was unhappy.,Customer Service,Negative,29-08-2024
4526565,2155491764,77869660,1,Items were missing from my order.,Product Quality,Negative,29-08-2024
8893880,8341286014,31076002,1,Product was damaged during delivery.,Customer Service,Negative,29-08-2024
9510291,8158413630,15066187,4,"Delivery was fine, but the product could be better.",Customer Service,Neutral,30-08-2024
4202428,6642374542,32019725,5,Great prices and fast delivery!,Customer Service,Positive,30-08-2024
5852690,7359512417,96511007,3,Very disappointed with the quality.,App Experience,Negative,30-08-2024
8006370,6299539090,80796977,3,"Nothing to complain about, but nothing exceptional.",Product Quality,Neutral,30-08-2024
3661083,8986314607,11047835,4,Very happy with the service!,Customer Service,Positive,30-08-2024
1672142,1762287720,94404245,4,Very happy with the service!,Customer Service,Positive,30-08-2024
4948436,225195662,76202036,1,Items were missing from my order.,Customer Service,Negative,30-08-2024
1460075,3948498236,35402531,2,Not worth the price I paid.,Delivery,Negative,30-08-2024
5068146,8952275304,81174361,3,Very disappointed with the quality.,App Experience,Negative,31-08-2024
8223518,1752712049,56195475,4,"Delivery was fine, but the product could be better.",App Experience,Neutral,31-08-2024
6208391,4353485612,77007315,3,Customer service was not helpful.,Customer Service,Negative,31-08-2024
3397646,2359692348,5418547,4,Very fresh and well-packaged.,App Experience,Positive,31-08-2024
6378461,3367452972,61020,3,"It was okay, nothing special.",App Experience,Neutral,31-08-2024
1873050,6312811061,51661209,1,Product was damaged during delivery.,Delivery,Negative,31-08-2024
819181,8371900149,99893898,4,Will definitely order again.,App Experience,Positive,31-08-2024
673936,4686249863,21701991,1,Product was damaged during delivery.,Customer Service,Negative,31-08-2024
4776205,6668508959,15144290,4,Good selection of products.,App Experience,Positive,31-08-2024
51560,7216524192,72605638,3,Customer service was not helpful.,Customer Service,Negative,01-09-2024
7565757,3777009463,25829710,3,"Delivery was fine, but the product could be better.",Delivery,Neutral,01-09-2024
9718178,2278004109,99301505,4,"Delivery was fine, but the product could be better.",App Experience,Neutral,01-09-2024
253961,4458723519,38902882,5,Very fresh and well-packaged.,Customer Service,Positive,01-09-2024
1038308,9090769419,66485571,4,Will definitely order again.,Delivery,Positive,02-09-2024
5629046,1479730711,90647204,4,"Average experience, could improve.",Product Quality,Neutral,02-09-2024
1347300,1930286155,51034600,4,"It was okay, nothing special.",Customer Service,Neutral,02-09-2024
324284,8273236145,85763665,3,"Average experience, could improve.",Delivery,Neutral,02-09-2024
9876858,4374285559,53399500,3,"Nothing to complain about, but nothing exceptional.",Product Quality,Neutral,02-09-2024
2320395,7064377287,26716400,4,Very fresh and well-packaged.,Product Quality,Positive,02-09-2024
9538895,5637567433,91562028,4,"Delivery was fine, but the product could be better.",Customer Service,Neutral,02-09-2024
1706687,8891340263,87718744,3,Product was damaged during delivery.,Customer Service,Negative,02-09-2024
3715026,970377475,48167795,5,Will definitely order again.,Delivery,Positive,03-09-2024
9951202,1523729855,54730270,3,The packaging was poor.,Product Quality,Negative,03-09-2024
4598422,6755367585,54057428,4,"Nothing to complain about, but nothing exceptional.",Customer Service,Neutral,03-09-2024
7485105,701250513,10240052,2,Customer service was not helpful.,App Experience,Negative,03-09-2024
5745866,8974710941,96109948,5,Will definitely order again.,Delivery,Positive,03-09-2024
9664520,8701531535,52613657,1,Delivery was late and I was unhappy.,Delivery,Negative,03-09-2024
1583974,8866977450,97509888,1,Not worth the price I paid.,Customer Service,Negative,03-09-2024
2521458,8619795820,98687927,1,Delivery was late and I was unhappy.,Product Quality,Negative,04-09-2024
4421683,8397785448,67952740,4,Highly recommended!,App Experience,Positive,04-09-2024
654537,7435895360,77217240,4,The product met my expectations.,Delivery,Neutral,04-09-2024
5390765,597447215,39957741,4,"Nothing to complain about, but nothing exceptional.",Customer Service,Neutral,04-09-2024
2144837,6786199145,21701991,5,Will definitely order again.,Delivery,Positive,04-09-2024
5980855,4295420935,97185284,3,The product met my expectations.,Product Quality,Neutral,04-09-2024
6112415,2719670578,95382317,5,Good selection of products.,Delivery,Positive,04-09-2024
7169425,4923840119,60049160,5,"Overall good experience, thank you!",App Experience,Positive,04-09-2024
5898159,3538455450,77345018,4,"Delivery was fine, but the product could be better.",App Experience,Neutral,05-09-2024
2267899,8508253527,31233120,2,Delivery was late and I was unhappy.,App Experience,Negative,05-09-2024
2957464,4741294126,66354642,4,Very happy with the service!,App Experience,Positive,05-09-2024
8156234,7292898570,26285589,5,Customer service was very helpful.,Customer Service,Positive,05-09-2024
9060771,6331483812,97411107,3,"Delivery was fine, but the product could be better.",Product Quality,Neutral,06-09-2024
8388648,3542041943,55007963,5,Items were in perfect condition.,App Experience,Positive,06-09-2024
5921423,4961830447,3408982,3,"Nothing to complain about, but nothing exceptional.",App Experience,Neutral,06-09-2024
445517,7266772806,79942821,1,Very disappointed with the quality.,App Experience,Negative,06-09-2024
7997014,9431652023,59890331,1,Customer service was not helpful.,Product Quality,Negative,06-09-2024
6198579,8968945932,67386193,5,Items were in perfect condition.,Product Quality,Positive,07-09-2024
2934013,7784811086,53332493,4,"Excellent quality, will buy again!",Product Quality,Positive,07-09-2024
8671275,8750169461,96989204,2,I had a bad experience.,Delivery,Negative,07-09-2024
758812,9651034668,70615775,4,Highly recommended!,App Experience,Positive,07-09-2024
909118,8683154153,89986926,4,"Nothing to complain about, but nothing exceptional.",Product Quality,Neutral,07-09-2024
5791538,698439139,75038062,4,The product met my expectations.,Customer Service,Neutral,07-09-2024
4762584,2209550085,56457995,3,Product was damaged during delivery.,App Experience,Negative,07-09-2024
2421781,1001900652,30367559,5,Very happy with the service!,Product Quality,Positive,08-09-2024
8987424,559245731,68941950,4,"Delivery was fine, but the product could be better.",Delivery,Neutral,08-09-2024
5363730,1018255782,2219590,4,"It was okay, nothing special.",Product Quality,Neutral,08-09-2024
9403741,7453442245,77869660,3,Product was damaged during delivery.,Product Quality,Negative,08-09-2024
3387790,8615999186,96001315,1,Items were missing from my order.,Delivery,Negative,08-09-2024
8973364,4510488834,90586443,5,Items were in perfect condition.,Product Quality,Positive,08-09-2024
780998,8022279737,83058329,3,Not worth the price I paid.,App Experience,Negative,08-09-2024
7614027,776562418,54923640,1,The packaging was poor.,Product Quality,Negative,08-09-2024
3137059,782338627,73639935,3,The product met my expectations.,Product Quality,Neutral,08-09-2024
4443076,6367757670,33617546,3,"Delivery was fine, but the product could be better.",Customer Service,Neutral,08-09-2024
2642662,2405929115,14940427,1,I had a bad experience.,Customer Service,Negative,09-09-2024
3052466,1944466212,70798876,4,Good selection of products.,Product Quality,Positive,09-09-2024
378316,5924297360,59197894,3,"It was okay, nothing special.",Product Quality,Neutral,09-09-2024
8802412,4084790776,75674671,4,"Overall good experience, thank you!",Customer Service,Positive,09-09-2024
2361738,1793847102,93563435,3,Delivery was late and I was unhappy.,Customer Service,Negative,09-09-2024
8673081,3968840556,93723634,4,Great prices and fast delivery!,App Experience,Positive,09-09-2024
6645152,3560912801,20163931,3,"It was okay, nothing special.",Product Quality,Neutral,09-09-2024
4915026,6656246719,19180962,1,Very disappointed with the quality.,Product Quality,Negative,09-09-2024
7543481,4874880100,67271824,4,"Average experience, could improve.",Delivery,Neutral,09-09-2024
3679449,6107283203,87444738,5,Very happy with the service!,Delivery,Positive,09-09-2024
1458528,4620484274,58111297,3,"Average experience, could improve.",Customer Service,Neutral,10-09-2024
5723757,9171089443,46185579,1,Product was damaged during delivery.,Customer Service,Negative,10-09-2024
5723232,7873234939,31923338,3,Product was damaged during delivery.,Delivery,Negative,10-09-2024
7353695,5438961669,37245065,5,Very fresh and well-packaged.,App Experience,Positive,10-09-2024
1917447,1602396548,11063505,3,Not worth the price I paid.,Delivery,Negative,10-09-2024
6363264,6779895105,64535602,5,Items were in perfect condition.,Delivery,Positive,10-09-2024
3734391,1714709914,86067293,4,Very fresh and well-packaged.,Customer Service,Positive,10-09-2024
3758874,2582466700,65368179,4,Very fresh and well-packaged.,Customer Service,Positive,10-09-2024
160530,3284797515,13164195,5,Great prices and fast delivery!,Product Quality,Positive,10-09-2024
6582203,2676353168,25595836,2,Customer service was not helpful.,Delivery,Negative,10-09-2024
5826968,3890111511,68965787,3,"Delivery was fine, but the product could be better.",Product Quality,Neutral,10-09-2024
2538635,5145256852,57770044,3,"Delivery was fine, but the product could be better.",Customer Service,Neutral,10-09-2024
4707258,3292929952,29272253,2,Product was damaged during delivery.,Delivery,Negative,10-09-2024
7883212,1736212920,9401406,2,Items were missing from my order.,Product Quality,Negative,10-09-2024
7882585,5879579208,41261495,5,Items were in perfect condition.,Product Quality,Positive,10-09-2024
384801,7601638642,32426778,1,Very disappointed with the quality.,Delivery,Negative,10-09-2024
3287642,7985418058,35302195,4,"Average experience, could improve.",App Experience,Neutral,10-09-2024
1687980,5937934264,90346920,5,Highly recommended!,App Experience,Positive,11-09-2024
811082,4949766982,99734256,1,Very disappointed with the quality.,Product Quality,Negative,11-09-2024
5945755,7305871805,96629034,4,"Overall good experience, thank you!",App Experience,Positive,11-09-2024
5595938,3915323515,32987624,3,"Average experience, could improve.",Customer Service,Neutral,11-09-2024
6124739,4132900691,42262168,4,"It was okay, nothing special.",Product Quality,Neutral,11-09-2024
1610547,4479973293,68965787,3,"Delivery was fine, but the product could be better.",App Experience,Neutral,11-09-2024
2368789,8706556166,84953008,3,"It was okay, nothing special.",Delivery,Neutral,11-09-2024
1365646,5527612319,14632090,4,Great prices and fast delivery!,Customer Service,Positive,12-09-2024
6182560,615391848,65570302,3,Very disappointed with the quality.,App Experience,Negative,12-09-2024
5412085,4848863693,63217390,1,Product was damaged during delivery.,Customer Service,Negative,12-09-2024
5434624,1643234106,37691544,2,Customer service was not helpful.,Product Quality,Negative,12-09-2024
5950845,4602796463,22047134,2,Items were missing from my order.,Delivery,Negative,12-09-2024
5791997,6124624375,26844216,4,The product met my expectations.,Delivery,Neutral,12-09-2024
9113801,9395228070,40275138,4,Good selection of products.,Product Quality,Positive,12-09-2024
7811505,9282982332,97873848,2,Very disappointed with the quality.,App Experience,Negative,12-09-2024
4110927,7662682121,1562083,3,Delivery was late and I was unhappy.,Delivery,Negative,12-09-2024
492875,6074743537,32797235,5,"Excellent quality, will buy again!",Product Quality,Positive,12-09-2024
6829824,3684167813,46563355,4,"Nothing to complain about, but nothing exceptional.",Customer Service,Neutral,13-09-2024
9066926,4357632507,6150721,1,I had a bad experience.,Customer Service,Negative,13-09-2024
2676559,5922953060,96628029,5,Very fresh and well-packaged.,Product Quality,Positive,13-09-2024
8997243,7741314063,32054313,2,Items were missing from my order.,Customer Service,Negative,13-09-2024
7065122,6485627928,59769142,3,"It was okay, nothing special.",Delivery,Neutral,13-09-2024
42984,1124359689,97825663,3,Very disappointed with the quality.,Product Quality,Negative,13-09-2024
1755551,8126970833,14161586,4,"Average experience, could improve.",Delivery,Neutral,14-09-2024
3227569,397928918,71902700,4,"Average experience, could improve.",Customer Service,Neutral,14-09-2024
9205336,6438392384,29562072,5,Customer service was very helpful.,Delivery,Positive,14-09-2024
904561,6000890622,62828341,2,Taste was not as expected.,Customer Service,Negative,14-09-2024
747049,1617927874,84993732,3,"It was okay, nothing special.",Customer Service,Neutral,14-09-2024
9063564,6962915277,54748429,1,Taste was not as expected.,Delivery,Negative,14-09-2024
3837580,4593039089,50015282,3,"It was okay, nothing special.",Delivery,Neutral,14-09-2024
2897563,2865872281,49970560,4,Very fresh and well-packaged.,App Experience,Positive,14-09-2024
521542,9072111617,49985597,2,The packaging was poor.,App Experience,Negative,15-09-2024
9463798,5389250154,94179692,4,"Delivery was fine, but the product could be better.",App Experience,Neutral,15-09-2024
7999928,1191540022,69863493,4,"Average experience, could improve.",Delivery,Neutral,15-09-2024
9872966,7682359398,36833857,3,The product met my expectations.,Customer Service,Neutral,15-09-2024
235951,8096169523,66768157,4,Great prices and fast delivery!,Customer Service,Positive,15-09-2024
2335450,192109127,82854537,4,Customer service was very helpful.,Delivery,Positive,16-09-2024
5166281,5750044154,11636968,3,"Nothing to complain about, but nothing exceptional.",App Experience,Neutral,16-09-2024
6743516,2215235447,88215615,4,"Nothing to complain about, but nothing exceptional.",Delivery,Neutral,16-09-2024
7379581,495091707,56457995,5,Highly recommended!,App Experience,Positive,16-09-2024
8346187,7272011740,54139038,4,"Excellent quality, will buy again!",App Experience,Positive,16-09-2024
5712941,4012779165,84641682,1,Product was damaged during delivery.,Delivery,Negative,16-09-2024
5313010,2127080399,84468124,2,The order was incorrect.,Product Quality,Negative,16-09-2024
5615234,3442984170,55472026,2,Taste was not as expected.,Product Quality,Negative,16-09-2024
2182984,4319450104,7288562,2,Very disappointed with the quality.,Customer Service,Negative,16-09-2024
9708237,2827266949,93675757,5,Very happy with the service!,Delivery,Positive,17-09-2024
5386596,1312767771,26412689,3,I had a bad experience.,Delivery,Negative,17-09-2024
8197033,8939040193,59141605,3,Items were missing from my order.,Product Quality,Negative,17-09-2024
2986134,5058742647,29562254,5,Very fresh and well-packaged.,Delivery,Positive,17-09-2024
4032465,1193525681,60399360,3,"Delivery was fine, but the product could be better.",Product Quality,Neutral,17-09-2024
6978013,9846277624,78732957,5,Great prices and fast delivery!,Product Quality,Positive,17-09-2024
9193816,3200474667,15631726,3,Very disappointed with the quality.,App Experience,Negative,17-09-2024
8538209,5581013292,97557157,3,Not worth the price I paid.,Product Quality,Negative,17-09-2024
1929925,8175826750,22076522,1,The order was incorrect.,Delivery,Negative,17-09-2024
9691887,8257032403,17805991,3,"Average experience, could improve.",App Experience,Neutral,18-09-2024
100920,4641905606,40667183,3,The order was incorrect.,Delivery,Negative,18-09-2024
3130596,812386333,72605638,1,Not worth the price I paid.,Customer Service,Negative,18-09-2024
8957885,5387395051,37095171,3,"Average experience, could improve.",Delivery,Neutral,18-09-2024
6140938,6638429050,75739462,1,Taste was not as expected.,Product Quality,Negative,18-09-2024
4470528,1227108607,69242672,3,I had a bad experience.,Delivery,Negative,18-09-2024
1307315,9503959018,31084686,4,Good selection of products.,Customer Service,Positive,18-09-2024
6376996,992848455,44269569,4,"Delivery was fine, but the product could be better.",Product Quality,Neutral,18-09-2024
377737,1506599381,77345018,5,Customer service was very helpful.,App Experience,Positive,18-09-2024
3755168,4561602092,53624677,4,Great prices and fast delivery!,Delivery,Positive,18-09-2024
6053670,3604982656,59207798,5,Good selection of products.,Product Quality,Positive,19-09-2024
1330308,2973976544,96795047,4,"Overall good experience, thank you!",Product Quality,Positive,19-09-2024
249866,8982211913,23984022,5,Very fresh and well-packaged.,App Experience,Positive,19-09-2024
8543930,523916986,66761643,4,"Delivery was fine, but the product could be better.",Delivery,Neutral,19-09-2024
8885288,8539612501,22846435,4,Customer service was very helpful.,Product Quality,Positive,20-09-2024
1026588,4597359399,57967753,5,Very happy with the service!,App Experience,Positive,20-09-2024
7857610,7919748594,75213636,4,Very fresh and well-packaged.,App Experience,Positive,20-09-2024
3793719,2719816862,85074810,2,Not worth the price I paid.,Product Quality,Negative,20-09-2024
9020278,7004560997,81994445,5,Customer service was very helpful.,Delivery,Positive,20-09-2024
9561182,7401889152,15733078,3,"Average experience, could improve.",Delivery,Neutral,20-09-2024
6101593,5695198653,29562254,5,Customer service was very helpful.,Delivery,Positive,20-09-2024
9017197,5012271549,73061709,2,Product was damaged during delivery.,App Experience,Negative,21-09-2024
4500281,4068367936,78678612,3,Not worth the price I paid.,App Experience,Negative,21-09-2024
1932105,8063730776,95912198,1,I had a bad experience.,Product Quality,Negative,21-09-2024
8230467,6112199794,77086539,5,"Overall good experience, thank you!",App Experience,Positive,21-09-2024
8946524,1674463798,52085702,4,The product met my expectations.,App Experience,Neutral,21-09-2024
9343709,5678676134,76917159,4,"Delivery was fine, but the product could be better.",Delivery,Neutral,21-09-2024
4666307,8361280131,28280172,5,Highly recommended!,App Experience,Positive,21-09-2024
5425735,1317016672,87256913,1,Customer service was not helpful.,App Experience,Negative,21-09-2024
1687361,7087374685,48268435,4,Good selection of products.,Customer Service,Positive,21-09-2024
9887729,6694899030,36142455,5,Very fresh and well-packaged.,App Experience,Positive,21-09-2024
6712892,3047491006,61182897,1,Taste was not as expected.,Product Quality,Negative,21-09-2024
2025024,4819831152,66886852,5,"Excellent quality, will buy again!",Product Quality,Positive,22-09-2024
3884291,4158839033,38969732,3,Taste was not as expected.,App Experience,Negative,22-09-2024
1424986,8884350133,55425478,1,Delivery was late and I was unhappy.,Delivery,Negative,22-09-2024
8867242,5506634472,6579892,4,"Overall good experience, thank you!",App Experience,Positive,22-09-2024
482108,9185164487,45477575,3,"It was okay, nothing special.",App Experience,Neutral,23-09-2024
8658242,9208156337,39959491,2,Delivery was late and I was unhappy.,Customer Service,Negative,23-09-2024
4482998,5456672526,52757321,4,"It was okay, nothing special.",Customer Service,Neutral,23-09-2024
7151122,347093563,31026200,1,Very disappointed with the quality.,Customer Service,Negative,23-09-2024
7974999,5587148302,32635818,4,Will definitely order again.,Product Quality,Positive,23-09-2024
9300474,6774241153,29272253,3,"Average experience, could improve.",Customer Service,Neutral,23-09-2024
7669771,680476823,75739462,4,"Average experience, could improve.",Customer Service,Neutral,23-09-2024
6894950,576571858,26285589,3,The order was incorrect.,App Experience,Negative,23-09-2024
6817054,3922539531,10048910,4,"Delivery was fine, but the product could be better.",Delivery,Neutral,24-09-2024
5862796,4112426763,97825663,2,Very disappointed with the quality.,Product Quality,Negative,24-09-2024
9807295,5023958886,12832151,5,"Excellent quality, will buy again!",Customer Service,Positive,24-09-2024
7538534,7729557529,59252433,3,"Average experience, could improve.",App Experience,Neutral,24-09-2024
3526374,8247327365,30065862,3,The packaging was poor.,Delivery,Negative,25-09-2024
1919314,2860246948,8791577,3,"It was okay, nothing special.",Product Quality,Neutral,25-09-2024
3579072,3444569396,57967753,5,Customer service was very helpful.,Customer Service,Positive,25-09-2024
7129375,9742218709,83412446,3,The product met my expectations.,Product Quality,Neutral,25-09-2024
2085986,544919267,54923640,5,Highly recommended!,Product Quality,Positive,25-09-2024
1003704,340451825,87691707,4,Highly recommended!,Customer Service,Positive,25-09-2024
7620281,1975300826,35885052,4,Highly recommended!,Customer Service,Positive,25-09-2024
3355628,8869292457,12851610,5,Items were in perfect condition.,Product Quality,Positive,25-09-2024
7114766,731371161,57566548,4,Good selection of products.,Delivery,Positive,25-09-2024
5787492,8726185624,57505804,3,Very disappointed with the quality.,Customer Service,Negative,25-09-2024
1882002,1393100618,33295496,2,The order was incorrect.,App Experience,Negative,25-09-2024
7247315,5456484560,62600289,2,Taste was not as expected.,Delivery,Negative,26-09-2024
7114455,5816647866,81420960,4,"Average experience, could improve.",Product Quality,Neutral,26-09-2024
998183,328909145,36146306,4,"Nothing to complain about, but nothing exceptional.",Delivery,Neutral,26-09-2024
5767393,2806868282,67952740,3,The packaging was poor.,Delivery,Negative,26-09-2024
4702181,1446221570,59216664,5,Highly recommended!,Customer Service,Positive,26-09-2024
5417463,5401466202,12305040,4,Will definitely order again.,Product Quality,Positive,26-09-2024
3361006,9874112459,12799092,4,"Delivery was fine, but the product could be better.",Delivery,Neutral,26-09-2024
213014,4274182127,22020776,2,The packaging was poor.,Customer Service,Negative,26-09-2024
3801127,7544245121,87160527,5,Great prices and fast delivery!,Customer Service,Positive,26-09-2024
7347232,2247354978,6668498,5,Great prices and fast delivery!,Delivery,Positive,26-09-2024
6222962,489762747,19482392,3,Items were missing from my order.,Customer Service,Negative,27-09-2024
4586251,5205211911,57662767,5,"Overall good experience, thank you!",Product Quality,Positive,27-09-2024
428746,7484465509,73393269,1,The packaging was poor.,Customer Service,Negative,27-09-2024
8698468,6924226309,62526567,4,"Delivery was fine, but the product could be better.",Product Quality,Neutral,27-09-2024
8255813,5393373590,5712468,4,"It was okay, nothing special.",Customer Service,Neutral,27-09-2024
1259060,8049805410,23098216,2,Product was damaged during delivery.,Delivery,Negative,27-09-2024
5063997,4432235479,9278983,2,Product was damaged during delivery.,Delivery,Negative,27-09-2024
4909828,6074313668,77614510,4,Highly recommended!,Customer Service,Positive,27-09-2024
5554616,8322543480,34668988,3,The product met my expectations.,Delivery,Neutral,27-09-2024
6518834,3263203775,44888581,1,Not worth the price I paid.,Product Quality,Negative,28-09-2024
8415081,6659747528,43034188,3,Items were missing from my order.,Delivery,Negative,28-09-2024
8662941,3798769654,75913572,5,"Overall good experience, thank you!",Product Quality,Positive,28-09-2024
5161924,8071046067,33651554,2,The packaging was poor.,Product Quality,Negative,28-09-2024
6426351,1661854320,79169760,1,Items were missing from my order.,Product Quality,Negative,28-09-2024
3416664,5263181887,90150193,5,Will definitely order again.,App Experience,Positive,28-09-2024
8412265,5327721432,13585482,4,"Average experience, could improve.",Customer Service,Neutral,28-09-2024
1570551,7155488252,12090436,2,The order was incorrect.,Customer Service,Negative,28-09-2024
5890747,4032847942,10857389,4,Will definitely order again.,Product Quality,Positive,28-09-2024
6745359,6092663288,51341672,4,Great prices and fast delivery!,Delivery,Positive,28-09-2024
8316237,6405947025,19375332,3,The product met my expectations.,App Experience,Neutral,28-09-2024
5755357,7357811417,26364643,4,The product met my expectations.,Product Quality,Neutral,29-09-2024
4894139,3293988248,89986926,1,I had a bad experience.,App Experience,Negative,29-09-2024
9781975,4178578583,69340015,1,Delivery was late and I was unhappy.,App Experience,Negative,29-09-2024
4832505,4762084133,72564495,4,"It was okay, nothing special.",Customer Service,Neutral,29-09-2024
6843196,2744486953,73891999,5,Highly recommended!,Customer Service,Positive,29-09-2024
6743836,87784691,92583164,3,"Delivery was fine, but the product could be better.",App Experience,Neutral,29-09-2024
4059087,707035635,61618079,5,Highly recommended!,Delivery,Positive,29-09-2024
6092101,6032675432,63368244,5,Great prices and fast delivery!,Product Quality,Positive,29-09-2024
9054314,9690396315,46563355,3,Taste was not as expected.,App Experience,Negative,29-09-2024
8193270,6649631729,75640174,3,"It was okay, nothing special.",Product Quality,Neutral,30-09-2024
505569,964698323,81763298,2,The packaging was poor.,App Experience,Negative,30-09-2024
7297081,4274404843,48418662,1,Not worth the price I paid.,Delivery,Negative,30-09-2024
5638985,931834374,17392512,1,I had a bad experience.,Product Quality,Negative,30-09-2024
1029897,8285784194,17390673,2,Delivery was late and I was unhappy.,Customer Service,Negative,30-09-2024
4738483,3917024194,53640286,5,Good selection of products.,Product Quality,Positive,30-09-2024
3762488,7941755463,19705695,3,Customer service was not helpful.,Customer Service,Negative,30-09-2024
7787531,9959881029,35782051,4,"Nothing to complain about, but nothing exceptional.",Delivery,Neutral,30-09-2024
6303815,4786027510,5001749,4,"It was okay, nothing special.",Delivery,Neutral,30-09-2024
4347700,5357089776,44223796,2,The order was incorrect.,Customer Service,Negative,30-09-2024
3988891,7136165651,59485034,3,Product was damaged during delivery.,App Experience,Negative,30-09-2024
6790063,1593291198,93122847,1,Very disappointed with the quality.,Product Quality,Negative,30-09-2024
299250,403352765,4057678,5,Very happy with the service!,Delivery,Positive,30-09-2024
1216662,5859787209,8628482,3,"Delivery was fine, but the product could be better.",Delivery,Neutral,30-09-2024
6850635,5331747573,3588443,4,"It was okay, nothing special.",Delivery,Neutral,30-09-2024
,,,,,,,
,,,,,,,
,,,,,,,
,,,,,,,
,,,,,,,
,,,,,,,
,,,,,,,
,,,,,,,
,,,,,,,
,,,,,,,
,,,,,,,
,,,,,,,
,,,,,,,
,,,,,,,
,,,,,,,
,,,,,,,
,,,,,,,
,,,,,,,
,,,,,,,
,,,,,,,
,,,,,,,
,,,,,,,
,,,,,,,
,,,,,,,
,,,,,,,
,,,,,,,
,,,,,,,
,,,,,,,
,,,,,,,
,,,,,,,
,,,,,,,
,,,,,,,
,,,,,,,
,,,,,,,
,,,,,,,
,,,,,,,
,,,,,,,
,,,,,,,
,,,,,,,
,,,,,,,
,,,,,,,
,,,,,,,
,,,,,,,
,,,,,,,
,,,,,,,
,,,,,,,
,,,,,,,
,,,,,,,
,,,,,,,
,,,,,,,
,,,,,,,
,,,,,,,
,,,,,,,
,,,,,,,
,,,,,,,
,,,,,,,
,,,,,,,
,,,,,,,
,,,,,,,
,,,,,,,
,,,,,,,
,,,,,,,
,,,,,,,
,,,,,,,
,,,,,,,
,,,,,,,
,,,,,,,
,,,,,,,
,,,,,,,
,,,,,,,
,,,,,,,
,,,,,,,
,,,,,,,
,,,,,,,
,,,,,,,
,,,,,,,
,,,,,,,
,,,,,,,
,,,,,,,
,,,,,,,
,,,,,,,
,,,,,,,
,,,,,,,
,,,,,,,
,,,,,,,
,,,,,,,
,,,,,,,
,,,,,,,
,,,,,,,
,,,,,,,
,,,,,,,
,,,,,,,
,,,,,,,
,,,,,,,
,,,,,,,
,,,,,,,
,,,,,,,
,,,,,,,
,,,,,,,
,,,,,,,
,,,,,,,
,,,,,,,
,,,,,,,
,,,,,,,
,,,,,,,
,,,,,,,
,,,,,,,
,,,,,,,
,,,,,,,
,,,,,,,
,,,,,,,
,,,,,,,
,,,,,,,
,,,,,,,
,,,,,,,
,,,,,,,
,,,,,,,
,,,,,,,
,,,,,,,
,,,,,,,
,,,,,,,
,,,,,,,
,,,,,,,
,,,,,,,
,,,,,,,
,,,,,,,
,,,,,,,
,,,,,,,
,,,,,,,
,,,,,,,
,,,,,,,
,,,,,,,
,,,,,,,
,,,,,,,
,,,,,,,
,,,,,,,
,,,,,,,
,,,,,,,
,,,,,,,
,,,,,,,
,,,,,,,
,,,,,,,
,,,,,,,
,,,,,,,
,,,,,,,
,,,,,,,
,,,,,,,
,,,,,,,
,,,,,,,
,,,,,,,
,,,,,,,
,,,,,,,
,,,,,,,
,,,,,,,
,,,,,,,
,,,,,,,
,,,,,,,
,,,,,,,
,,,,,,,
,,,,,,,
,,,,,,,
,,,,,,,
,,,,,,,
,,,,,,,
,,,,,,,
,,,,,,,
,,,,,,,
,,,,,,,
,,,,,,,
,,,,,,,
,,,,,,,
,,,,,,,
,,,,,,,
,,,,,,,
,,,,,,,
,,,,,,,
,,,,,,,
,,,,,,,
,,,,,,,
,,,,,,,
,,,,,,,
,,,,,,,
,,,,,,,
,,,,,,,
,,,,,,,
,,,,,,,
,,,,,,,
,,,,,,,
,,,,,,,
,,,,,,,
,,,,,,,
,,,,,,,
,,,,,,,
,,,,,,,
,,,,,,,
,,,,,,,
,,,,,,,
,,,,,,,
,,,,,,,
,,,,,,,
,,,,,,,
,,,,,,,
,,,,,,,
,,,,,,,
,,,,,,,
,,,,,,,
,,,,,,,
,,,,,,,
,,,,,,,
,,,,,,,
,,,,,,,
,,,,,,,
,,,,,,,
,,,,,,,
,,,,,,,
,,,,,,,
,,,,,,,
,,,,,,,
,,,,,,,
,,,,,,,
,,,,,,,
,,,,,,,
,,,,,,,
,,,,,,,
,,,,,,,
,,,,,,,
,,,,,,,
,,,,,,,
,,,,,,,
,,,,,,,
,,,,,,,
,,,,,,,
,,,,,,,
,,,,,,,
,,,,,,,
,,,,,,,
,,,,,,,
,,,,,,,
,,,,,,,
,,,,,,,
,,,,,,,
,,,,,,,
,,,,,,,
,,,,,,,
,,,,,,,
,,,,,,,
,,,,,,,
,,,,,,,
,,,,,,,
,,,,,,,
,,,,,,,
,,,,,,,
,,,,,,,
,,,,,,,
,,,,,,,
,,,,,,,
,,,,,,,
,,,,,,,
,,,,,,,
,,,,,,,
,,,,,,,
,,,,,,,
,,,,,,,
,,,,,,,
,,,,,,,
,,,,,,,
,,,,,,,
,,,,,,,
,,,,,,,
,,,,,,,
,,,,,,,
,,,,,,,
,,,,,,,
,,,,,,,
,,,,,,,
,,,,,,,
,,,,,,,
